"site","date","value","usable","quality"
"Allanfearn","2021-06-01","852",TRUE,"Weak Positive"
"Allanfearn","2020-09-01","2353",TRUE,"Positive (DNQ)"
"Allanfearn","2021-09-01","645198",TRUE,"Positive"
"Allanfearn","2021-10-01","117328",TRUE,"Positive"
"Allanfearn","2021-11-01","90051",TRUE,"Positive"
"Allanfearn","2020-12-01","3061",TRUE,"Positive (DNQ)"
"Allanfearn","2021-12-01","144194",TRUE,"Positive"
"Allanfearn","2021-02-02","31607",TRUE,"Positive"
"Allanfearn","2021-04-02","597",TRUE,"Weak Positive"
"Allanfearn","2021-06-02","0",TRUE,"Negative"
"Allanfearn","2021-07-02","98432",TRUE,"Positive"
"Allanfearn","2021-08-02","56164",TRUE,"Positive"
"Allanfearn","2020-09-02","2912",TRUE,"Weak Positive"
"Allanfearn","2021-09-02","709834",TRUE,"Positive"
"Allanfearn","2020-10-02","1982",TRUE,"Positive (DNQ)"
"Allanfearn","2020-11-02","6749",TRUE,"Positive (DNQ)"
"Allanfearn","2020-12-02","2215",TRUE,"Positive (DNQ)"
"Allanfearn","2021-02-03","35619",TRUE,"Positive"
"Allanfearn","2021-05-03","796",TRUE,"Weak Positive"
"Allanfearn","2021-08-03","43934",TRUE,"Positive"
"Allanfearn","2021-09-03",,FALSE,"Analysis Failed"
"Allanfearn","2020-11-03","16654",TRUE,"Positive"
"Allanfearn","2021-11-03","45107",TRUE,"Positive"
"Allanfearn","2021-01-04","70482",TRUE,"Positive"
"Allanfearn","2021-06-04","743",TRUE,"Weak Positive"
"Allanfearn","2021-08-04","41472",TRUE,"Positive"
"Allanfearn","2020-09-04","7868",TRUE,"Positive (DNQ)"
"Allanfearn","2020-11-04","4220",TRUE,"Positive (DNQ)"
"Allanfearn","2020-12-04","2715",TRUE,"Positive (DNQ)"
"Allanfearn","2021-01-05","55044",TRUE,"Positive"
"Allanfearn","2021-02-05","41432",TRUE,"Positive"
"Allanfearn","2021-03-05","10975",TRUE,"Positive"
"Allanfearn","2021-07-05","158210",TRUE,"Positive"
"Allanfearn","2020-10-05","5518",TRUE,"Positive (DNQ)"
"Allanfearn","2021-10-05","98563",TRUE,"Positive"
"Allanfearn","2021-11-05","1786",TRUE,"Weak Positive"
"Allanfearn","2021-01-06","82734",TRUE,"Positive"
"Allanfearn","2021-04-06","15255",TRUE,"Positive"
"Allanfearn","2021-07-06","148209",TRUE,"Positive"
"Allanfearn","2021-08-06","32180",TRUE,"Positive"
"Allanfearn","2021-09-06","432453",TRUE,"Positive"
"Allanfearn","2020-10-06","3496",TRUE,"Positive (DNQ)"
"Allanfearn","2021-10-06","55160",TRUE,"Positive"
"Allanfearn","2020-11-06","6349",TRUE,"Positive (DNQ)"
"Allanfearn","2021-12-06","155588",TRUE,"Positive"
"Allanfearn","2021-04-07","4722",TRUE,"Positive (DNQ)"
"Allanfearn","2021-05-07","32418",TRUE,"Positive"
"Allanfearn","2021-07-07","110442",TRUE,"Positive"
"Allanfearn","2020-09-07","2825",TRUE,"Positive (DNQ)"
"Allanfearn","2021-09-07","1313311",TRUE,"Positive"
"Allanfearn","2020-10-07","3004",TRUE,"Positive (DNQ)"
"Allanfearn","2020-12-07","448",TRUE,"Weak Positive"
"Allanfearn","2021-12-07","166736",TRUE,"Positive"
"Allanfearn","2021-02-08","45465",TRUE,"Positive"
"Allanfearn","2021-03-08","17465",TRUE,"Positive"
"Allanfearn","2020-09-08","7171",TRUE,"Positive (DNQ)"
"Allanfearn","2021-09-08","286147",TRUE,"Positive"
"Allanfearn","2021-10-08","62879",TRUE,"Positive"
"Allanfearn","2021-11-08","56300",TRUE,"Positive"
"Allanfearn","2020-12-08","0",TRUE,"Negative"
"Allanfearn","2021-03-09","42959",TRUE,"Positive"
"Allanfearn","2021-04-09","7304",TRUE,"Positive (DNQ)"
"Allanfearn","2021-06-09","0",TRUE,"Negative"
"Allanfearn","2021-07-09","207912",TRUE,"Positive"
"Allanfearn","2020-09-09","379",TRUE,"Weak Positive"
"Allanfearn","2020-11-09","2540",TRUE,"Positive (DNQ)"
"Allanfearn","2020-12-09","0",TRUE,"Negative"
"Allanfearn","2021-12-09","12699",TRUE,"Positive"
"Allanfearn","2021-02-10","72455",TRUE,"Positive"
"Allanfearn","2021-03-10","33509",TRUE,"Positive"
"Allanfearn","2021-05-10","1706",TRUE,"Positive (DNQ)"
"Allanfearn","2021-06-10","1287",TRUE,"Weak Positive"
"Allanfearn","2021-08-10","24189",TRUE,"Positive"
"Allanfearn","2021-09-10","176275",TRUE,"Positive"
"Allanfearn","2021-11-10","52602",TRUE,"Positive"
"Allanfearn","2021-12-10","19960",TRUE,"Positive"
"Allanfearn","2021-01-11","102770",TRUE,"Positive"
"Allanfearn","2021-06-11","5865",TRUE,"Positive (DNQ)"
"Allanfearn","2021-08-11","30467",TRUE,"Positive"
"Allanfearn","2020-09-11","1006",TRUE,"Weak Positive"
"Allanfearn","2020-11-11","3038",TRUE,"Positive (DNQ)"
"Allanfearn","2020-12-11","5982",TRUE,"Positive (DNQ)"
"Allanfearn","2021-01-12","36182",TRUE,"Positive"
"Allanfearn","2021-03-12","55268",TRUE,"Positive"
"Allanfearn","2021-04-12","2976",TRUE,"Positive (DNQ)"
"Allanfearn","2021-05-12","4616",TRUE,"Positive (DNQ)"
"Allanfearn","2021-07-12","87590",TRUE,"Positive"
"Allanfearn","2020-10-12","2650",TRUE,"Positive (DNQ)"
"Allanfearn","2021-10-12","52850",TRUE,"Positive"
"Allanfearn","2021-11-12","67430",TRUE,"Positive"
"Allanfearn","2021-01-13","122424",TRUE,"Positive"
"Allanfearn","2021-04-13","2387",TRUE,"Positive (DNQ)"
"Allanfearn","2021-05-13","18140",TRUE,"Positive"
"Allanfearn","2021-07-13","80936",TRUE,"Positive"
"Allanfearn","2021-08-13","77208",TRUE,"Positive"
"Allanfearn","2021-09-13","295005",TRUE,"Positive"
"Allanfearn","2020-10-13","2630",TRUE,"Positive (DNQ)"
"Allanfearn","2021-10-13","98044",TRUE,"Positive"
"Allanfearn","2020-11-13","5998",TRUE,"Positive (DNQ)"
"Allanfearn","2021-12-13","22538",TRUE,"Positive"
"Allanfearn","2021-05-14","9469",TRUE,"Positive (DNQ)"
"Allanfearn","2021-06-14","3985",TRUE,"Positive (DNQ)"
"Allanfearn","2020-09-14","1302",TRUE,"Weak Positive"
"Allanfearn","2021-09-14","312737",TRUE,"Positive"
"Allanfearn","2020-10-14","4750",TRUE,"Positive (DNQ)"
"Allanfearn","2021-10-14","66516",TRUE,"Positive"
"Allanfearn","2020-12-14","3819",TRUE,"Positive (DNQ)"
"Allanfearn","2021-01-15","47935",TRUE,"Positive"
"Allanfearn","2021-02-15","31065",TRUE,"Positive"
"Allanfearn","2021-03-15","26433",TRUE,"Positive"
"Allanfearn","2021-06-15","15125",TRUE,"Positive"
"Allanfearn","2020-09-15","1686",TRUE,"Positive (DNQ)"
"Allanfearn","2021-10-15","168984",TRUE,"Positive"
"Allanfearn","2021-11-15","112717",TRUE,"Positive"
"Allanfearn","2021-12-15","124993",TRUE,"Positive"
"Allanfearn","2021-02-16","58541",TRUE,"Positive"
"Allanfearn","2021-03-16","3090",TRUE,"Positive (DNQ)"
"Allanfearn","2021-06-16","8613",TRUE,"Positive (DNQ)"
"Allanfearn","2021-07-16","113598",TRUE,"Positive"
"Allanfearn","2021-08-16","27743",TRUE,"Positive"
"Allanfearn","2020-09-16","325",TRUE,"Weak Positive"
"Allanfearn","2020-10-16","8390",TRUE,"Positive (DNQ)"
"Allanfearn","2020-11-16","4449",TRUE,"Positive (DNQ)"
"Allanfearn","2020-12-16","4020",TRUE,"Positive (DNQ)"
"Allanfearn","2021-02-17","13421",TRUE,"Positive"
"Allanfearn","2021-03-17","3874",TRUE,"Positive (DNQ)"
"Allanfearn","2021-05-17","1131",TRUE,"Weak Positive"
"Allanfearn","2021-08-17","44701",TRUE,"Positive"
"Allanfearn","2021-09-17","334405",TRUE,"Positive"
"Allanfearn","2020-11-17","11680",TRUE,"Positive"
"Allanfearn","2021-11-17","44245",TRUE,"Positive"
"Allanfearn","2021-01-18","67382",TRUE,"Positive"
"Allanfearn","2021-05-18","730",TRUE,"Weak Positive"
"Allanfearn","2021-06-18","6776",TRUE,"Positive (DNQ)"
"Allanfearn","2021-08-18","60093",TRUE,"Positive"
"Allanfearn","2020-09-18","1142",TRUE,"Weak Positive"
"Allanfearn","2021-10-18","77238",TRUE,"Positive"
"Allanfearn","2020-11-18","7368",TRUE,"Positive (DNQ)"
"Allanfearn","2021-01-19","33430",TRUE,"Positive"
"Allanfearn","2021-02-19","59022",TRUE,"Positive"
"Allanfearn","2021-03-19","32887",TRUE,"Positive"
"Allanfearn","2021-05-19","492",TRUE,"Weak Positive"
"Allanfearn","2020-10-19","1626",TRUE,"Positive (DNQ)"
"Allanfearn","2021-10-19","45174",TRUE,"Positive"
"Allanfearn","2021-01-20","15131",TRUE,"Positive"
"Allanfearn","2021-07-20","78213",TRUE,"Positive"
"Allanfearn","2021-08-20","175738",TRUE,"Positive"
"Allanfearn","2021-09-20","107087",TRUE,"Positive"
"Allanfearn","2020-10-20","9649",TRUE,"Positive (DNQ)"
"Allanfearn","2021-10-20","43636",TRUE,"Positive"
"Allanfearn","2021-12-20","191008",TRUE,"Positive"
"Allanfearn","2021-05-21","0",TRUE,"Negative"
"Allanfearn","2021-06-21","6350",TRUE,"Positive (DNQ)"
"Allanfearn","2021-07-21","86700",TRUE,"Positive"
"Allanfearn","2020-09-21","0",TRUE,"Negative"
"Allanfearn","2021-09-21","222711",TRUE,"Positive"
"Allanfearn","2020-10-21","3849",TRUE,"Positive (DNQ)"
"Allanfearn","2021-10-21","76101",TRUE,"Positive"
"Allanfearn","2021-01-22","29462",TRUE,"Positive"
"Allanfearn","2021-02-22","70399",TRUE,"Positive"
"Allanfearn","2021-03-22","12615",TRUE,"Positive"
"Allanfearn","2021-06-22","41267",TRUE,"Positive"
"Allanfearn","2021-07-22","92510",TRUE,"Positive"
"Allanfearn","2020-09-22","5867",TRUE,"Positive (DNQ)"
"Allanfearn","2021-09-22","243526",TRUE,"Positive"
"Allanfearn","2021-11-22","165322",TRUE,"Positive"
"Allanfearn","2021-02-23","35213",TRUE,"Positive"
"Allanfearn","2021-03-23","45045",TRUE,"Positive"
"Allanfearn","2021-04-23","8421",TRUE,"Positive (DNQ)"
"Allanfearn","2021-06-23","12483",TRUE,"Positive"
"Allanfearn","2021-07-23","94067",TRUE,"Positive"
"Allanfearn","2021-08-23","207305",TRUE,"Positive"
"Allanfearn","2020-09-23","5875",TRUE,"Positive (DNQ)"
"Allanfearn","2020-10-23","28103",TRUE,"Positive"
"Allanfearn","2020-11-23","0",TRUE,"Negative"
"Allanfearn","2021-11-23","166588",TRUE,"Positive"
"Allanfearn","2021-02-24","12242",TRUE,"Positive"
"Allanfearn","2021-03-24","35711",TRUE,"Positive"
"Allanfearn","2021-08-24","180701",TRUE,"Positive"
"Allanfearn","2021-09-24","182538",TRUE,"Positive"
"Allanfearn","2020-11-24","3887",TRUE,"Positive (DNQ)"
"Allanfearn","2021-05-25","511",TRUE,"Weak Positive"
"Allanfearn","2021-06-25","34094",TRUE,"Positive"
"Allanfearn","2021-08-25","317356",TRUE,"Positive"
"Allanfearn","2020-09-25","5033",TRUE,"Positive (DNQ)"
"Allanfearn","2021-10-25","46463",TRUE,"Positive"
"Allanfearn","2020-11-25","28105",TRUE,"Positive"
"Allanfearn","2021-01-26","33625",TRUE,"Positive"
"Allanfearn","2021-03-26","31291",TRUE,"Positive"
"Allanfearn","2021-05-26","0",TRUE,"Negative"
"Allanfearn","2021-07-26","112407",TRUE,"Positive"
"Allanfearn","2020-10-26","9109",TRUE,"Positive (DNQ)"
"Allanfearn","2021-10-26","156278",TRUE,"Positive"
"Allanfearn","2021-02-27","12775",TRUE,"Positive"
"Allanfearn","2021-04-27","4780",TRUE,"Positive (DNQ)"
"Allanfearn","2021-07-27","175138",TRUE,"Positive"
"Allanfearn","2021-08-27","454669",TRUE,"Positive"
"Allanfearn","2020-10-27","4157",TRUE,"Positive (DNQ)"
"Allanfearn","2021-10-27","179109",TRUE,"Positive"
"Allanfearn","2021-04-28","1058",TRUE,"Weak Positive"
"Allanfearn","2021-05-28","1293",TRUE,"Weak Positive"
"Allanfearn","2021-06-28","97953",TRUE,"Positive"
"Allanfearn","2021-07-28","60354",TRUE,"Positive"
"Allanfearn","2020-09-28","1545",TRUE,"Positive (DNQ)"
"Allanfearn","2021-09-28","65569",TRUE,"Positive"
"Allanfearn","2020-10-28","0",TRUE,"Negative"
"Allanfearn","2021-01-29","44044",TRUE,"Positive"
"Allanfearn","2021-03-29",,FALSE,"Analysis Failed"
"Allanfearn","2021-03-29",,FALSE,"Analysis Failed"
"Allanfearn","2021-06-29","81673",TRUE,"Positive"
"Allanfearn","2020-09-29","2678",TRUE,"Positive (DNQ)"
"Allanfearn","2021-09-29","108140",TRUE,"Positive"
"Allanfearn","2021-10-29","245371",TRUE,"Positive"
"Allanfearn","2021-11-29","194730",TRUE,"Positive"
"Allanfearn","2021-03-30","2764",TRUE,"Positive (DNQ)"
"Allanfearn","2021-07-30","171697",TRUE,"Positive"
"Allanfearn","2020-09-30","1366",TRUE,"Positive (DNQ)"
"Allanfearn","2020-10-30","107813",TRUE,"Positive"
"Allanfearn","2020-11-30","5324",TRUE,"Positive (DNQ)"
"Allanfearn","2021-03-31","588",TRUE,"Weak Positive"
"Allanfearn","2021-05-31","1387",TRUE,"Positive (DNQ)"
"Allanfearn","2021-08-31","318495",TRUE,"Positive"
"Allers","2021-03-01","15091",TRUE,"Positive"
"Allers","2021-04-01","8910",TRUE,"Positive (DNQ)"
"Allers","2021-10-01","77248",TRUE,"Positive"
"Allers","2021-11-01","57559",TRUE,"Positive"
"Allers","2021-02-02","44506",TRUE,"Positive"
"Allers","2021-07-02","317623",TRUE,"Positive"
"Allers","2021-05-06","7443",TRUE,"Positive (DNQ)"
"Allers","2021-12-06","243833",TRUE,"Positive"
"Allers","2021-01-08","164611",TRUE,"Positive"
"Allers","2021-02-08","12350",TRUE,"Positive"
"Allers","2021-04-08","3857",TRUE,"Positive (DNQ)"
"Allers","2021-11-08","310774",TRUE,"Positive"
"Allers","2021-07-09","274111",TRUE,"Positive"
"Allers","2021-06-10","9470",TRUE,"Positive (DNQ)"
"Allers","2021-09-10","1081826",TRUE,"Positive"
"Allers","2021-03-11","2164",TRUE,"Positive (DNQ)"
"Allers","2021-01-13","160353",TRUE,"Positive"
"Allers","2021-05-13","10590",TRUE,"Positive"
"Allers","2021-12-13","249906",TRUE,"Positive"
"Allers","2021-06-14","14018",TRUE,"Positive"
"Allers","2021-04-15","15269",TRUE,"Positive"
"Allers","2021-11-15","237807",TRUE,"Positive"
"Allers","2021-02-16","60768",TRUE,"Positive"
"Allers","2021-07-16","172052",TRUE,"Positive"
"Allers","2021-09-16","299940",TRUE,"Positive"
"Allers","2021-10-18","123163",TRUE,"Positive"
"Allers","2021-01-19","60401",TRUE,"Positive"
"Allers","2021-03-19","3334",TRUE,"Positive (DNQ)"
"Allers","2021-05-21","2386",TRUE,"Positive (DNQ)"
"Allers","2021-02-22","46774",TRUE,"Positive"
"Allers","2021-11-22","374575",TRUE,"Positive"
"Allers","2021-07-23","108883",TRUE,"Positive"
"Allers","2021-09-23","138315",TRUE,"Positive"
"Allers","2021-03-24","3694",TRUE,"Positive (DNQ)"
"Allers","2021-01-25","70511",TRUE,"Positive"
"Allers","2021-06-25","77538",TRUE,"Positive"
"Allers","2021-05-26","4087",TRUE,"Positive (DNQ)"
"Allers","2021-10-26","41069",TRUE,"Positive"
"Allers","2021-12-29","449283",TRUE,"Positive"
"Allers","2021-04-30","12276",TRUE,"Positive"
"Allers","2021-07-30","182675",TRUE,"Positive"
"Allers","2021-08-30","960625",TRUE,"Positive"
"Allers","2021-05-31","12959",TRUE,"Positive"
"Allers - St Leonards","2021-04-06","700",TRUE,"Weak Positive"
"Allers - St Leonards","2021-04-07","453",TRUE,"Weak Positive"
"Allers - St Leonards","2021-04-08","21179",TRUE,"Positive"
"Allers - St Leonards","2021-04-09","2654",TRUE,"Positive (DNQ)"
"Allers - St Leonards","2021-04-10","106163",TRUE,"Positive"
"Allers - St Leonards","2021-04-14","1174",TRUE,"Weak Positive"
"Allers - St Leonards","2021-04-16","251",TRUE,"Weak Positive"
"Allers - St Leonards","2021-04-26","40169",TRUE,"Positive"
"Alloa","2021-02-01","95838",TRUE,"Positive"
"Alloa","2021-03-01","20098",TRUE,"Positive"
"Alloa","2021-04-01","25824",TRUE,"Positive"
"Alloa","2021-09-01","387159",TRUE,"Positive"
"Alloa","2021-03-02","11696",TRUE,"Positive"
"Alloa","2021-06-02","67129",TRUE,"Positive"
"Alloa","2021-07-02","109200",TRUE,"Positive"
"Alloa","2021-11-02","71992",TRUE,"Positive"
"Alloa","2021-02-03","14987",TRUE,"Positive"
"Alloa","2021-03-03","20216",TRUE,"Positive"
"Alloa","2021-08-03","88742",TRUE,"Positive"
"Alloa","2021-05-04","13576",TRUE,"Positive"
"Alloa","2021-10-04","131851",TRUE,"Positive"
"Alloa","2021-11-04","78999",TRUE,"Positive"
"Alloa","2021-01-05","42938",TRUE,"Positive"
"Alloa","2021-04-05","53864",TRUE,"Positive"
"Alloa","2021-01-06","211953",TRUE,"Positive"
"Alloa","2021-04-06",,FALSE,"Analysis Failed"
"Alloa","2021-05-06","27729",TRUE,"Positive"
"Alloa","2021-07-06","60842",TRUE,"Positive"
"Alloa","2021-08-06","80689",TRUE,"Positive"
"Alloa","2021-09-06","784602",TRUE,"Positive"
"Alloa","2021-01-07","78204",TRUE,"Positive"
"Alloa","2021-06-07","66794",TRUE,"Positive"
"Alloa","2021-02-08","58258",TRUE,"Positive"
"Alloa","2021-03-08","19447",TRUE,"Positive"
"Alloa","2021-04-08","13855",TRUE,"Positive"
"Alloa","2021-07-08","90835",TRUE,"Positive"
"Alloa","2021-09-08","437785",TRUE,"Positive"
"Alloa","2021-03-09","36814",TRUE,"Positive"
"Alloa","2021-08-09","85928",TRUE,"Positive"
"Alloa","2021-11-09","142715",TRUE,"Positive"
"Alloa","2021-12-09","94273",TRUE,"Positive"
"Alloa","2021-02-10","56118",TRUE,"Positive"
"Alloa","2021-03-10","38277",TRUE,"Positive"
"Alloa","2021-06-10","40954",TRUE,"Positive"
"Alloa","2021-01-11","115040",TRUE,"Positive"
"Alloa","2021-05-11","27906",TRUE,"Positive"
"Alloa","2021-08-11","48391",TRUE,"Positive"
"Alloa","2021-10-11","56643",TRUE,"Positive"
"Alloa","2021-11-11","88743",TRUE,"Positive"
"Alloa","2021-01-12","145058",TRUE,"Positive"
"Alloa","2021-04-12","20591",TRUE,"Positive"
"Alloa","2021-07-12","208317",TRUE,"Positive"
"Alloa","2021-01-13","144388",TRUE,"Positive"
"Alloa","2021-04-13","16162",TRUE,"Positive"
"Alloa","2021-10-13","112167",TRUE,"Positive"
"Alloa","2021-05-14","31831",TRUE,"Positive"
"Alloa","2021-06-14","21299",TRUE,"Positive"
"Alloa","2021-09-14","234712",TRUE,"Positive"
"Alloa","2021-03-15","9136",TRUE,"Positive (DNQ)"
"Alloa","2021-04-15","23457",TRUE,"Positive"
"Alloa","2021-10-15","185875",TRUE,"Positive"
"Alloa","2020-12-15","34953",TRUE,"Positive"
"Alloa","2021-03-16","13061",TRUE,"Positive"
"Alloa","2021-08-16","243591",TRUE,"Positive"
"Alloa","2021-09-16","155926",TRUE,"Positive"
"Alloa","2021-11-16","43837",TRUE,"Positive"
"Alloa","2020-12-16","22351",TRUE,"Positive"
"Alloa","2021-12-16","74396",TRUE,"Positive"
"Alloa","2021-02-17","7122",TRUE,"Positive (DNQ)"
"Alloa","2021-03-17","65428",TRUE,"Positive"
"Alloa","2021-06-17","44593",TRUE,"Positive"
"Alloa","2021-02-18","33139",TRUE,"Positive"
"Alloa","2021-05-18","9615",TRUE,"Positive (DNQ)"
"Alloa","2021-08-18","169252",TRUE,"Positive"
"Alloa","2021-10-18","36307",TRUE,"Positive"
"Alloa","2021-11-18","134576",TRUE,"Positive"
"Alloa","2021-02-19","15023",TRUE,"Positive"
"Alloa","2021-01-20","11836",TRUE,"Positive"
"Alloa","2021-09-20","74989",TRUE,"Positive"
"Alloa","2021-12-20",,FALSE,"Analysis Failed"
"Alloa","2021-01-21","4694",TRUE,"Positive (DNQ)"
"Alloa","2021-05-21","21303",TRUE,"Positive"
"Alloa","2021-07-21","74817",TRUE,"Positive"
"Alloa","2021-10-21","72552",TRUE,"Positive"
"Alloa","2020-12-21","3325",TRUE,"Positive (DNQ)"
"Alloa","2021-01-22","25821",TRUE,"Positive"
"Alloa","2021-02-22","36623",TRUE,"Positive"
"Alloa","2021-03-22","16087",TRUE,"Positive"
"Alloa","2021-06-22","40302",TRUE,"Positive"
"Alloa","2021-07-22","86961",TRUE,"Positive"
"Alloa","2021-02-23","45406",TRUE,"Positive"
"Alloa","2021-03-23","15195",TRUE,"Positive"
"Alloa","2021-08-23","431206",TRUE,"Positive"
"Alloa","2021-11-23","86199",TRUE,"Positive"
"Alloa","2021-02-24","10697",TRUE,"Positive"
"Alloa","2021-05-24","21387",TRUE,"Positive"
"Alloa","2021-06-24","97920",TRUE,"Positive"
"Alloa","2021-01-25","74131",TRUE,"Positive"
"Alloa","2021-03-25","54861",TRUE,"Positive"
"Alloa","2021-08-25","249791",TRUE,"Positive"
"Alloa","2021-11-25","139156",TRUE,"Positive"
"Alloa","2021-04-26","12049",TRUE,"Positive"
"Alloa","2021-05-26",,FALSE,"Analysis Failed"
"Alloa","2021-10-26","159953",TRUE,"Positive"
"Alloa","2021-01-27","16499",TRUE,"Positive"
"Alloa","2021-04-27","16852",TRUE,"Positive"
"Alloa","2021-10-28","217815",TRUE,"Positive"
"Alloa","2021-03-29",,FALSE,"Analysis Failed"
"Alloa","2021-03-29","20001",TRUE,"Positive"
"Alloa","2021-04-29","1729",TRUE,"Positive (DNQ)"
"Alloa","2021-06-30","53810",TRUE,"Positive"
"Alloa","2021-08-30","508699",TRUE,"Positive"
"Alloa","2021-09-30","281593",TRUE,"Positive"
"Alloa","2021-11-30","206461",TRUE,"Positive"
"Alloa","2021-03-31","22576",TRUE,"Positive"
"Alloa","2021-05-31","15119",TRUE,"Positive"
"Alness","2021-12-06","75796",TRUE,"Positive"
"Alness","2021-12-13","13270",TRUE,"Positive"
"Alness","2021-11-15","1406246",TRUE,"Positive"
"Alness","2021-12-16","16321",TRUE,"Positive"
"Alness","2021-11-17","157128",TRUE,"Positive"
"Alness","2021-11-22","235220",TRUE,"Positive"
"Alness","2021-11-24",,FALSE,"Analysis Failed"
"Alness","2021-11-29",,FALSE,"Analysis Failed"
"Alva","2021-03-01","21722",TRUE,"Positive"
"Alva","2021-09-01","230940",TRUE,"Positive"
"Alva","2021-03-02","7824",TRUE,"Positive (DNQ)"
"Alva","2021-07-02","114838",TRUE,"Positive"
"Alva","2021-11-02","98282",TRUE,"Positive"
"Alva","2021-06-03","169382",TRUE,"Positive"
"Alva","2021-05-04","1132",TRUE,"Positive (DNQ)"
"Alva","2021-10-04","270461",TRUE,"Positive"
"Alva","2021-11-04","92368",TRUE,"Positive"
"Alva","2021-04-06","5236",TRUE,"Positive (DNQ)"
"Alva","2021-05-06","622",TRUE,"Weak Positive"
"Alva","2021-07-06","108481",TRUE,"Positive"
"Alva","2021-06-07","78595",TRUE,"Positive"
"Alva","2021-09-07","900924",TRUE,"Positive"
"Alva","2021-12-07","42389",TRUE,"Positive"
"Alva","2021-03-08","5429",TRUE,"Positive (DNQ)"
"Alva","2021-07-08","36044",TRUE,"Positive"
"Alva","2021-03-09","41358",TRUE,"Positive"
"Alva","2021-04-09","3715",TRUE,"Positive (DNQ)"
"Alva","2021-11-09","97970",TRUE,"Positive"
"Alva","2021-06-10","35759",TRUE,"Positive"
"Alva","2021-09-10","176879",TRUE,"Positive"
"Alva","2021-05-11","3377",TRUE,"Positive (DNQ)"
"Alva","2021-11-11","122571",TRUE,"Positive"
"Alva","2021-04-12","3343",TRUE,"Positive (DNQ)"
"Alva","2021-07-12","43734",TRUE,"Positive"
"Alva","2021-04-13","1653",TRUE,"Positive (DNQ)"
"Alva","2021-05-14","1744",TRUE,"Positive (DNQ)"
"Alva","2021-06-14","20713",TRUE,"Positive"
"Alva","2021-09-14","221828",TRUE,"Positive"
"Alva","2021-12-14","194958",TRUE,"Positive"
"Alva","2021-03-15","5652",TRUE,"Positive (DNQ)"
"Alva","2021-03-16","5966",TRUE,"Positive (DNQ)"
"Alva","2021-09-16","200501",TRUE,"Positive"
"Alva","2021-11-16","98362",TRUE,"Positive"
"Alva","2021-12-16","46914",TRUE,"Positive"
"Alva","2021-06-17","62412",TRUE,"Positive"
"Alva","2021-02-18","36372",TRUE,"Positive"
"Alva","2021-10-18","212713",TRUE,"Positive"
"Alva","2021-11-18","428169",TRUE,"Positive"
"Alva","2021-02-19","106223",TRUE,"Positive"
"Alva","2021-05-19","7844",TRUE,"Positive (DNQ)"
"Alva","2021-07-19","159015",TRUE,"Positive"
"Alva","2021-09-20","73580",TRUE,"Positive"
"Alva","2021-05-21","1459",TRUE,"Positive (DNQ)"
"Alva","2021-07-21","23320",TRUE,"Positive"
"Alva","2021-10-21","162652",TRUE,"Positive"
"Alva","2021-02-22","50990",TRUE,"Positive"
"Alva","2021-03-22",,FALSE,"Analysis Failed"
"Alva","2021-03-22","8117",TRUE,"Positive (DNQ)"
"Alva","2021-06-22","58761",TRUE,"Positive"
"Alva","2021-02-23","81492",TRUE,"Positive"
"Alva","2021-03-23","4698",TRUE,"Positive (DNQ)"
"Alva","2021-11-23","211854",TRUE,"Positive"
"Alva","2021-06-24","30624",TRUE,"Positive"
"Alva","2021-11-25","300910",TRUE,"Positive"
"Alva","2021-05-26","2719",TRUE,"Positive (DNQ)"
"Alva","2021-07-26","55457",TRUE,"Positive"
"Alva","2021-10-26","267430",TRUE,"Positive"
"Alva","2021-04-27","3670",TRUE,"Positive (DNQ)"
"Alva","2021-05-28","7542",TRUE,"Positive (DNQ)"
"Alva","2021-10-28","238667",TRUE,"Positive"
"Alva","2021-07-29","20947",TRUE,"Positive"
"Alva","2021-03-30","4104",TRUE,"Positive (DNQ)"
"Alva","2021-04-30","1280",TRUE,"Weak Positive"
"Alva","2021-06-30","37294",TRUE,"Positive"
"Alva","2021-08-30","259762",TRUE,"Positive"
"Alva","2021-09-30","195669",TRUE,"Positive"
"Alva","2021-03-31","6564",TRUE,"Positive (DNQ)"
"Alva","2021-05-31","26755",TRUE,"Positive"
"Annan","2021-07-01","61889",TRUE,"Positive"
"Annan","2020-09-01","0",TRUE,"Negative"
"Annan","2021-09-01","191323",TRUE,"Positive"
"Annan","2021-11-01","15514",TRUE,"Positive"
"Annan","2020-12-01","0",TRUE,"Negative"
"Annan","2021-03-02","0",TRUE,"Negative"
"Annan","2021-06-03","11180",TRUE,"Positive"
"Annan","2021-08-03","43863",TRUE,"Positive"
"Annan","2020-11-03","2180",TRUE,"Positive (DNQ)"
"Annan","2021-02-05","5982",TRUE,"Positive (DNQ)"
"Annan","2021-05-05","2981",TRUE,"Positive (DNQ)"
"Annan","2021-07-05","305215",TRUE,"Positive"
"Annan","2021-04-06","0",TRUE,"Negative"
"Annan","2020-10-06","0",TRUE,"Negative"
"Annan","2021-10-06","53707",TRUE,"Positive"
"Annan","2021-01-07","1193429",TRUE,"Positive"
"Annan","2020-09-07","0",TRUE,"Negative"
"Annan","2021-09-07","897852",TRUE,"Positive"
"Annan","2020-12-07","0",TRUE,"Negative"
"Annan","2021-03-08","24598",TRUE,"Positive"
"Annan","2021-11-08","62031",TRUE,"Positive"
"Annan","2021-02-10","26815",TRUE,"Positive"
"Annan","2021-05-10","569",TRUE,"Weak Positive"
"Annan","2021-06-10",,FALSE,"Analysis Failed"
"Annan","2021-08-10","69592",TRUE,"Positive"
"Annan","2020-11-10","4477",TRUE,"Positive (DNQ)"
"Annan","2021-12-10","2925",TRUE,"Weak Positive"
"Annan","2021-04-12","1548",TRUE,"Weak Positive"
"Annan","2021-10-12","25463",TRUE,"Positive"
"Annan","2021-01-13","332249",TRUE,"Positive"
"Annan","2021-09-13","433865",TRUE,"Positive"
"Annan","2020-10-13","1290",TRUE,"Positive (DNQ)"
"Annan","2021-10-13","54792",TRUE,"Positive"
"Annan","2021-03-15","5785",TRUE,"Positive (DNQ)"
"Annan","2021-06-15","37858",TRUE,"Positive"
"Annan","2020-09-15","0",TRUE,"Negative"
"Annan","2021-10-15","184988",TRUE,"Positive"
"Annan","2021-11-15","218826",TRUE,"Positive"
"Annan","2021-05-17","2584",TRUE,"Positive (DNQ)"
"Annan","2021-08-17","104565",TRUE,"Positive"
"Annan","2021-12-17","42869",TRUE,"Positive"
"Annan","2021-07-19","100038",TRUE,"Positive"
"Annan","2020-10-20","1007",TRUE,"Weak Positive"
"Annan","2021-10-20","7675",TRUE,"Positive (DNQ)"
"Annan","2020-11-20","14298",TRUE,"Positive"
"Annan","2021-12-20","43924",TRUE,"Positive"
"Annan","2021-02-21","957",TRUE,"Weak Positive"
"Annan","2021-09-21","58010",TRUE,"Positive"
"Annan","2021-01-22","17339",TRUE,"Positive"
"Annan","2021-02-22",,FALSE,"Analysis Failed"
"Annan","2021-06-22","13711",TRUE,"Positive"
"Annan","2021-11-22","275562",TRUE,"Positive"
"Annan","2021-02-23","6882",TRUE,"Weak Positive"
"Annan","2021-03-23","716",TRUE,"Weak Positive"
"Annan","2020-09-23","580",TRUE,"Weak Positive"
"Annan","2021-05-24","0",TRUE,"Negative"
"Annan","2021-10-25","37554",TRUE,"Positive"
"Annan","2021-04-26","1544",TRUE,"Positive (DNQ)"
"Annan","2021-08-26","517191",TRUE,"Positive"
"Annan","2020-11-26","375",TRUE,"Weak Positive"
"Annan","2021-09-27","79165",TRUE,"Positive"
"Annan","2020-10-27","1779",TRUE,"Positive (DNQ)"
"Annan","2020-09-28","0",TRUE,"Negative"
"Annan","2021-01-29","24242",TRUE,"Positive"
"Annan","2021-03-29",,FALSE,"Analysis Failed"
"Annan","2021-03-29",,FALSE,"Analysis Failed"
"Annan","2021-11-30","156724",TRUE,"Positive"
"Ardoch","2021-06-01","1996",TRUE,"Positive (DNQ)"
"Ardoch","2021-07-01","36951",TRUE,"Positive"
"Ardoch","2021-09-01",,FALSE,"Analysis Failed"
"Ardoch","2021-11-01","96797",TRUE,"Positive"
"Ardoch","2021-04-02",,TRUE,"Positive (DNQ)"
"Ardoch","2021-03-04","4167",TRUE,"Positive (DNQ)"
"Ardoch","2021-05-04","2105",TRUE,"Positive (DNQ)"
"Ardoch","2021-10-04","88637",TRUE,"Positive"
"Ardoch","2021-03-05","4560",TRUE,"Positive (DNQ)"
"Ardoch","2021-04-05","4232",TRUE,"Positive (DNQ)"
"Ardoch","2021-05-05","0",TRUE,"Negative"
"Ardoch","2021-11-05","47327",TRUE,"Positive"
"Ardoch","2021-04-06","2440",TRUE,"Positive (DNQ)"
"Ardoch","2021-07-06","109671",TRUE,"Positive"
"Ardoch","2021-09-06",,FALSE,"Analysis Failed"
"Ardoch","2021-12-06","82004",TRUE,"Positive"
"Ardoch","2021-06-08","6750",TRUE,"Positive (DNQ)"
"Ardoch","2021-07-08","47294",TRUE,"Positive"
"Ardoch","2021-11-08","69404",TRUE,"Positive"
"Ardoch","2021-09-09",,FALSE,"Analysis Failed"
"Ardoch","2021-12-09","13518",TRUE,"Positive"
"Ardoch","2021-05-10","0",TRUE,"Negative"
"Ardoch","2021-03-11","13891",TRUE,"Positive"
"Ardoch","2021-06-11","8087",TRUE,"Positive (DNQ)"
"Ardoch","2021-03-12","35547",TRUE,"Positive"
"Ardoch","2021-04-12","1550",TRUE,"Positive (DNQ)"
"Ardoch","2021-05-12","693",TRUE,"Weak Positive"
"Ardoch","2021-07-12","39349",TRUE,"Positive"
"Ardoch","2021-11-12","8674",TRUE,"Positive (DNQ)"
"Ardoch","2021-04-13","2613",TRUE,"Positive (DNQ)"
"Ardoch","2021-06-15","5290",TRUE,"Positive (DNQ)"
"Ardoch","2021-09-15",,FALSE,"Analysis Failed"
"Ardoch","2021-11-15","61792",TRUE,"Positive"
"Ardoch","2021-12-16","18601",TRUE,"Positive"
"Ardoch","2021-05-17","493",TRUE,"Weak Positive"
"Ardoch","2021-09-17",,FALSE,"Analysis Failed"
"Ardoch","2021-02-18","24194",TRUE,"Positive"
"Ardoch","2021-03-18","7551",TRUE,"Positive (DNQ)"
"Ardoch","2021-06-18",,FALSE,"Analysis Failed"
"Ardoch","2021-02-19","9969",TRUE,"Positive (DNQ)"
"Ardoch","2021-03-19","10916",TRUE,"Positive"
"Ardoch","2021-05-19","0",TRUE,"Negative"
"Ardoch","2021-11-19","66780",TRUE,"Positive"
"Ardoch","2021-09-20","9838",TRUE,"Positive"
"Ardoch","2021-10-20","79076",TRUE,"Positive"
"Ardoch","2021-10-21","26393",TRUE,"Positive"
"Ardoch","2021-03-22","4511",TRUE,"Positive (DNQ)"
"Ardoch","2021-11-22","46228",TRUE,"Positive"
"Ardoch","2021-02-23","3963",TRUE,"Positive (DNQ)"
"Ardoch","2021-03-23","19305",TRUE,"Positive"
"Ardoch","2021-06-23","17805",TRUE,"Positive"
"Ardoch","2021-07-23","23397",TRUE,"Positive"
"Ardoch","2021-05-24","3429",TRUE,"Positive (DNQ)"
"Ardoch","2021-06-24","4794",TRUE,"Positive (DNQ)"
"Ardoch","2021-02-25","4021",TRUE,"Positive (DNQ)"
"Ardoch","2021-04-26","490",TRUE,"Weak Positive"
"Ardoch","2021-10-26","62745",TRUE,"Positive"
"Ardoch","2021-05-27","266",TRUE,"Weak Positive"
"Ardoch","2021-07-27","60784",TRUE,"Positive"
"Ardoch","2021-04-28","1426",TRUE,"Positive (DNQ)"
"Ardoch","2021-03-29","4081",TRUE,"Positive (DNQ)"
"Ardoch","2021-06-29","4017",TRUE,"Positive (DNQ)"
"Ardoch","2021-07-29","46946",TRUE,"Positive"
"Ardoch","2021-10-29","16082",TRUE,"Positive"
"Ardoch","2021-11-29","65417",TRUE,"Positive"
"Ardoch","2021-12-29","45193",TRUE,"Positive"
"Ardoch","2021-09-30",,FALSE,"Analysis Failed"
"Ardoch","2021-05-31","1499",TRUE,"Positive (DNQ)"
"Ardoch","2021-08-31","17081",TRUE,"Positive"
"Armadale","2021-02-01","54461",TRUE,"Positive"
"Armadale","2021-04-01","2227",TRUE,"Positive (DNQ)"
"Armadale","2021-07-01","325648",TRUE,"Positive"
"Armadale","2021-10-01","176779",TRUE,"Positive"
"Armadale","2021-03-02","12680",TRUE,"Positive"
"Armadale","2021-04-02","3637",TRUE,"Positive (DNQ)"
"Armadale","2021-06-02","16584",TRUE,"Positive"
"Armadale","2021-11-02","93692",TRUE,"Positive"
"Armadale","2021-03-03","14290",TRUE,"Positive"
"Armadale","2021-09-03","963166",TRUE,"Positive"
"Armadale","2021-05-04","20732",TRUE,"Positive"
"Armadale","2021-11-04","123224",TRUE,"Positive"
"Armadale","2021-05-05","8249",TRUE,"Positive (DNQ)"
"Armadale","2021-10-05","51717",TRUE,"Positive"
"Armadale","2021-04-06","15280",TRUE,"Positive"
"Armadale","2021-07-06","265018",TRUE,"Positive"
"Armadale","2021-04-07","7829",TRUE,"Positive (DNQ)"
"Armadale","2021-06-07","9930",TRUE,"Positive (DNQ)"
"Armadale","2021-12-07","283472",TRUE,"Positive"
"Armadale","2021-01-08","33772",TRUE,"Positive"
"Armadale","2021-02-08","112475",TRUE,"Positive"
"Armadale","2021-09-08","1102894",TRUE,"Positive"
"Armadale","2021-06-09","11960",TRUE,"Positive (DNQ)"
"Armadale","2021-11-09","121853",TRUE,"Positive"
"Armadale","2021-05-10","11764",TRUE,"Positive"
"Armadale","2021-03-11","36847",TRUE,"Positive"
"Armadale","2021-05-11","12607",TRUE,"Positive"
"Armadale","2021-11-11","156246",TRUE,"Positive"
"Armadale","2021-03-12","23454",TRUE,"Positive"
"Armadale","2021-04-12","2111",TRUE,"Positive (DNQ)"
"Armadale","2021-01-13","37537",TRUE,"Positive"
"Armadale","2021-04-13","1360",TRUE,"Positive (DNQ)"
"Armadale","2021-06-14","69117",TRUE,"Positive"
"Armadale","2021-09-14","645462",TRUE,"Positive"
"Armadale","2020-12-14","12986",TRUE,"Positive"
"Armadale","2021-02-15",,FALSE,"Analysis Failed"
"Armadale","2021-06-16","66457",TRUE,"Positive"
"Armadale","2021-09-16","483849",TRUE,"Positive"
"Armadale","2021-11-16","163240",TRUE,"Positive"
"Armadale","2021-03-17","14687",TRUE,"Positive"
"Armadale","2021-03-18","22146",TRUE,"Positive"
"Armadale","2021-10-18","45394",TRUE,"Positive"
"Armadale","2021-11-18","212934",TRUE,"Positive"
"Armadale","2021-02-19","182270",TRUE,"Positive"
"Armadale","2021-05-20",,FALSE,"Analysis Failed"
"Armadale","2021-07-20","128554",TRUE,"Positive"
"Armadale","2021-10-20","135659",TRUE,"Positive"
"Armadale","2021-01-21","20584",TRUE,"Positive"
"Armadale","2021-05-21","1225",TRUE,"Weak Positive"
"Armadale","2021-06-21","39616",TRUE,"Positive"
"Armadale","2020-12-21","60284",TRUE,"Positive"
"Armadale","2021-02-23","53112",TRUE,"Positive"
"Armadale","2021-06-23","158941",TRUE,"Positive"
"Armadale","2021-07-23","317092",TRUE,"Positive"
"Armadale","2021-11-23","166630",TRUE,"Positive"
"Armadale","2021-03-24","13549",TRUE,"Positive"
"Armadale","2021-01-25","236472",TRUE,"Positive"
"Armadale","2021-02-25","21167",TRUE,"Positive"
"Armadale","2021-03-25","15452",TRUE,"Positive"
"Armadale","2021-11-25","279161",TRUE,"Positive"
"Armadale","2021-05-26",,TRUE,"Positive (DNQ)"
"Armadale","2021-10-26","162595",TRUE,"Positive"
"Armadale","2021-04-27","6459",TRUE,"Positive (DNQ)"
"Armadale","2021-05-27","68283",TRUE,"Positive"
"Armadale","2021-07-27","174279",TRUE,"Positive"
"Armadale","2021-04-28","3815",TRUE,"Positive (DNQ)"
"Armadale","2021-06-28","267865",TRUE,"Positive"
"Armadale","2021-10-28","313838",TRUE,"Positive"
"Armadale","2021-07-29","743595",TRUE,"Positive"
"Armadale","2021-11-30","119673",TRUE,"Positive"
"Armadale","2021-05-31","21612",TRUE,"Positive"
"Armadale","2021-08-31","550148",TRUE,"Positive"
"Aviemore","2021-09-01","305242",TRUE,"Positive"
"Aviemore","2021-12-01","403815",TRUE,"Positive"
"Aviemore","2021-08-02","147073",TRUE,"Positive"
"Aviemore","2021-09-02","187173",TRUE,"Positive"
"Aviemore","2021-11-02",,FALSE,"Analysis Failed"
"Aviemore","2021-08-04","311606",TRUE,"Positive"
"Aviemore","2021-10-04","77299",TRUE,"Positive"
"Aviemore","2021-11-04",,FALSE,"Analysis Failed"
"Aviemore","2021-07-05","639509",TRUE,"Positive"
"Aviemore","2021-07-06","451782",TRUE,"Positive"
"Aviemore","2021-09-07","135083",TRUE,"Positive"
"Aviemore","2021-12-07",,FALSE,"Analysis Failed"
"Aviemore","2021-06-09","769",TRUE,"Weak Positive"
"Aviemore","2021-09-09","189280",TRUE,"Positive"
"Aviemore","2021-11-09",,FALSE,"Analysis Failed"
"Aviemore","2021-12-09","253544",TRUE,"Positive"
"Aviemore","2021-11-11","315450",TRUE,"Positive"
"Aviemore","2021-07-12","893406",TRUE,"Positive"
"Aviemore","2021-10-12","399814",TRUE,"Positive"
"Aviemore","2021-10-14","489578",TRUE,"Positive"
"Aviemore","2021-12-14",,FALSE,"Analysis Failed"
"Aviemore","2021-06-16","2854",TRUE,"Positive (DNQ)"
"Aviemore","2021-09-16",,FALSE,"Analysis Failed"
"Aviemore","2021-11-16","316250",TRUE,"Positive"
"Aviemore","2021-12-16","493475",TRUE,"Positive"
"Aviemore","2021-06-17","19084",TRUE,"Positive"
"Aviemore","2021-08-17","72017",TRUE,"Positive"
"Aviemore","2021-10-18","146890",TRUE,"Positive"
"Aviemore","2021-11-18",,FALSE,"Analysis Failed"
"Aviemore","2021-08-19",,FALSE,"Analysis Failed"
"Aviemore","2021-10-20","216143",TRUE,"Positive"
"Aviemore","2021-06-21","26286",TRUE,"Positive"
"Aviemore","2021-07-21","311244",TRUE,"Positive"
"Aviemore","2021-07-23","302987",TRUE,"Positive"
"Aviemore","2021-08-24","144177",TRUE,"Positive"
"Aviemore","2021-11-24","161916",TRUE,"Positive"
"Aviemore","2021-10-27","347819",TRUE,"Positive"
"Aviemore","2021-07-28","156320",TRUE,"Positive"
"Aviemore","2021-07-29","157391",TRUE,"Positive"
"Aviemore","2021-09-30",,FALSE,"Analysis Failed"
"Banchory","2021-06-01","426",TRUE,"Weak Positive"
"Banchory","2021-10-01","191309",TRUE,"Positive"
"Banchory","2021-11-01",,FALSE,"Analysis Failed"
"Banchory","2021-07-02","12901",TRUE,"Positive"
"Banchory","2021-08-02","13843",TRUE,"Positive"
"Banchory","2021-09-02","202202",TRUE,"Positive"
"Banchory","2021-06-03","556",TRUE,"Weak Positive"
"Banchory","2021-11-03","44657",TRUE,"Positive"
"Banchory","2021-10-04","121617",TRUE,"Positive"
"Banchory","2021-05-05","2203",TRUE,"Positive (DNQ)"
"Banchory","2021-07-05","35086",TRUE,"Positive"
"Banchory","2021-08-05","8330",TRUE,"Positive (DNQ)"
"Banchory","2021-12-06","20734",TRUE,"Positive"
"Banchory","2021-05-07","1308",TRUE,"Weak Positive"
"Banchory","2021-09-07","1118946",TRUE,"Positive"
"Banchory","2021-06-08","1225",TRUE,"Weak Positive"
"Banchory","2021-11-08","640384",TRUE,"Positive"
"Banchory","2021-07-09","18342",TRUE,"Positive"
"Banchory","2021-12-09","39193",TRUE,"Positive"
"Banchory","2021-05-10",,FALSE,"Analysis Failed"
"Banchory","2021-06-10","1675",TRUE,"Positive (DNQ)"
"Banchory","2021-09-10","114549",TRUE,"Positive"
"Banchory","2021-11-10","122832",TRUE,"Positive"
"Banchory","2021-08-11","6874",TRUE,"Positive (DNQ)"
"Banchory","2021-07-12","22461",TRUE,"Positive"
"Banchory","2021-08-13","49422",TRUE,"Positive"
"Banchory","2021-04-14","289",TRUE,"Weak Positive"
"Banchory","2021-05-14","0",TRUE,"Negative"
"Banchory","2021-09-14","87542",TRUE,"Positive"
"Banchory","2021-11-15","92211",TRUE,"Positive"
"Banchory","2021-12-15","118184",TRUE,"Positive"
"Banchory","2021-04-16","587",TRUE,"Weak Positive"
"Banchory","2021-06-16","9716",TRUE,"Positive (DNQ)"
"Banchory","2021-07-16","30711",TRUE,"Positive"
"Banchory","2021-08-16","15506",TRUE,"Positive"
"Banchory","2021-05-18","993",TRUE,"Weak Positive"
"Banchory","2021-06-18","5795",TRUE,"Positive (DNQ)"
"Banchory","2021-10-18","123604",TRUE,"Positive"
"Banchory","2021-07-19","67907",TRUE,"Positive"
"Banchory","2021-05-20","0",TRUE,"Negative"
"Banchory","2021-10-20","75863",TRUE,"Positive"
"Banchory","2021-12-20",,FALSE,"Analysis Failed"
"Banchory","2021-06-21","1462",TRUE,"Positive (DNQ)"
"Banchory","2021-11-22","86454",TRUE,"Positive"
"Banchory","2021-06-23","583",TRUE,"Weak Positive"
"Banchory","2021-08-23","247314",TRUE,"Positive"
"Banchory","2021-11-24","87808",TRUE,"Positive"
"Banchory","2021-05-25","0",TRUE,"Negative"
"Banchory","2021-07-26","19651",TRUE,"Positive"
"Banchory","2021-05-27","0",TRUE,"Negative"
"Banchory","2021-04-28","2392",TRUE,"Positive (DNQ)"
"Banchory","2021-11-29","63127",TRUE,"Positive"
"Banchory","2021-04-30","369",TRUE,"Weak Positive"
"Banchory","2021-06-30","9979",TRUE,"Positive (DNQ)"
"Banchory","2021-07-30","7295",TRUE,"Positive (DNQ)"
"Banchory","2021-08-31","77486",TRUE,"Positive"
"Banff","2021-09-01","725114",TRUE,"Positive"
"Banff","2021-11-01",,FALSE,"Analysis Failed"
"Banff","2021-12-01","86204",TRUE,"Positive"
"Banff","2021-07-02","82690",TRUE,"Positive"
"Banff","2021-05-03","444",TRUE,"Weak Positive"
"Banff","2021-09-03","1657434",TRUE,"Positive"
"Banff","2021-11-03",,FALSE,"Analysis Failed"
"Banff","2021-06-04","6326",TRUE,"Positive (DNQ)"
"Banff","2021-10-04","640685",TRUE,"Positive"
"Banff","2021-05-05","924",TRUE,"Weak Positive"
"Banff","2021-07-05","50219",TRUE,"Positive"
"Banff","2021-08-05","21459",TRUE,"Positive"
"Banff","2021-11-05",,FALSE,"Analysis Failed"
"Banff","2021-09-06","1279859",TRUE,"Positive"
"Banff","2021-12-06",,FALSE,"Analysis Failed"
"Banff","2021-05-07","1649",TRUE,"Positive (DNQ)"
"Banff","2021-06-07","402",TRUE,"Weak Positive"
"Banff","2021-07-07","20337",TRUE,"Positive"
"Banff","2021-09-08","629511",TRUE,"Positive"
"Banff","2021-10-08","145079",TRUE,"Positive"
"Banff","2021-11-08","89417",TRUE,"Positive"
"Banff","2021-12-08","14904",TRUE,"Positive"
"Banff","2021-06-09","767",TRUE,"Weak Positive"
"Banff","2021-07-09","143045",TRUE,"Positive"
"Banff","2021-05-10","1133",TRUE,"Weak Positive"
"Banff","2021-09-10","677737",TRUE,"Positive"
"Banff","2021-11-10","41354",TRUE,"Positive"
"Banff","2021-12-10","7006",TRUE,"Positive (DNQ)"
"Banff","2021-06-11","9360",TRUE,"Positive (DNQ)"
"Banff","2021-10-11","177742",TRUE,"Positive"
"Banff","2021-04-12","465",TRUE,"Weak Positive"
"Banff","2021-05-12","0",TRUE,"Negative"
"Banff","2021-07-12",,FALSE,"Analysis Failed"
"Banff","2021-11-12","46116",TRUE,"Positive"
"Banff","2021-10-13",,FALSE,"Analysis Failed"
"Banff","2021-04-14",,FALSE,"Analysis Failed"
"Banff","2021-05-14","0",TRUE,"Negative"
"Banff","2021-06-14","150",TRUE,"Weak Positive"
"Banff","2021-10-15","142876",TRUE,"Positive"
"Banff","2021-11-15","146879",TRUE,"Positive"
"Banff","2021-12-15","78066",TRUE,"Positive"
"Banff","2021-06-16","211",TRUE,"Weak Positive"
"Banff","2021-07-16","77679",TRUE,"Positive"
"Banff","2021-05-17","949",TRUE,"Weak Positive"
"Banff","2021-09-17","271561",TRUE,"Positive"
"Banff","2021-12-17","103886",TRUE,"Positive"
"Banff","2021-06-18","337",TRUE,"Weak Positive"
"Banff","2021-04-19","0",TRUE,"Negative"
"Banff","2021-05-19","0",TRUE,"Negative"
"Banff","2021-07-19","18419",TRUE,"Positive"
"Banff","2021-11-19","81824",TRUE,"Positive"
"Banff","2021-09-20","445335",TRUE,"Positive"
"Banff","2021-10-20","98550",TRUE,"Positive"
"Banff","2021-12-20","190860",TRUE,"Positive"
"Banff","2021-05-21","936",TRUE,"Weak Positive"
"Banff","2021-06-21","0",TRUE,"Negative"
"Banff","2021-10-22","40190",TRUE,"Positive"
"Banff","2021-11-22","115065",TRUE,"Positive"
"Banff","2021-04-23","0",TRUE,"Negative"
"Banff","2021-06-23","1175",TRUE,"Weak Positive"
"Banff","2021-07-23","193025",TRUE,"Positive"
"Banff","2021-11-24","95417",TRUE,"Positive"
"Banff","2021-05-25","0",TRUE,"Negative"
"Banff","2021-06-25","8076",TRUE,"Positive (DNQ)"
"Banff","2021-10-25","201780",TRUE,"Positive"
"Banff","2021-04-26","0",TRUE,"Negative"
"Banff","2021-05-26","901",TRUE,"Weak Positive"
"Banff","2021-07-26","97349",TRUE,"Positive"
"Banff","2021-08-27","375741",TRUE,"Positive"
"Banff","2021-10-27","79960",TRUE,"Positive"
"Banff","2021-04-28","1792",TRUE,"Positive (DNQ)"
"Banff","2021-05-28","0",TRUE,"Negative"
"Banff","2021-06-28","35081",TRUE,"Positive"
"Banff","2021-10-29","685265",TRUE,"Positive"
"Banff","2021-11-29","39005",TRUE,"Positive"
"Banff","2021-04-30","0",TRUE,"Negative"
"Banff","2021-07-30","35817",TRUE,"Positive"
"Banff","2021-08-30","871845",TRUE,"Positive"
"Banff","2021-05-31","430",TRUE,"Weak Positive"
"Bathgate","2021-02-01","72119",TRUE,"Positive"
"Bathgate","2021-04-01","51697",TRUE,"Positive"
"Bathgate","2021-07-01","558525",TRUE,"Positive"
"Bathgate","2021-10-01","89090",TRUE,"Positive"
"Bathgate","2021-03-02","54297",TRUE,"Positive"
"Bathgate","2021-04-02","24433",TRUE,"Positive"
"Bathgate","2021-06-02","33808",TRUE,"Positive"
"Bathgate","2021-11-02","30381",TRUE,"Positive"
"Bathgate","2021-03-03","33989",TRUE,"Positive"
"Bathgate","2021-09-03","194213",TRUE,"Positive"
"Bathgate","2021-05-04","3445",TRUE,"Positive (DNQ)"
"Bathgate","2021-11-04","90602",TRUE,"Positive"
"Bathgate","2021-05-05","5835",TRUE,"Positive (DNQ)"
"Bathgate","2021-10-05","168380",TRUE,"Positive"
"Bathgate","2021-04-06",,FALSE,"Analysis Failed"
"Bathgate","2021-07-06","66978",TRUE,"Positive"
"Bathgate","2021-04-07",,FALSE,"Analysis Failed"
"Bathgate","2021-06-07","5091",TRUE,"Positive (DNQ)"
"Bathgate","2021-12-07","41578",TRUE,"Positive"
"Bathgate","2021-01-08","12293",TRUE,"Positive"
"Bathgate","2021-02-08","110433",TRUE,"Positive"
"Bathgate","2021-07-08","265670",TRUE,"Positive"
"Bathgate","2021-09-08","205206",TRUE,"Positive"
"Bathgate","2021-06-09",,FALSE,"Analysis Failed"
"Bathgate","2021-11-09","48230",TRUE,"Positive"
"Bathgate","2021-12-09",,FALSE,"Analysis Failed"
"Bathgate","2021-02-10","12926",TRUE,"Positive"
"Bathgate","2021-05-10",,FALSE,"Analysis Failed"
"Bathgate","2021-03-11","4693",TRUE,"Positive (DNQ)"
"Bathgate","2021-03-11","7454",TRUE,"Positive (DNQ)"
"Bathgate","2021-05-11","18425",TRUE,"Positive"
"Bathgate","2021-11-11","275018",TRUE,"Positive"
"Bathgate","2021-03-12","9954",TRUE,"Positive (DNQ)"
"Bathgate","2021-04-12","1785",TRUE,"Positive (DNQ)"
"Bathgate","2021-01-13","13479",TRUE,"Positive"
"Bathgate","2021-04-13","2950",TRUE,"Positive (DNQ)"
"Bathgate","2021-07-13","93447",TRUE,"Positive"
"Bathgate","2021-06-14","599",TRUE,"Weak Positive"
"Bathgate","2021-09-14","233655",TRUE,"Positive"
"Bathgate","2020-12-14","38394",TRUE,"Positive"
"Bathgate","2021-12-14","113418",TRUE,"Positive"
"Bathgate","2021-02-15","40004",TRUE,"Positive"
"Bathgate","2021-06-16",,FALSE,"Analysis Failed"
"Bathgate","2021-11-16","120845",TRUE,"Positive"
"Bathgate","2021-12-16","69085",TRUE,"Positive"
"Bathgate","2021-03-17","13965",TRUE,"Positive"
"Bathgate","2021-03-18","13436",TRUE,"Positive"
"Bathgate","2021-08-18","161264",TRUE,"Positive"
"Bathgate","2021-11-18",,FALSE,"Analysis Failed"
"Bathgate","2021-02-19","46940",TRUE,"Positive"
"Bathgate","2021-10-19","85045",TRUE,"Positive"
"Bathgate","2021-05-20","6906",TRUE,"Positive (DNQ)"
"Bathgate","2021-07-20","114721",TRUE,"Positive"
"Bathgate","2021-10-20","97351",TRUE,"Positive"
"Bathgate","2021-12-20","282818",TRUE,"Positive"
"Bathgate","2021-01-21","0",TRUE,"Negative"
"Bathgate","2021-05-21",,FALSE,"Analysis Failed"
"Bathgate","2021-06-21","22554",TRUE,"Positive"
"Bathgate","2021-02-23",,FALSE,"Analysis Failed"
"Bathgate","2021-02-23","18848",TRUE,"Positive"
"Bathgate","2021-06-23","197241",TRUE,"Positive"
"Bathgate","2021-07-23","513757",TRUE,"Positive"
"Bathgate","2021-11-23",,FALSE,"Analysis Failed"
"Bathgate","2021-03-24","11927",TRUE,"Positive"
"Bathgate","2021-01-25","61048",TRUE,"Positive"
"Bathgate","2021-02-25","59636",TRUE,"Positive"
"Bathgate","2021-03-25","3682",TRUE,"Positive (DNQ)"
"Bathgate","2021-11-25","191942",TRUE,"Positive"
"Bathgate","2021-04-26","3651",TRUE,"Positive (DNQ)"
"Bathgate","2021-05-26",,FALSE,"Analysis Failed"
"Bathgate","2021-10-26",,FALSE,"Analysis Failed"
"Bathgate","2021-04-27","4468",TRUE,"Positive (DNQ)"
"Bathgate","2021-05-27","5542",TRUE,"Positive (DNQ)"
"Bathgate","2021-07-27","54632",TRUE,"Positive"
"Bathgate","2021-06-28","362803",TRUE,"Positive"
"Bathgate","2021-10-28","41717",TRUE,"Positive"
"Bathgate","2021-07-29","51751",TRUE,"Positive"
"Bathgate","2021-11-30",,FALSE,"Analysis Failed"
"Bathgate","2021-05-31","0",TRUE,"Negative"
"Bathgate","2021-08-31","203006",TRUE,"Positive"
"Biggar","2021-02-01","20530",TRUE,"Positive"
"Biggar","2021-03-01","1513",TRUE,"Weak Positive"
"Biggar","2021-01-08","24495",TRUE,"Positive"
"Biggar","2021-02-08","1277",TRUE,"Weak Positive"
"Biggar","2021-03-08","64461",TRUE,"Positive"
"Biggar","2021-01-15","0",TRUE,"Negative"
"Biggar","2021-02-17","760",TRUE,"Weak Positive"
"Biggar","2021-03-19","700",TRUE,"Weak Positive"
"Biggar","2021-01-20","0",TRUE,"Negative"
"Biggar","2021-03-22","930",TRUE,"Weak Positive"
"Biggar","2021-02-26","641",TRUE,"Weak Positive"
"Biggar","2021-01-29","20087",TRUE,"Positive"
"Biggar","2021-04-30","0",TRUE,"Negative"
"Biggar","2021-03-31",,FALSE,"Analysis Failed"
"Blackburn","2021-02-01","22147",TRUE,"Positive"
"Blackburn","2021-03-01","11786",TRUE,"Positive"
"Blackburn","2021-10-01","4363",TRUE,"Weak Positive"
"Blackburn","2021-11-01",,FALSE,"Analysis Failed"
"Blackburn","2021-04-02","8877",TRUE,"Positive (DNQ)"
"Blackburn","2021-07-02","172561",TRUE,"Positive"
"Blackburn","2021-05-03","12251",TRUE,"Positive"
"Blackburn","2021-09-03","230443",TRUE,"Positive"
"Blackburn","2021-01-04","54829",TRUE,"Positive"
"Blackburn","2021-06-04","27283",TRUE,"Positive"
"Blackburn","2021-10-04","38787",TRUE,"Positive"
"Blackburn","2021-01-05","42841",TRUE,"Positive"
"Blackburn","2021-03-05","15539",TRUE,"Positive"
"Blackburn","2021-04-05","23828",TRUE,"Positive"
"Blackburn","2021-07-05","142083",TRUE,"Positive"
"Blackburn","2021-11-05","75945",TRUE,"Positive"
"Blackburn","2021-01-06","23016",TRUE,"Positive"
"Blackburn","2021-09-06","667298",TRUE,"Positive"
"Blackburn","2021-12-06","235966",TRUE,"Positive"
"Blackburn","2021-05-07","3143",TRUE,"Positive (DNQ)"
"Blackburn","2021-06-07","68005",TRUE,"Positive"
"Blackburn","2021-02-08","43062",TRUE,"Positive"
"Blackburn","2021-03-08","16111",TRUE,"Positive"
"Blackburn","2021-09-08","252766",TRUE,"Positive"
"Blackburn","2021-11-08","107865",TRUE,"Positive"
"Blackburn","2021-04-09","12176",TRUE,"Positive"
"Blackburn","2021-07-09","296220",TRUE,"Positive"
"Blackburn","2021-05-10","3255",TRUE,"Positive (DNQ)"
"Blackburn","2021-09-10","133705",TRUE,"Positive"
"Blackburn","2021-12-10","21315",TRUE,"Positive"
"Blackburn","2021-01-11","21683",TRUE,"Positive"
"Blackburn","2021-06-11","52663",TRUE,"Positive"
"Blackburn","2021-10-11","76257",TRUE,"Positive"
"Blackburn","2021-03-12","3924",TRUE,"Positive (DNQ)"
"Blackburn","2021-04-12","9532",TRUE,"Positive (DNQ)"
"Blackburn","2021-07-12","180053",TRUE,"Positive"
"Blackburn","2021-11-12","77323",TRUE,"Positive"
"Blackburn","2021-08-13","42617",TRUE,"Positive"
"Blackburn","2021-12-13","88529",TRUE,"Positive"
"Blackburn","2021-05-14","1498",TRUE,"Positive (DNQ)"
"Blackburn","2021-06-14","55844",TRUE,"Positive"
"Blackburn","2021-02-15","56749",TRUE,"Positive"
"Blackburn","2021-03-15","11392",TRUE,"Positive"
"Blackburn","2021-10-15","195192",TRUE,"Positive"
"Blackburn","2021-11-15","128547",TRUE,"Positive"
"Blackburn","2021-07-16","169580",TRUE,"Positive"
"Blackburn","2021-05-17","29388",TRUE,"Positive"
"Blackburn","2020-12-17","4447",TRUE,"Positive (DNQ)"
"Blackburn","2021-12-17",,FALSE,"Analysis Failed"
"Blackburn","2021-01-18","14462",TRUE,"Positive"
"Blackburn","2021-06-18","21155",TRUE,"Positive"
"Blackburn","2021-10-18","30045",TRUE,"Positive"
"Blackburn","2021-03-19","13685",TRUE,"Positive"
"Blackburn","2021-07-19","98734",TRUE,"Positive"
"Blackburn","2021-11-19","60535",TRUE,"Positive"
"Blackburn","2021-09-20","65610",TRUE,"Positive"
"Blackburn","2021-12-20","236362",TRUE,"Positive"
"Blackburn","2021-05-21","3188",TRUE,"Positive (DNQ)"
"Blackburn","2021-06-21","26107",TRUE,"Positive"
"Blackburn","2021-02-22","49144",TRUE,"Positive"
"Blackburn","2021-03-22","5434",TRUE,"Positive (DNQ)"
"Blackburn","2021-10-22","45915",TRUE,"Positive"
"Blackburn","2021-11-22","53918",TRUE,"Positive"
"Blackburn","2021-04-23","35621",TRUE,"Positive"
"Blackburn","2021-05-24","8909",TRUE,"Positive (DNQ)"
"Blackburn","2021-09-24","122511",TRUE,"Positive"
"Blackburn","2021-01-25","2450",TRUE,"Positive (DNQ)"
"Blackburn","2021-06-25","46866",TRUE,"Positive"
"Blackburn","2021-10-25",,FALSE,"Analysis Failed"
"Blackburn","2021-03-26","47815",TRUE,"Positive"
"Blackburn","2021-04-26","24216",TRUE,"Positive"
"Blackburn","2021-07-26","108830",TRUE,"Positive"
"Blackburn","2021-05-28","25475",TRUE,"Positive"
"Blackburn","2021-06-28","139077",TRUE,"Positive"
"Blackburn","2021-03-29",,FALSE,"Analysis Failed"
"Blackburn","2021-03-29","23351",TRUE,"Positive"
"Blackburn","2021-10-29","344623",TRUE,"Positive"
"Blackburn","2021-11-29","115515",TRUE,"Positive"
"Blackburn","2021-04-30","30175",TRUE,"Positive"
"Blackburn","2021-08-30","1239318",TRUE,"Positive"
"Blackburn","2021-05-31","55582",TRUE,"Positive"
"Blackridge","2021-02-01","97715",TRUE,"Positive"
"Blackridge","2021-04-01","29152",TRUE,"Positive"
"Blackridge","2021-06-01","12490",TRUE,"Positive"
"Blackridge","2021-07-01","66281",TRUE,"Positive"
"Blackridge","2021-10-01",,FALSE,"Analysis Failed"
"Blackridge","2021-03-02","16631",TRUE,"Positive"
"Blackridge","2021-04-02","19474",TRUE,"Positive"
"Blackridge","2021-06-02","21356",TRUE,"Positive"
"Blackridge","2021-11-02","9406",TRUE,"Positive (DNQ)"
"Blackridge","2021-03-03","2711",TRUE,"Positive (DNQ)"
"Blackridge","2021-09-03","174238",TRUE,"Positive"
"Blackridge","2021-05-04","17639",TRUE,"Positive"
"Blackridge","2021-11-04","33931",TRUE,"Positive"
"Blackridge","2021-05-05","7316",TRUE,"Positive (DNQ)"
"Blackridge","2021-04-06","157271",TRUE,"Positive"
"Blackridge","2021-07-06","274474",TRUE,"Positive"
"Blackridge","2021-09-06","439697",TRUE,"Positive"
"Blackridge","2021-04-07","94463",TRUE,"Positive"
"Blackridge","2021-06-07","8670",TRUE,"Positive (DNQ)"
"Blackridge","2021-12-07","89667",TRUE,"Positive"
"Blackridge","2021-01-08","2365",TRUE,"Positive (DNQ)"
"Blackridge","2021-02-08","70668",TRUE,"Positive"
"Blackridge","2021-07-08","2126044",TRUE,"Positive"
"Blackridge","2021-06-09","27227",TRUE,"Positive"
"Blackridge","2021-11-09","1749",TRUE,"Weak Positive"
"Blackridge","2021-02-10","33872",TRUE,"Positive"
"Blackridge","2021-05-10","39428",TRUE,"Positive"
"Blackridge","2021-03-11","840",TRUE,"Weak Positive"
"Blackridge","2021-05-11","27365",TRUE,"Positive"
"Blackridge","2021-11-11",,FALSE,"Analysis Failed"
"Blackridge","2021-03-12",,FALSE,"Analysis Failed"
"Blackridge","2021-03-12","385",TRUE,"Weak Positive"
"Blackridge","2021-04-12","405827",TRUE,"Positive"
"Blackridge","2021-01-13","3979",TRUE,"Positive (DNQ)"
"Blackridge","2021-07-13","5007354",TRUE,"Positive"
"Blackridge","2021-06-14","2462",TRUE,"Positive (DNQ)"
"Blackridge","2021-09-14","1165431",TRUE,"Positive"
"Blackridge","2021-12-14","223012",TRUE,"Positive"
"Blackridge","2021-02-15","49866",TRUE,"Positive"
"Blackridge","2021-06-16","43639",TRUE,"Positive"
"Blackridge","2021-09-16",,FALSE,"Analysis Failed"
"Blackridge","2021-11-16","49798",TRUE,"Positive"
"Blackridge","2021-12-16","24430",TRUE,"Positive"
"Blackridge","2021-03-17","2404",TRUE,"Positive (DNQ)"
"Blackridge","2021-03-18","3908",TRUE,"Positive (DNQ)"
"Blackridge","2021-10-18",,FALSE,"Analysis Failed"
"Blackridge","2021-11-18","96790",TRUE,"Positive"
"Blackridge","2020-12-18","2065",TRUE,"Positive (DNQ)"
"Blackridge","2021-02-19","93822",TRUE,"Positive"
"Blackridge","2021-05-20","22111",TRUE,"Positive"
"Blackridge","2021-07-20","103366",TRUE,"Positive"
"Blackridge","2021-10-20","37892",TRUE,"Positive"
"Blackridge","2021-12-20",,FALSE,"Analysis Failed"
"Blackridge","2021-01-21","6648",TRUE,"Positive (DNQ)"
"Blackridge","2021-05-21","27670",TRUE,"Positive"
"Blackridge","2021-06-21","21593",TRUE,"Positive"
"Blackridge","2020-12-21","999",TRUE,"Weak Positive"
"Blackridge","2021-02-23","137177",TRUE,"Positive"
"Blackridge","2021-06-23","53228",TRUE,"Positive"
"Blackridge","2021-11-23","57562",TRUE,"Positive"
"Blackridge","2021-03-24","9940",TRUE,"Positive (DNQ)"
"Blackridge","2021-02-25","86958",TRUE,"Positive"
"Blackridge","2021-03-25","5157",TRUE,"Positive (DNQ)"
"Blackridge","2021-11-25","117296",TRUE,"Positive"
"Blackridge","2021-04-26","10367",TRUE,"Positive"
"Blackridge","2021-05-26","52673",TRUE,"Positive"
"Blackridge","2021-10-26","33320",TRUE,"Positive"
"Blackridge","2021-01-27","43456",TRUE,"Positive"
"Blackridge","2021-04-27","8272",TRUE,"Positive (DNQ)"
"Blackridge","2021-05-27","3357",TRUE,"Positive (DNQ)"
"Blackridge","2021-07-27","409003",TRUE,"Positive"
"Blackridge","2021-06-28","74899",TRUE,"Positive"
"Blackridge","2021-10-28","62614",TRUE,"Positive"
"Blackridge","2021-07-29","156533",TRUE,"Positive"
"Blackridge","2021-11-30","87358",TRUE,"Positive"
"Blackridge","2021-08-31","134875",TRUE,"Positive"
"Blackwood","2021-06-01","36023",TRUE,"Positive"
"Blackwood","2021-02-02","98253",TRUE,"Positive"
"Blackwood","2021-04-02","6116",TRUE,"Positive (DNQ)"
"Blackwood","2021-03-03","4736",TRUE,"Positive (DNQ)"
"Blackwood","2021-05-04",,FALSE,"Analysis Failed"
"Blackwood","2021-10-05","30680",TRUE,"Positive"
"Blackwood","2021-11-05","22253",TRUE,"Positive"
"Blackwood","2021-04-06","0",TRUE,"Negative"
"Blackwood","2021-09-06",,FALSE,"Analysis Failed"
"Blackwood","2021-07-07","710422",TRUE,"Positive"
"Blackwood","2021-12-07","13138",TRUE,"Positive"
"Blackwood","2021-01-08","120248",TRUE,"Positive"
"Blackwood","2021-02-10","9784",TRUE,"Positive (DNQ)"
"Blackwood","2021-05-10","0",TRUE,"Negative"
"Blackwood","2021-03-11","633",TRUE,"Weak Positive"
"Blackwood","2021-06-11","59357",TRUE,"Positive"
"Blackwood","2021-11-12","64848",TRUE,"Positive"
"Blackwood","2021-01-13","406621",TRUE,"Positive"
"Blackwood","2021-07-13","1222774",TRUE,"Positive"
"Blackwood","2021-12-14","227841",TRUE,"Positive"
"Blackwood","2021-02-15","55129",TRUE,"Positive"
"Blackwood","2021-06-15","38819",TRUE,"Positive"
"Blackwood","2021-09-15","93197",TRUE,"Positive"
"Blackwood","2021-08-18","232701",TRUE,"Positive"
"Blackwood","2021-03-19","1988",TRUE,"Positive (DNQ)"
"Blackwood","2021-11-19","51225",TRUE,"Positive"
"Blackwood","2021-05-20",,FALSE,"Analysis Failed"
"Blackwood","2021-10-20","49997",TRUE,"Positive"
"Blackwood","2021-07-21","644470",TRUE,"Positive"
"Blackwood","2021-02-23","93444",TRUE,"Positive"
"Blackwood","2021-03-23","8858",TRUE,"Positive (DNQ)"
"Blackwood","2021-06-23","18537",TRUE,"Positive"
"Blackwood","2021-01-27","25518",TRUE,"Positive"
"Blackwood","2021-04-27","591",TRUE,"Weak Positive"
"Blackwood","2021-07-27","269243",TRUE,"Positive"
"Blackwood","2021-05-28","17432",TRUE,"Positive"
"Blackwood","2021-06-30","17746",TRUE,"Positive"
"Blackwood","2021-08-30","557769",TRUE,"Positive"
"Blairgowrie","2021-06-01","13043",TRUE,"Positive"
"Blairgowrie","2021-11-02","181488",TRUE,"Positive"
"Blairgowrie","2021-10-04","31463",TRUE,"Positive"
"Blairgowrie","2021-05-05","0",TRUE,"Negative"
"Blairgowrie","2021-08-05","81673",TRUE,"Positive"
"Blairgowrie","2021-03-07","2614",TRUE,"Positive (DNQ)"
"Blairgowrie","2021-07-07","85490",TRUE,"Positive"
"Blairgowrie","2021-12-07","31615",TRUE,"Positive"
"Blairgowrie","2021-04-08","16660",TRUE,"Positive"
"Blairgowrie","2021-06-08","4231",TRUE,"Positive (DNQ)"
"Blairgowrie","2021-08-09","57652",TRUE,"Positive"
"Blairgowrie","2021-11-09","117032",TRUE,"Positive"
"Blairgowrie","2021-05-12","5717",TRUE,"Positive (DNQ)"
"Blairgowrie","2021-07-13","275281",TRUE,"Positive"
"Blairgowrie","2021-09-13","149057",TRUE,"Positive"
"Blairgowrie","2021-12-14","41212",TRUE,"Positive"
"Blairgowrie","2021-06-15","19224",TRUE,"Positive"
"Blairgowrie","2021-05-17","2470",TRUE,"Positive (DNQ)"
"Blairgowrie","2021-08-17","111647",TRUE,"Positive"
"Blairgowrie","2021-03-18","127712",TRUE,"Positive"
"Blairgowrie","2021-02-19","3130",TRUE,"Positive (DNQ)"
"Blairgowrie","2021-07-19","38453",TRUE,"Positive"
"Blairgowrie","2021-10-19","1130147",TRUE,"Positive"
"Blairgowrie","2021-09-20","277884",TRUE,"Positive"
"Blairgowrie","2021-12-20",,FALSE,"Analysis Failed"
"Blairgowrie","2021-06-21","17855",TRUE,"Positive"
"Blairgowrie","2021-02-23","8067",TRUE,"Positive (DNQ)"
"Blairgowrie","2021-08-23","102601",TRUE,"Positive"
"Blairgowrie","2021-11-23","613077",TRUE,"Positive"
"Blairgowrie","2021-03-24","82158",TRUE,"Positive"
"Blairgowrie","2021-05-24",,FALSE,"Analysis Failed"
"Blairgowrie","2021-04-26","1133",TRUE,"Weak Positive"
"Blairgowrie","2021-07-26","121448",TRUE,"Positive"
"Blairgowrie","2021-06-28","26308",TRUE,"Positive"
"Blairgowrie","2021-10-29","452409",TRUE,"Positive"
"Blairgowrie","2021-03-31","30109",TRUE,"Positive"
"Blairgowrie","2021-08-31","155956",TRUE,"Positive"
"Boness","2021-03-01","2034",TRUE,"Positive (DNQ)"
"Boness","2021-06-01","0",TRUE,"Negative"
"Boness","2021-10-01","35057",TRUE,"Positive"
"Boness","2021-11-01","35568",TRUE,"Positive"
"Boness","2021-03-02","3327",TRUE,"Positive (DNQ)"
"Boness","2021-07-02","170294",TRUE,"Positive"
"Boness","2021-09-02","372499",TRUE,"Positive"
"Boness","2021-06-03","11915",TRUE,"Positive"
"Boness","2021-11-03","26147",TRUE,"Positive"
"Boness","2021-05-04","322",TRUE,"Weak Positive"
"Boness","2021-08-04","90181",TRUE,"Positive"
"Boness","2021-04-05","5066",TRUE,"Positive (DNQ)"
"Boness","2021-10-05","20156",TRUE,"Positive"
"Boness","2021-05-06","397",TRUE,"Weak Positive"
"Boness","2021-04-07","14794",TRUE,"Positive"
"Boness","2021-07-07","91907",TRUE,"Positive"
"Boness","2021-09-07","1000681",TRUE,"Positive"
"Boness","2021-12-07","91986",TRUE,"Positive"
"Boness","2021-03-08","4384",TRUE,"Positive (DNQ)"
"Boness","2021-06-08","6646",TRUE,"Positive (DNQ)"
"Boness","2021-11-08","31028",TRUE,"Positive"
"Boness","2021-03-09","1299",TRUE,"Weak Positive"
"Boness","2021-07-09",,FALSE,"Analysis Failed"
"Boness","2021-09-09","244206",TRUE,"Positive"
"Boness","2021-06-10","2254",TRUE,"Positive (DNQ)"
"Boness","2021-11-10","31314",TRUE,"Positive"
"Boness","2021-12-10","198415",TRUE,"Positive"
"Boness","2021-04-12","4525",TRUE,"Positive (DNQ)"
"Boness","2021-05-12","1312",TRUE,"Weak Positive"
"Boness","2021-04-13","4861",TRUE,"Positive (DNQ)"
"Boness","2021-05-13","2436",TRUE,"Positive (DNQ)"
"Boness","2021-12-13","116390",TRUE,"Positive"
"Boness","2021-06-14","310",TRUE,"Weak Positive"
"Boness","2021-03-15","1929",TRUE,"Positive (DNQ)"
"Boness","2021-09-15","42662",TRUE,"Positive"
"Boness","2021-12-15","223524",TRUE,"Positive"
"Boness","2021-03-16","31599",TRUE,"Positive"
"Boness","2021-06-16","0",TRUE,"Negative"
"Boness","2021-07-16","336147",TRUE,"Positive"
"Boness","2021-11-16","86006",TRUE,"Positive"
"Boness","2021-02-18","48793",TRUE,"Positive"
"Boness","2021-05-18","1157",TRUE,"Weak Positive"
"Boness","2021-02-19","18497",TRUE,"Positive"
"Boness","2021-11-19","23725",TRUE,"Positive"
"Boness","2021-05-20","2810",TRUE,"Positive (DNQ)"
"Boness","2021-10-20","16752",TRUE,"Positive"
"Boness","2021-06-21","20065",TRUE,"Positive"
"Boness","2021-07-21","84470",TRUE,"Positive"
"Boness","2021-02-22","25461",TRUE,"Positive"
"Boness","2021-03-22","8128",TRUE,"Positive (DNQ)"
"Boness","2021-10-22","42134",TRUE,"Positive"
"Boness","2021-11-22","85246",TRUE,"Positive"
"Boness","2021-02-23","170938",TRUE,"Positive"
"Boness","2021-03-23","8187",TRUE,"Positive (DNQ)"
"Boness","2021-07-23","42165",TRUE,"Positive"
"Boness","2021-06-24","55544",TRUE,"Positive"
"Boness","2021-09-24","29819",TRUE,"Positive"
"Boness","2021-11-24","35143",TRUE,"Positive"
"Boness","2021-05-25","2819",TRUE,"Positive (DNQ)"
"Boness","2021-04-26","1469",TRUE,"Weak Positive"
"Boness","2021-05-26","0",TRUE,"Negative"
"Boness","2021-04-27","0",TRUE,"Negative"
"Boness","2021-10-27","266724",TRUE,"Positive"
"Boness","2021-03-29","4370",TRUE,"Positive (DNQ)"
"Boness","2021-03-30","2546",TRUE,"Positive (DNQ)"
"Boness","2021-06-30","22167",TRUE,"Positive"
"Boness","2021-07-30","70719",TRUE,"Positive"
"Boness","2021-08-31","273959",TRUE,"Positive"
"Bonnybridge","2021-03-01","122460",TRUE,"Positive"
"Bonnybridge","2021-06-01","40522",TRUE,"Positive"
"Bonnybridge","2021-03-02","19936",TRUE,"Positive"
"Bonnybridge","2021-07-02","241480",TRUE,"Positive"
"Bonnybridge","2021-11-02",,FALSE,"Analysis Failed"
"Bonnybridge","2021-06-03","13320",TRUE,"Positive"
"Bonnybridge","2021-09-03","231872",TRUE,"Positive"
"Bonnybridge","2021-05-04","6321",TRUE,"Positive (DNQ)"
"Bonnybridge","2021-10-04","272790",TRUE,"Positive"
"Bonnybridge","2021-04-05","16234",TRUE,"Positive"
"Bonnybridge","2021-07-05","240127",TRUE,"Positive"
"Bonnybridge","2021-08-05","119024",TRUE,"Positive"
"Bonnybridge","2021-11-05","48195",TRUE,"Positive"
"Bonnybridge","2021-05-06","547",TRUE,"Weak Positive"
"Bonnybridge","2021-09-06","679911",TRUE,"Positive"
"Bonnybridge","2021-10-06","110571",TRUE,"Positive"
"Bonnybridge","2021-06-07","23140",TRUE,"Positive"
"Bonnybridge","2021-07-07","146492",TRUE,"Positive"
"Bonnybridge","2021-12-07","108920",TRUE,"Positive"
"Bonnybridge","2021-03-08","11405",TRUE,"Positive"
"Bonnybridge","2021-04-08","1450",TRUE,"Weak Positive"
"Bonnybridge","2021-09-08","287601",TRUE,"Positive"
"Bonnybridge","2021-03-09","12785",TRUE,"Positive"
"Bonnybridge","2021-06-09","2997",TRUE,"Positive (DNQ)"
"Bonnybridge","2021-11-09","72641",TRUE,"Positive"
"Bonnybridge","2021-05-10",,FALSE,"Analysis Failed"
"Bonnybridge","2021-11-11","68111",TRUE,"Positive"
"Bonnybridge","2021-04-12","5485",TRUE,"Positive (DNQ)"
"Bonnybridge","2021-07-12","46302",TRUE,"Positive"
"Bonnybridge","2021-04-13","1209",TRUE,"Weak Positive"
"Bonnybridge","2021-05-13","15895",TRUE,"Positive"
"Bonnybridge","2021-12-14","211546",TRUE,"Positive"
"Bonnybridge","2021-03-15","11166",TRUE,"Positive"
"Bonnybridge","2021-09-15","287630",TRUE,"Positive"
"Bonnybridge","2021-03-16","25104",TRUE,"Positive"
"Bonnybridge","2021-06-16","9692",TRUE,"Positive (DNQ)"
"Bonnybridge","2021-11-16","54771",TRUE,"Positive"
"Bonnybridge","2021-12-16","77978",TRUE,"Positive"
"Bonnybridge","2021-02-18","84615",TRUE,"Positive"
"Bonnybridge","2021-05-18","4118",TRUE,"Positive (DNQ)"
"Bonnybridge","2021-06-18","7366",TRUE,"Positive (DNQ)"
"Bonnybridge","2021-11-18","73771",TRUE,"Positive"
"Bonnybridge","2021-02-19","44559",TRUE,"Positive"
"Bonnybridge","2021-07-19","113820",TRUE,"Positive"
"Bonnybridge","2021-10-19","85899",TRUE,"Positive"
"Bonnybridge","2021-05-20","3910",TRUE,"Positive (DNQ)"
"Bonnybridge","2021-06-21","30656",TRUE,"Positive"
"Bonnybridge","2021-10-21","108100",TRUE,"Positive"
"Bonnybridge","2021-02-22","39955",TRUE,"Positive"
"Bonnybridge","2021-03-22",,FALSE,"Analysis Failed"
"Bonnybridge","2021-03-22","35084",TRUE,"Positive"
"Bonnybridge","2021-02-23","53914",TRUE,"Positive"
"Bonnybridge","2021-03-23","29800",TRUE,"Positive"
"Bonnybridge","2021-06-23","17589",TRUE,"Positive"
"Bonnybridge","2021-08-23","218560",TRUE,"Positive"
"Bonnybridge","2021-11-23","407266",TRUE,"Positive"
"Bonnybridge","2021-05-25","30121",TRUE,"Positive"
"Bonnybridge","2021-11-25","472239",TRUE,"Positive"
"Bonnybridge","2021-04-26","2287",TRUE,"Positive (DNQ)"
"Bonnybridge","2021-07-26","76161",TRUE,"Positive"
"Bonnybridge","2021-08-27","148862",TRUE,"Positive"
"Bonnybridge","2021-10-27","57133",TRUE,"Positive"
"Bonnybridge","2021-05-28","23711",TRUE,"Positive"
"Bonnybridge","2021-03-29",,FALSE,"Analysis Failed"
"Bonnybridge","2021-03-29","73785",TRUE,"Positive"
"Bonnybridge","2021-10-29","121156",TRUE,"Positive"
"Bonnybridge","2021-04-30","750",TRUE,"Weak Positive"
"Bonnybridge","2021-06-30","113882",TRUE,"Positive"
"Bonnybridge","2021-09-30","293844",TRUE,"Positive"
"Bonnybridge","2021-11-30","378204",TRUE,"Positive"
"Bonnybridge","2021-03-31","8837",TRUE,"Positive (DNQ)"
"Bonnybridge","2021-08-31","110970",TRUE,"Positive"
"Bothwellbank","2021-02-01","2885",TRUE,"Positive (DNQ)"
"Bothwellbank","2021-11-03","70341",TRUE,"Positive"
"Bothwellbank","2021-03-04","24338",TRUE,"Positive"
"Bothwellbank","2021-05-04","4731",TRUE,"Positive (DNQ)"
"Bothwellbank","2021-04-05","8169",TRUE,"Positive (DNQ)"
"Bothwellbank","2021-10-05","129797",TRUE,"Positive"
"Bothwellbank","2021-09-06","1298700",TRUE,"Positive"
"Bothwellbank","2021-12-06","44827",TRUE,"Positive"
"Bothwellbank","2021-06-07","10441",TRUE,"Positive (DNQ)"
"Bothwellbank","2021-07-07","158116",TRUE,"Positive"
"Bothwellbank","2021-01-08","50564",TRUE,"Positive"
"Bothwellbank","2021-02-08","20710",TRUE,"Positive"
"Bothwellbank","2021-03-08","10933",TRUE,"Positive"
"Bothwellbank","2021-01-11","67947",TRUE,"Positive"
"Bothwellbank","2021-11-11","94872",TRUE,"Positive"
"Bothwellbank","2021-04-12","8236",TRUE,"Positive (DNQ)"
"Bothwellbank","2021-07-13","479350",TRUE,"Positive"
"Bothwellbank","2021-06-14","17020",TRUE,"Positive"
"Bothwellbank","2021-09-14","658297",TRUE,"Positive"
"Bothwellbank","2021-03-15","15112",TRUE,"Positive"
"Bothwellbank","2021-11-15","68928",TRUE,"Positive"
"Bothwellbank","2021-12-15","259310",TRUE,"Positive"
"Bothwellbank","2021-02-16","46224",TRUE,"Positive"
"Bothwellbank","2021-01-18","31869",TRUE,"Positive"
"Bothwellbank","2021-05-19","3117",TRUE,"Positive (DNQ)"
"Bothwellbank","2021-07-19","66028",TRUE,"Positive"
"Bothwellbank","2021-09-20","311387",TRUE,"Positive"
"Bothwellbank","2021-12-20","750128",TRUE,"Positive"
"Bothwellbank","2021-06-21","14392",TRUE,"Positive"
"Bothwellbank","2021-02-22","25492",TRUE,"Positive"
"Bothwellbank","2021-03-22","8447",TRUE,"Positive (DNQ)"
"Bothwellbank","2021-10-22","119477",TRUE,"Positive"
"Bothwellbank","2021-05-25","7115",TRUE,"Positive (DNQ)"
"Bothwellbank","2021-11-25","101074",TRUE,"Positive"
"Bothwellbank","2021-01-26","52351",TRUE,"Positive"
"Bothwellbank","2021-04-26","2303",TRUE,"Positive (DNQ)"
"Bothwellbank","2021-07-26","196492",TRUE,"Positive"
"Bothwellbank","2021-10-27","161250",TRUE,"Positive"
"Bothwellbank","2021-06-28","25530",TRUE,"Positive"
"Bothwellbank","2021-03-29","7377",TRUE,"Positive (DNQ)"
"Bothwellbank","2021-08-30","904681",TRUE,"Positive"
"Bothwellbank","2021-05-31","11258",TRUE,"Positive"
"Bowhouse","2021-03-01","1048",TRUE,"Weak Positive"
"Bowhouse","2021-04-01","753",TRUE,"Weak Positive"
"Bowhouse","2021-09-01","111089",TRUE,"Positive"
"Bowhouse","2021-12-01","91000",TRUE,"Positive"
"Bowhouse","2021-03-02","4400",TRUE,"Positive (DNQ)"
"Bowhouse","2021-06-03","923",TRUE,"Weak Positive"
"Bowhouse","2021-11-03","38250",TRUE,"Positive"
"Bowhouse","2021-02-04","10342",TRUE,"Positive"
"Bowhouse","2021-05-04","0",TRUE,"Negative"
"Bowhouse","2021-10-04","190533",TRUE,"Positive"
"Bowhouse","2021-07-05","20178",TRUE,"Positive"
"Bowhouse","2021-11-05","317055",TRUE,"Positive"
"Bowhouse","2021-05-06","0",TRUE,"Negative"
"Bowhouse","2021-06-07","8975",TRUE,"Positive (DNQ)"
"Bowhouse","2021-09-07","409775",TRUE,"Positive"
"Bowhouse","2021-04-08","0",TRUE,"Negative"
"Bowhouse","2021-12-08","65007",TRUE,"Positive"
"Bowhouse","2021-03-09","5492",TRUE,"Positive (DNQ)"
"Bowhouse","2021-04-09","0",TRUE,"Negative"
"Bowhouse","2021-07-09","20671",TRUE,"Positive"
"Bowhouse","2021-03-10","2314",TRUE,"Positive (DNQ)"
"Bowhouse","2021-05-10",,FALSE,"Analysis Failed"
"Bowhouse","2021-06-10","1951",TRUE,"Positive (DNQ)"
"Bowhouse","2021-11-10","190655",TRUE,"Positive"
"Bowhouse","2021-12-10","13936",TRUE,"Positive"
"Bowhouse","2021-02-11","16320",TRUE,"Positive"
"Bowhouse","2021-02-12","4175",TRUE,"Positive (DNQ)"
"Bowhouse","2021-11-12","116259",TRUE,"Positive"
"Bowhouse","2021-07-13","56598",TRUE,"Positive"
"Bowhouse","2021-09-13","314952",TRUE,"Positive"
"Bowhouse","2021-04-14",,FALSE,"Analysis Failed"
"Bowhouse","2021-06-14","29098",TRUE,"Positive"
"Bowhouse","2021-02-16","1304",TRUE,"Weak Positive"
"Bowhouse","2021-07-16","89756",TRUE,"Positive"
"Bowhouse","2021-02-17","461",TRUE,"Weak Positive"
"Bowhouse","2021-03-17","1327",TRUE,"Positive (DNQ)"
"Bowhouse","2021-06-17","10378",TRUE,"Positive (DNQ)"
"Bowhouse","2021-11-17","74342",TRUE,"Positive"
"Bowhouse","2021-12-17","106796",TRUE,"Positive"
"Bowhouse","2021-03-18","322",TRUE,"Weak Positive"
"Bowhouse","2021-05-19","1101",TRUE,"Weak Positive"
"Bowhouse","2021-10-19","115134",TRUE,"Positive"
"Bowhouse","2021-11-19",,FALSE,"Analysis Failed"
"Bowhouse","2021-09-20","61145",TRUE,"Positive"
"Bowhouse","2021-05-21","0",TRUE,"Negative"
"Bowhouse","2021-10-21","78510",TRUE,"Positive"
"Bowhouse","2021-03-22","342",TRUE,"Weak Positive"
"Bowhouse","2021-06-22","84589",TRUE,"Positive"
"Bowhouse","2021-09-22","48357",TRUE,"Positive"
"Bowhouse","2021-02-23","1064",TRUE,"Weak Positive"
"Bowhouse","2021-03-23","869",TRUE,"Weak Positive"
"Bowhouse","2021-06-24","34818",TRUE,"Positive"
"Bowhouse","2021-11-24","76947",TRUE,"Positive"
"Bowhouse","2021-02-25","0",TRUE,"Negative"
"Bowhouse","2021-05-25","475",TRUE,"Weak Positive"
"Bowhouse","2021-05-27","389",TRUE,"Weak Positive"
"Bowhouse","2021-08-27","219176",TRUE,"Positive"
"Bowhouse","2021-09-27","133036",TRUE,"Positive"
"Bowhouse","2021-10-27","164499",TRUE,"Positive"
"Bowhouse","2021-04-28","338",TRUE,"Weak Positive"
"Bowhouse","2021-06-28","23866",TRUE,"Positive"
"Bowhouse","2021-01-29","32051",TRUE,"Positive"
"Bowhouse","2021-10-29","216359",TRUE,"Positive"
"Bowhouse","2021-03-30","608",TRUE,"Weak Positive"
"Bowhouse","2021-04-30","0",TRUE,"Negative"
"Bowhouse","2021-06-30","39580",TRUE,"Positive"
"Bowhouse","2021-08-30","826366",TRUE,"Positive"
"Bowhouse","2021-05-31","1548",TRUE,"Positive (DNQ)"
"Buckie","2021-07-02","117335",TRUE,"Positive"
"Buckie","2021-11-02","105372",TRUE,"Positive"
"Buckie","2021-09-03",,FALSE,"Analysis Failed"
"Buckie","2021-10-05","86226",TRUE,"Positive"
"Buckie","2021-11-05","141912",TRUE,"Positive"
"Buckie","2021-07-06","324439",TRUE,"Positive"
"Buckie","2021-09-07",,FALSE,"Analysis Failed"
"Buckie","2021-12-07","36154",TRUE,"Positive"
"Buckie","2021-06-08","15799",TRUE,"Positive"
"Buckie","2021-07-09","83831",TRUE,"Positive"
"Buckie","2021-11-09","106330",TRUE,"Positive"
"Buckie","2021-09-10","99632",TRUE,"Positive"
"Buckie","2021-12-10","40958",TRUE,"Positive"
"Buckie","2021-06-11","405",TRUE,"Weak Positive"
"Buckie","2021-10-12","312356",TRUE,"Positive"
"Buckie","2021-11-12","82655",TRUE,"Positive"
"Buckie","2021-07-13","149260",TRUE,"Positive"
"Buckie","2021-09-14","61420",TRUE,"Positive"
"Buckie","2021-12-14","28464",TRUE,"Positive"
"Buckie","2021-06-15",,FALSE,"Analysis Failed"
"Buckie","2021-10-15",,FALSE,"Analysis Failed"
"Buckie","2021-07-16","161953",TRUE,"Positive"
"Buckie","2021-09-17","113008",TRUE,"Positive"
"Buckie","2021-12-17",,FALSE,"Analysis Failed"
"Buckie","2021-06-18",,FALSE,"Analysis Failed"
"Buckie","2021-11-19",,FALSE,"Analysis Failed"
"Buckie","2021-07-20","149386",TRUE,"Positive"
"Buckie","2021-10-20",,FALSE,"Analysis Failed"
"Buckie","2021-06-22","1011",TRUE,"Weak Positive"
"Buckie","2021-10-22",,FALSE,"Analysis Failed"
"Buckie","2021-07-23","18573",TRUE,"Positive"
"Buckie","2021-11-23","124322",TRUE,"Positive"
"Buckie","2021-06-25","74902",TRUE,"Positive"
"Buckie","2021-10-26","261192",TRUE,"Positive"
"Buckie","2021-07-27","45579",TRUE,"Positive"
"Buckie","2021-08-27","77262",TRUE,"Positive"
"Buckie","2021-10-29","714639",TRUE,"Positive"
"Buckie","2021-06-30","11383",TRUE,"Positive (DNQ)"
"Buckie","2021-07-30","55454",TRUE,"Positive"
"Buckie","2021-11-30",,FALSE,"Analysis Failed"
"Buckie","2021-08-31","25202",TRUE,"Positive"
"Carbarns","2021-02-01","168393",TRUE,"Positive"
"Carbarns","2021-03-01","21873",TRUE,"Positive"
"Carbarns","2021-04-01","19625",TRUE,"Positive"
"Carbarns","2021-07-01","174552",TRUE,"Positive"
"Carbarns","2020-09-01","12854",TRUE,"Positive"
"Carbarns","2021-09-01","275439",TRUE,"Positive"
"Carbarns","2021-11-01","222725",TRUE,"Positive"
"Carbarns","2020-12-01","26955",TRUE,"Positive"
"Carbarns","2021-12-01","210989",TRUE,"Positive"
"Carbarns","2020-09-02","11620",TRUE,"Positive"
"Carbarns","2020-10-02","55566",TRUE,"Positive"
"Carbarns","2020-11-02","65402",TRUE,"Positive"
"Carbarns","2021-11-02","68779",TRUE,"Positive"
"Carbarns","2020-12-02","23853",TRUE,"Positive"
"Carbarns","2021-06-03","11479",TRUE,"Positive"
"Carbarns","2021-08-03","650623",TRUE,"Positive"
"Carbarns","2021-11-03","201012",TRUE,"Positive"
"Carbarns","2021-08-04","169370",TRUE,"Positive"
"Carbarns","2020-09-04","3205",TRUE,"Positive (DNQ)"
"Carbarns","2020-11-04","21233",TRUE,"Positive"
"Carbarns","2021-01-05","98845",TRUE,"Positive"
"Carbarns","2021-04-05","20599",TRUE,"Positive"
"Carbarns","2020-10-05","128115",TRUE,"Positive"
"Carbarns","2021-10-05","263237",TRUE,"Positive"
"Carbarns","2021-04-06","36724",TRUE,"Positive"
"Carbarns","2021-05-06","8324",TRUE,"Positive (DNQ)"
"Carbarns","2021-09-06",,FALSE,"Analysis Failed"
"Carbarns","2020-10-06","59558",TRUE,"Positive"
"Carbarns","2021-10-06","237130",TRUE,"Positive"
"Carbarns","2020-11-06","153409",TRUE,"Positive"
"Carbarns","2021-12-06","240777",TRUE,"Positive"
"Carbarns","2021-05-07","4490",TRUE,"Positive (DNQ)"
"Carbarns","2021-06-07","30787",TRUE,"Positive"
"Carbarns","2021-07-07","151368",TRUE,"Positive"
"Carbarns","2021-09-07","3353197",TRUE,"Positive"
"Carbarns","2020-10-07","60027",TRUE,"Positive"
"Carbarns","2020-12-07","72567",TRUE,"Positive"
"Carbarns","2021-03-08","51730",TRUE,"Positive"
"Carbarns","2021-06-08","23786",TRUE,"Positive"
"Carbarns","2021-07-08","146856",TRUE,"Positive"
"Carbarns","2021-11-08","193289",TRUE,"Positive"
"Carbarns","2020-12-08","45852",TRUE,"Positive"
"Carbarns","2021-12-08","30654",TRUE,"Positive"
"Carbarns","2021-03-09","28097",TRUE,"Positive"
"Carbarns","2021-08-09","253173",TRUE,"Positive"
"Carbarns","2020-09-09","2754",TRUE,"Positive (DNQ)"
"Carbarns","2020-11-09","46252",TRUE,"Positive"
"Carbarns","2021-11-09","234267",TRUE,"Positive"
"Carbarns","2020-12-09","34999",TRUE,"Positive"
"Carbarns","2021-02-10","72778",TRUE,"Positive"
"Carbarns","2021-08-10","146485",TRUE,"Positive"
"Carbarns","2020-11-10","68405",TRUE,"Positive"
"Carbarns","2021-11-10","53469",TRUE,"Positive"
"Carbarns","2021-12-10","59764",TRUE,"Positive"
"Carbarns","2021-01-11","106825",TRUE,"Positive"
"Carbarns","2020-09-11","2505",TRUE,"Positive (DNQ)"
"Carbarns","2021-10-11","207104",TRUE,"Positive"
"Carbarns","2020-11-11","79639",TRUE,"Positive"
"Carbarns","2020-12-11","200869",TRUE,"Positive"
"Carbarns","2021-04-12","54393",TRUE,"Positive"
"Carbarns","2021-05-12","6156",TRUE,"Positive (DNQ)"
"Carbarns","2021-07-12","336637",TRUE,"Positive"
"Carbarns","2020-10-12","32978",TRUE,"Positive"
"Carbarns","2021-05-13","5376",TRUE,"Positive (DNQ)"
"Carbarns","2020-10-13","43318",TRUE,"Positive"
"Carbarns","2021-10-13","119166",TRUE,"Positive"
"Carbarns","2020-11-13","198753",TRUE,"Positive"
"Carbarns","2021-12-13","186146",TRUE,"Positive"
"Carbarns","2020-09-14","1988",TRUE,"Positive (DNQ)"
"Carbarns","2021-09-14","886406",TRUE,"Positive"
"Carbarns","2020-10-14","123713",TRUE,"Positive"
"Carbarns","2021-02-15","23692",TRUE,"Positive"
"Carbarns","2021-04-15","45424",TRUE,"Positive"
"Carbarns","2020-09-15","10541",TRUE,"Positive (DNQ)"
"Carbarns","2021-11-15","175108",TRUE,"Positive"
"Carbarns","2020-12-15","57628",TRUE,"Positive"
"Carbarns","2021-12-15","406078",TRUE,"Positive"
"Carbarns","2021-06-16","27862",TRUE,"Positive"
"Carbarns","2020-09-16","1218",TRUE,"Weak Positive"
"Carbarns","2020-10-16","66513",TRUE,"Positive"
"Carbarns","2020-11-16","67226",TRUE,"Positive"
"Carbarns","2021-11-16","83257",TRUE,"Positive"
"Carbarns","2021-03-17","46749",TRUE,"Positive"
"Carbarns","2021-06-17","19642",TRUE,"Positive"
"Carbarns","2021-08-17","129402",TRUE,"Positive"
"Carbarns","2021-09-17","585505",TRUE,"Positive"
"Carbarns","2020-11-17","59625",TRUE,"Positive"
"Carbarns","2021-12-17","370787",TRUE,"Positive"
"Carbarns","2021-03-18","45899",TRUE,"Positive"
"Carbarns","2020-09-18","53798",TRUE,"Positive"
"Carbarns","2021-10-18","221238",TRUE,"Positive"
"Carbarns","2020-11-18","29840",TRUE,"Positive"
"Carbarns","2021-07-19","236968",TRUE,"Positive"
"Carbarns","2021-08-19","49488",TRUE,"Positive"
"Carbarns","2020-10-19","47709",TRUE,"Positive"
"Carbarns","2021-01-20","34941",TRUE,"Positive"
"Carbarns","2021-05-20","5205",TRUE,"Positive (DNQ)"
"Carbarns","2021-09-20","340933",TRUE,"Positive"
"Carbarns","2021-10-20","130370",TRUE,"Positive"
"Carbarns","2021-12-20","723058",TRUE,"Positive"
"Carbarns","2021-05-21","7269",TRUE,"Positive (DNQ)"
"Carbarns","2020-09-21","87009",TRUE,"Positive"
"Carbarns","2020-10-21","112348",TRUE,"Positive"
"Carbarns","2021-03-22","33907",TRUE,"Positive"
"Carbarns","2021-07-22","293703",TRUE,"Positive"
"Carbarns","2020-09-22","71228",TRUE,"Positive"
"Carbarns","2021-11-22","217768",TRUE,"Positive"
"Carbarns","2021-02-23","48323",TRUE,"Positive"
"Carbarns","2021-06-23","23012",TRUE,"Positive"
"Carbarns","2021-08-23","259367",TRUE,"Positive"
"Carbarns","2020-09-23","70168",TRUE,"Positive"
"Carbarns","2021-09-23","311653",TRUE,"Positive"
"Carbarns","2020-10-23","135226",TRUE,"Positive"
"Carbarns","2020-11-23","39938",TRUE,"Positive"
"Carbarns","2021-11-23","177230",TRUE,"Positive"
"Carbarns","2021-03-24","31356",TRUE,"Positive"
"Carbarns","2020-11-24","65585",TRUE,"Positive"
"Carbarns","2021-11-24","151143",TRUE,"Positive"
"Carbarns","2021-01-25","101195",TRUE,"Positive"
"Carbarns","2021-06-25","65976",TRUE,"Positive"
"Carbarns","2020-09-25","27573",TRUE,"Positive"
"Carbarns","2020-11-25","6972",TRUE,"Positive (DNQ)"
"Carbarns","2021-07-26","176516",TRUE,"Positive"
"Carbarns","2020-10-26","203646",TRUE,"Positive"
"Carbarns","2021-10-26","174943",TRUE,"Positive"
"Carbarns","2021-05-27","2311",TRUE,"Positive (DNQ)"
"Carbarns","2021-08-27","514650",TRUE,"Positive"
"Carbarns","2021-09-27","389370",TRUE,"Positive"
"Carbarns","2020-10-27","175764",TRUE,"Positive"
"Carbarns","2021-10-27","346503",TRUE,"Positive"
"Carbarns","2021-05-28","7739",TRUE,"Positive (DNQ)"
"Carbarns","2020-09-28","51618",TRUE,"Positive"
"Carbarns","2020-10-28","87038",TRUE,"Positive"
"Carbarns","2021-03-29","57107",TRUE,"Positive"
"Carbarns","2021-04-29","12130",TRUE,"Positive"
"Carbarns","2021-07-29","357881",TRUE,"Positive"
"Carbarns","2020-09-29","31216",TRUE,"Positive"
"Carbarns","2021-09-29",,FALSE,"Analysis Failed"
"Carbarns","2020-10-29","43032",TRUE,"Positive"
"Carbarns","2020-12-29",,FALSE,"Analysis Failed"
"Carbarns","2021-12-29","776790",TRUE,"Positive"
"Carbarns","2021-08-30","1018394",TRUE,"Positive"
"Carbarns","2020-09-30","75439",TRUE,"Positive"
"Carbarns","2020-11-30","137712",TRUE,"Positive"
"Carbarns","2021-05-31","13315",TRUE,"Positive"
"Coldstream","2021-03-01","61339",TRUE,"Positive"
"Coldstream","2021-04-01","0",TRUE,"Negative"
"Coldstream","2021-06-01","0",TRUE,"Negative"
"Coldstream","2021-10-01","93153",TRUE,"Positive"
"Coldstream","2021-11-01","4999",TRUE,"Weak Positive"
"Coldstream","2021-03-02","45257",TRUE,"Positive"
"Coldstream","2021-06-02","1598",TRUE,"Positive (DNQ)"
"Coldstream","2021-08-02","43090",TRUE,"Positive"
"Coldstream","2021-09-03","674858",TRUE,"Positive"
"Coldstream","2021-05-04","0",TRUE,"Negative"
"Coldstream","2021-10-04","28456",TRUE,"Positive"
"Coldstream","2021-07-05","19602",TRUE,"Positive"
"Coldstream","2021-04-06",,FALSE,"Analysis Failed"
"Coldstream","2021-07-06","59841",TRUE,"Positive"
"Coldstream","2021-08-06","288140",TRUE,"Positive"
"Coldstream","2021-12-06","8435",TRUE,"Positive (DNQ)"
"Coldstream","2021-06-07","0",TRUE,"Negative"
"Coldstream","2021-03-08","4034",TRUE,"Positive (DNQ)"
"Coldstream","2021-04-08","0",TRUE,"Negative"
"Coldstream","2021-03-09","2884",TRUE,"Positive (DNQ)"
"Coldstream","2021-08-09","160692",TRUE,"Positive"
"Coldstream","2021-11-09","133659",TRUE,"Positive"
"Coldstream","2021-05-10","0",TRUE,"Negative"
"Coldstream","2021-09-10","269381",TRUE,"Positive"
"Coldstream","2021-02-11","5569",TRUE,"Positive (DNQ)"
"Coldstream","2021-06-11","0",TRUE,"Negative"
"Coldstream","2021-02-12","40602",TRUE,"Positive"
"Coldstream","2021-04-12","0",TRUE,"Negative"
"Coldstream","2021-07-12","57193",TRUE,"Positive"
"Coldstream","2021-07-13","40625",TRUE,"Positive"
"Coldstream","2021-08-13",,FALSE,"Analysis Failed"
"Coldstream","2021-12-13","547424",TRUE,"Positive"
"Coldstream","2021-05-14","1460",TRUE,"Positive (DNQ)"
"Coldstream","2021-06-14","128",TRUE,"Weak Positive"
"Coldstream","2021-02-15","3928",TRUE,"Positive (DNQ)"
"Coldstream","2021-03-15","443",TRUE,"Weak Positive"
"Coldstream","2021-06-15","4815",TRUE,"Positive (DNQ)"
"Coldstream","2021-11-15","407491",TRUE,"Positive"
"Coldstream","2021-02-16","7441",TRUE,"Positive (DNQ)"
"Coldstream","2021-03-16","1352",TRUE,"Positive (DNQ)"
"Coldstream","2021-08-16",,FALSE,"Analysis Failed"
"Coldstream","2021-05-17","0",TRUE,"Negative"
"Coldstream","2021-09-17","76026",TRUE,"Positive"
"Coldstream","2021-08-18",,FALSE,"Analysis Failed"
"Coldstream","2021-10-18","63471",TRUE,"Positive"
"Coldstream","2021-07-20","132603",TRUE,"Positive"
"Coldstream","2021-05-21","0",TRUE,"Negative"
"Coldstream","2021-06-21","0",TRUE,"Negative"
"Coldstream","2021-07-21","35044",TRUE,"Positive"
"Coldstream","2021-10-22","18765",TRUE,"Positive"
"Coldstream","2021-11-22","96537",TRUE,"Positive"
"Coldstream","2021-06-23","5071",TRUE,"Positive (DNQ)"
"Coldstream","2021-08-23","108297",TRUE,"Positive"
"Coldstream","2021-05-24","484",TRUE,"Weak Positive"
"Coldstream","2021-02-25","59636",TRUE,"Positive"
"Coldstream","2021-03-25","836",TRUE,"Weak Positive"
"Coldstream","2021-02-26","16550",TRUE,"Positive"
"Coldstream","2021-03-26","317",TRUE,"Weak Positive"
"Coldstream","2021-04-26","392",TRUE,"Weak Positive"
"Coldstream","2021-07-26","173925",TRUE,"Positive"
"Coldstream","2021-08-27","191987",TRUE,"Positive"
"Coldstream","2021-09-27","10415",TRUE,"Positive"
"Coldstream","2021-10-27","59669",TRUE,"Positive"
"Coldstream","2021-05-28","481",TRUE,"Weak Positive"
"Coldstream","2021-06-28","174892",TRUE,"Positive"
"Coldstream","2021-06-29","127303",TRUE,"Positive"
"Coldstream","2021-10-29","15652",TRUE,"Positive"
"Coldstream","2021-04-30","335",TRUE,"Weak Positive"
"Coldstream","2021-07-30","13618",TRUE,"Positive"
"Coldstream","2021-08-30","603839",TRUE,"Positive"
"Coldstream","2021-03-31","0",TRUE,"Negative"
"Cumnock","2021-03-01","42624",TRUE,"Positive"
"Cumnock","2021-06-02","43794",TRUE,"Positive"
"Cumnock","2021-11-05","781473",TRUE,"Positive"
"Cumnock","2021-04-06","7508",TRUE,"Positive (DNQ)"
"Cumnock","2021-07-06","440415",TRUE,"Positive"
"Cumnock","2021-09-06","143341",TRUE,"Positive"
"Cumnock","2021-05-07","842",TRUE,"Weak Positive"
"Cumnock","2021-12-07","117505",TRUE,"Positive"
"Cumnock","2021-03-08","12468",TRUE,"Positive"
"Cumnock","2021-06-09","24304",TRUE,"Positive"
"Cumnock","2021-05-10","1580",TRUE,"Positive (DNQ)"
"Cumnock","2021-04-12","2989",TRUE,"Positive (DNQ)"
"Cumnock","2021-07-13","107927",TRUE,"Positive"
"Cumnock","2021-12-14","30909",TRUE,"Positive"
"Cumnock","2021-03-15","13535",TRUE,"Positive"
"Cumnock","2021-09-15","446588",TRUE,"Positive"
"Cumnock","2021-06-16","17045",TRUE,"Positive"
"Cumnock","2021-10-18","71331",TRUE,"Positive"
"Cumnock","2021-11-18","199297",TRUE,"Positive"
"Cumnock","2021-02-19","85619",TRUE,"Positive"
"Cumnock","2021-05-19","0",TRUE,"Negative"
"Cumnock","2021-07-20","75879",TRUE,"Positive"
"Cumnock","2021-03-22","30013",TRUE,"Positive"
"Cumnock","2021-06-22","22342",TRUE,"Positive"
"Cumnock","2021-02-23","75691",TRUE,"Positive"
"Cumnock","2021-05-26","1377",TRUE,"Weak Positive"
"Cumnock","2021-07-26","161820",TRUE,"Positive"
"Cumnock","2021-10-27","200253",TRUE,"Positive"
"Cumnock","2021-04-28","902",TRUE,"Weak Positive"
"Cumnock","2021-06-29","145126",TRUE,"Positive"
"Cumnock","2021-09-29","94953",TRUE,"Positive"
"Cumnock","2021-03-30","9513",TRUE,"Positive (DNQ)"
"Cumnock","2021-08-30","254938",TRUE,"Positive"
"Cumnock","2021-11-30","42678",TRUE,"Positive"
"Cumnock - Netherwood","2021-04-06","0",TRUE,"Negative"
"Cumnock - Netherwood","2021-03-15","412",TRUE,"Weak Positive"
"Cumnock - Netherwood","2021-03-16","13792",TRUE,"Positive"
"Cumnock - Netherwood","2021-03-17","3431",TRUE,"Positive (DNQ)"
"Cumnock - Netherwood","2021-03-18","4213",TRUE,"Positive (DNQ)"
"Cumnock - Netherwood","2021-03-19",,FALSE,"Analysis Failed"
"Cumnock - Netherwood","2021-03-19","5178",TRUE,"Positive (DNQ)"
"Cumnock - Netherwood","2021-03-22","21076",TRUE,"Positive"
"Cumnock - Netherwood","2021-03-23","9652",TRUE,"Positive (DNQ)"
"Cumnock - Netherwood","2021-03-30","0",TRUE,"Negative"
"Cumnock - Netherwood","2021-03-31","0",TRUE,"Negative"
"Cupar","2021-03-01","341",TRUE,"Weak Positive"
"Cupar","2021-04-01","1031",TRUE,"Weak Positive"
"Cupar","2021-09-01","96862",TRUE,"Positive"
"Cupar","2021-12-01","131622",TRUE,"Positive"
"Cupar","2021-03-02","15681",TRUE,"Positive"
"Cupar","2021-06-03","0",TRUE,"Negative"
"Cupar","2021-11-03","48641",TRUE,"Positive"
"Cupar","2021-02-04","3918",TRUE,"Positive (DNQ)"
"Cupar","2021-05-04","0",TRUE,"Negative"
"Cupar","2021-10-04",,FALSE,"Analysis Failed"
"Cupar","2021-02-05","7785",TRUE,"Positive (DNQ)"
"Cupar","2021-11-05","83312",TRUE,"Positive"
"Cupar","2021-05-06","0",TRUE,"Negative"
"Cupar","2021-10-06","66647",TRUE,"Positive"
"Cupar","2021-06-07","542",TRUE,"Weak Positive"
"Cupar","2021-09-07","285446",TRUE,"Positive"
"Cupar","2021-04-08","870",TRUE,"Weak Positive"
"Cupar","2021-12-08",,FALSE,"Analysis Failed"
"Cupar","2021-03-09","14727",TRUE,"Positive"
"Cupar","2021-04-09","1308",TRUE,"Weak Positive"
"Cupar","2021-07-09",,FALSE,"Analysis Failed"
"Cupar","2021-03-10","941",TRUE,"Weak Positive"
"Cupar","2021-05-10","7124",TRUE,"Positive (DNQ)"
"Cupar","2021-06-10","583",TRUE,"Weak Positive"
"Cupar","2021-11-10","60111",TRUE,"Positive"
"Cupar","2021-12-10","32120",TRUE,"Positive"
"Cupar","2021-02-11","441",TRUE,"Weak Positive"
"Cupar","2021-10-11",,FALSE,"Analysis Failed"
"Cupar","2021-02-12","1214",TRUE,"Weak Positive"
"Cupar","2021-08-12","82022",TRUE,"Positive"
"Cupar","2021-11-12","125213",TRUE,"Positive"
"Cupar","2021-07-13","39699",TRUE,"Positive"
"Cupar","2021-12-13","92012",TRUE,"Positive"
"Cupar","2021-04-14","3962",TRUE,"Positive (DNQ)"
"Cupar","2021-05-14","0",TRUE,"Negative"
"Cupar","2021-06-14","23563",TRUE,"Positive"
"Cupar","2021-09-15","130009",TRUE,"Positive"
"Cupar","2021-02-16","0",TRUE,"Negative"
"Cupar","2021-07-16","75836",TRUE,"Positive"
"Cupar","2021-02-17","626",TRUE,"Weak Positive"
"Cupar","2021-03-17","34726",TRUE,"Positive"
"Cupar","2021-06-17","4786",TRUE,"Positive (DNQ)"
"Cupar","2021-11-17","107175",TRUE,"Positive"
"Cupar","2021-12-17","115019",TRUE,"Positive"
"Cupar","2021-03-18","27712",TRUE,"Positive"
"Cupar","2021-05-19","329",TRUE,"Weak Positive"
"Cupar","2021-07-19","12456",TRUE,"Positive"
"Cupar","2021-08-19","229309",TRUE,"Positive"
"Cupar","2021-10-19","58624",TRUE,"Positive"
"Cupar","2021-11-19","189139",TRUE,"Positive"
"Cupar","2021-05-21","0",TRUE,"Negative"
"Cupar","2021-10-21","74425",TRUE,"Positive"
"Cupar","2021-03-22","920",TRUE,"Weak Positive"
"Cupar","2021-06-22","103427",TRUE,"Positive"
"Cupar","2021-09-22","31081",TRUE,"Positive"
"Cupar","2021-02-23","20524",TRUE,"Positive"
"Cupar","2021-03-23","1345",TRUE,"Weak Positive"
"Cupar","2021-06-24","15041",TRUE,"Positive"
"Cupar","2021-11-24","125869",TRUE,"Positive"
"Cupar","2021-02-25","351",TRUE,"Weak Positive"
"Cupar","2021-05-25","0",TRUE,"Negative"
"Cupar","2021-07-26","34196",TRUE,"Positive"
"Cupar","2021-05-27","0",TRUE,"Negative"
"Cupar","2021-09-27","104550",TRUE,"Positive"
"Cupar","2021-10-27","166743",TRUE,"Positive"
"Cupar","2021-04-28","0",TRUE,"Negative"
"Cupar","2021-06-28","118531",TRUE,"Positive"
"Cupar","2021-01-29","1645",TRUE,"Positive (DNQ)"
"Cupar","2021-09-29","86126",TRUE,"Positive"
"Cupar","2021-10-29","40606",TRUE,"Positive"
"Cupar","2021-12-29","287829",TRUE,"Positive"
"Cupar","2021-03-30","1393",TRUE,"Weak Positive"
"Cupar","2021-04-30","0",TRUE,"Negative"
"Cupar","2021-08-30","144724",TRUE,"Positive"
"Cupar","2021-05-31","3830",TRUE,"Positive (DNQ)"
"Dalbeattie","2021-11-01",,FALSE,"Analysis Failed"
"Dalbeattie","2021-03-02","40128",TRUE,"Positive"
"Dalbeattie","2021-06-02","0",TRUE,"Negative"
"Dalbeattie","2021-09-02","315605",TRUE,"Positive"
"Dalbeattie","2021-05-03",,FALSE,"Analysis Failed"
"Dalbeattie","2021-08-03","48651",TRUE,"Positive"
"Dalbeattie","2020-12-04","582",TRUE,"Weak Positive"
"Dalbeattie","2021-02-05",,FALSE,"Analysis Failed"
"Dalbeattie","2021-07-05","6697",TRUE,"Positive (DNQ)"
"Dalbeattie","2020-10-05","7650",TRUE,"Positive (DNQ)"
"Dalbeattie","2021-04-06","0",TRUE,"Negative"
"Dalbeattie","2021-10-06","75700",TRUE,"Positive"
"Dalbeattie","2021-09-07",,FALSE,"Analysis Failed"
"Dalbeattie","2021-01-08","944",TRUE,"Weak Positive"
"Dalbeattie","2021-02-08","2918",TRUE,"Positive (DNQ)"
"Dalbeattie","2021-03-08","1365",TRUE,"Weak Positive"
"Dalbeattie","2021-11-08","128074",TRUE,"Positive"
"Dalbeattie","2021-05-10","0",TRUE,"Negative"
"Dalbeattie","2021-06-10","0",TRUE,"Negative"
"Dalbeattie","2021-08-10","32342",TRUE,"Positive"
"Dalbeattie","2020-11-10","4541",TRUE,"Positive (DNQ)"
"Dalbeattie","2021-12-10",,FALSE,"Analysis Failed"
"Dalbeattie","2020-12-11","0",TRUE,"Negative"
"Dalbeattie","2021-04-12","0",TRUE,"Negative"
"Dalbeattie","2021-10-12","161616",TRUE,"Positive"
"Dalbeattie","2021-07-13","9748",TRUE,"Positive"
"Dalbeattie","2021-09-13","73584",TRUE,"Positive"
"Dalbeattie","2020-10-13","12905",TRUE,"Positive"
"Dalbeattie","2021-10-13","100264",TRUE,"Positive"
"Dalbeattie","2021-01-14","1535",TRUE,"Positive (DNQ)"
"Dalbeattie","2021-06-14","5281",TRUE,"Positive (DNQ)"
"Dalbeattie","2020-09-14","0",TRUE,"Negative"
"Dalbeattie","2021-03-15","2931",TRUE,"Positive (DNQ)"
"Dalbeattie","2021-10-15","193586",TRUE,"Positive"
"Dalbeattie","2021-11-15","39954",TRUE,"Positive"
"Dalbeattie","2021-12-15","82204",TRUE,"Positive"
"Dalbeattie","2020-12-16","0",TRUE,"Negative"
"Dalbeattie","2021-05-17","0",TRUE,"Negative"
"Dalbeattie","2021-08-19","773950",TRUE,"Positive"
"Dalbeattie","2021-02-20",,FALSE,"Analysis Failed"
"Dalbeattie","2020-10-20","2498",TRUE,"Positive (DNQ)"
"Dalbeattie","2021-10-20","137231",TRUE,"Positive"
"Dalbeattie","2021-12-20","444036",TRUE,"Positive"
"Dalbeattie","2021-07-21","63969",TRUE,"Positive"
"Dalbeattie","2020-09-21","2270",TRUE,"Weak Positive"
"Dalbeattie","2021-09-21","33876",TRUE,"Positive"
"Dalbeattie","2021-01-22",,FALSE,"Analysis Failed"
"Dalbeattie","2021-02-22",,FALSE,"Analysis Failed"
"Dalbeattie","2021-11-22","146533",TRUE,"Positive"
"Dalbeattie","2021-02-23","3081",TRUE,"Weak Positive"
"Dalbeattie","2021-03-23","45707",TRUE,"Positive"
"Dalbeattie","2021-05-24","0",TRUE,"Negative"
"Dalbeattie","2021-08-24","657226",TRUE,"Positive"
"Dalbeattie","2021-10-25","50837",TRUE,"Positive"
"Dalbeattie","2021-04-26","0",TRUE,"Negative"
"Dalbeattie","2021-09-27","150482",TRUE,"Positive"
"Dalbeattie","2020-10-27","610",TRUE,"Weak Positive"
"Dalbeattie","2020-11-27","0",TRUE,"Negative"
"Dalbeattie","2021-01-29",,FALSE,"Analysis Failed"
"Dalbeattie","2021-03-29","540",TRUE,"Weak Positive"
"Dalbeattie","2020-09-29","20441",TRUE,"Positive"
"Dalbeattie","2021-06-30","2340",TRUE,"Positive (DNQ)"
"Dalbeattie","2021-11-30","72653",TRUE,"Positive"
"Daldowie","2021-11-01","44826",TRUE,"Positive"
"Daldowie","2021-11-02","56866",TRUE,"Positive"
"Daldowie","2021-02-03","50893",TRUE,"Positive"
"Daldowie","2021-08-03","215042",TRUE,"Positive"
"Daldowie","2021-11-03","24880",TRUE,"Positive"
"Daldowie","2021-03-04","68140",TRUE,"Positive"
"Daldowie","2021-05-04","10344",TRUE,"Positive"
"Daldowie","2021-06-04","10724",TRUE,"Positive (DNQ)"
"Daldowie","2021-04-05","9870",TRUE,"Positive (DNQ)"
"Daldowie","2021-07-05","248915",TRUE,"Positive"
"Daldowie","2021-11-05","22632",TRUE,"Positive"
"Daldowie","2021-01-07","189362",TRUE,"Positive"
"Daldowie","2021-06-07","10230",TRUE,"Positive (DNQ)"
"Daldowie","2021-10-07","49419",TRUE,"Positive"
"Daldowie","2021-11-08","28467",TRUE,"Positive"
"Daldowie","2021-02-09","46759",TRUE,"Positive"
"Daldowie","2021-11-09","10844",TRUE,"Positive"
"Daldowie","2021-05-10","4384",TRUE,"Positive (DNQ)"
"Daldowie","2021-01-11","541165",TRUE,"Positive"
"Daldowie","2021-08-11","66182",TRUE,"Positive"
"Daldowie","2021-10-11","39942",TRUE,"Positive"
"Daldowie","2021-03-12","30529",TRUE,"Positive"
"Daldowie","2021-04-12","39118",TRUE,"Positive"
"Daldowie","2021-10-13","50554",TRUE,"Positive"
"Daldowie","2021-06-14","50757",TRUE,"Positive"
"Daldowie","2021-10-14","159796",TRUE,"Positive"
"Daldowie","2021-02-15","64724",TRUE,"Positive"
"Daldowie","2021-09-16","397203",TRUE,"Positive"
"Daldowie","2021-08-17","94982",TRUE,"Positive"
"Daldowie","2021-01-18","46938",TRUE,"Positive"
"Daldowie","2021-03-18","26113",TRUE,"Positive"
"Daldowie","2021-05-19","14780",TRUE,"Positive"
"Daldowie","2021-10-20","70849",TRUE,"Positive"
"Daldowie","2021-06-21","41747",TRUE,"Positive"
"Daldowie","2021-07-21","290884",TRUE,"Positive"
"Daldowie","2021-08-23","162266",TRUE,"Positive"
"Daldowie","2021-09-23","157944",TRUE,"Positive"
"Daldowie","2021-03-24","30486",TRUE,"Positive"
"Daldowie","2021-05-25","19115",TRUE,"Positive"
"Daldowie","2021-02-26","24883",TRUE,"Positive"
"Daldowie","2021-04-26","7386",TRUE,"Positive (DNQ)"
"Daldowie","2021-07-28","163726",TRUE,"Positive"
"Daldowie","2021-10-29","58342",TRUE,"Positive"
"Daldowie","2021-03-30","15443",TRUE,"Positive"
"Daldowie","2021-06-30","39220",TRUE,"Positive"
"Daldowie","2021-09-30","170721",TRUE,"Positive"
"Daldowie","2021-08-31","196525",TRUE,"Positive"
"Dalmarnock","2021-07-01","287728",TRUE,"Positive"
"Dalmarnock","2021-10-01","135776",TRUE,"Positive"
"Dalmarnock","2021-03-02","72450",TRUE,"Positive"
"Dalmarnock","2021-04-02",,FALSE,"Analysis Failed"
"Dalmarnock","2021-02-03",,FALSE,"Analysis Failed"
"Dalmarnock","2021-05-05","7421",TRUE,"Positive (DNQ)"
"Dalmarnock","2021-07-05","319612",TRUE,"Positive"
"Dalmarnock","2021-10-06","109195",TRUE,"Positive"
"Dalmarnock","2021-04-07","8788",TRUE,"Positive (DNQ)"
"Dalmarnock","2021-06-07","52676",TRUE,"Positive"
"Dalmarnock","2021-07-08","113224",TRUE,"Positive"
"Dalmarnock","2021-09-08","815348",TRUE,"Positive"
"Dalmarnock","2021-10-08","188354",TRUE,"Positive"
"Dalmarnock","2021-06-09","60788",TRUE,"Positive"
"Dalmarnock","2021-02-10",,FALSE,"Analysis Failed"
"Dalmarnock","2021-03-10",,FALSE,"Analysis Failed"
"Dalmarnock","2021-03-10","22874",TRUE,"Positive"
"Dalmarnock","2021-05-10","34154",TRUE,"Positive"
"Dalmarnock","2021-09-10","752865",TRUE,"Positive"
"Dalmarnock","2021-08-11","46509",TRUE,"Positive"
"Dalmarnock","2021-10-11","128095",TRUE,"Positive"
"Dalmarnock","2021-04-12","23115",TRUE,"Positive"
"Dalmarnock","2021-07-12","329167",TRUE,"Positive"
"Dalmarnock","2021-10-13","40380",TRUE,"Positive"
"Dalmarnock","2021-01-15",,FALSE,"Analysis Failed"
"Dalmarnock","2021-10-15","95060",TRUE,"Positive"
"Dalmarnock","2021-06-16","21492",TRUE,"Positive"
"Dalmarnock","2021-08-16","245754",TRUE,"Positive"
"Dalmarnock","2021-02-17","94128",TRUE,"Positive"
"Dalmarnock","2021-09-17","238238",TRUE,"Positive"
"Dalmarnock","2021-03-18","45941",TRUE,"Positive"
"Dalmarnock","2021-06-18","64449",TRUE,"Positive"
"Dalmarnock","2021-08-18","361123",TRUE,"Positive"
"Dalmarnock","2021-10-18","74546",TRUE,"Positive"
"Dalmarnock","2021-07-19","174583",TRUE,"Positive"
"Dalmarnock","2021-10-19","57287",TRUE,"Positive"
"Dalmarnock","2021-06-21","55171",TRUE,"Positive"
"Dalmarnock","2021-02-24","52411",TRUE,"Positive"
"Dalmarnock","2021-06-24","109902",TRUE,"Positive"
"Dalmarnock","2021-09-24","290834",TRUE,"Positive"
"Dalmarnock","2021-03-25","27003",TRUE,"Positive"
"Dalmarnock","2021-08-25","264205",TRUE,"Positive"
"Dalmarnock","2021-10-25","126806",TRUE,"Positive"
"Dalmarnock","2021-01-27","21582",TRUE,"Positive"
"Dalmarnock","2021-04-27","14420",TRUE,"Positive"
"Dalmarnock","2021-06-28","137303",TRUE,"Positive"
"Dalmarnock","2021-09-28","199017",TRUE,"Positive"
"Dalmarnock","2021-07-30","222315",TRUE,"Positive"
"Dalmarnock","2021-08-30","1098979",TRUE,"Positive"
"Dalmarnock","2021-08-31","549909",TRUE,"Positive"
"Dalmuir","2021-06-01","25174",TRUE,"Positive"
"Dalmuir","2020-09-01","9130",TRUE,"Positive (DNQ)"
"Dalmuir","2021-09-01","535886",TRUE,"Positive"
"Dalmuir","2020-12-01","50580",TRUE,"Positive"
"Dalmuir","2021-12-01","132734",TRUE,"Positive"
"Dalmuir","2021-02-02","89589",TRUE,"Positive"
"Dalmuir","2021-03-02","12960",TRUE,"Positive"
"Dalmuir","2021-11-02","19168",TRUE,"Positive"
"Dalmuir","2021-06-03","92340",TRUE,"Positive"
"Dalmuir","2020-11-03","16141",TRUE,"Positive"
"Dalmuir","2021-03-04","23562",TRUE,"Positive"
"Dalmuir","2021-11-04","121062",TRUE,"Positive"
"Dalmuir","2021-01-05","73555",TRUE,"Positive"
"Dalmuir","2021-02-05","29516",TRUE,"Positive"
"Dalmuir","2021-05-05","5320",TRUE,"Positive (DNQ)"
"Dalmuir","2021-01-06","112772",TRUE,"Positive"
"Dalmuir","2021-07-06","106537",TRUE,"Positive"
"Dalmuir","2021-08-06","107500",TRUE,"Positive"
"Dalmuir","2020-10-06","73533",TRUE,"Positive"
"Dalmuir","2021-10-06","138246",TRUE,"Positive"
"Dalmuir","2021-12-06","169005",TRUE,"Positive"
"Dalmuir","2021-04-07","25680",TRUE,"Positive"
"Dalmuir","2021-05-07","5589",TRUE,"Positive (DNQ)"
"Dalmuir","2021-09-07","2205251",TRUE,"Positive"
"Dalmuir","2021-12-07","103004",TRUE,"Positive"
"Dalmuir","2021-07-08","325214",TRUE,"Positive"
"Dalmuir","2020-09-08","14977",TRUE,"Positive"
"Dalmuir","2021-10-08","162020",TRUE,"Positive"
"Dalmuir","2021-11-08","179779",TRUE,"Positive"
"Dalmuir","2020-12-08","35463",TRUE,"Positive"
"Dalmuir","2021-12-08",,FALSE,"Analysis Failed"
"Dalmuir","2021-02-09","101567",TRUE,"Positive"
"Dalmuir","2021-04-09","18983",TRUE,"Positive"
"Dalmuir","2021-06-09","45694",TRUE,"Positive"
"Dalmuir","2021-09-09","694726",TRUE,"Positive"
"Dalmuir","2021-12-09","128708",TRUE,"Positive"
"Dalmuir","2021-02-10","53561",TRUE,"Positive"
"Dalmuir","2021-03-10","28399",TRUE,"Positive"
"Dalmuir","2020-11-10","53355",TRUE,"Positive"
"Dalmuir","2021-11-10","83008",TRUE,"Positive"
"Dalmuir","2021-02-11","55398",TRUE,"Positive"
"Dalmuir","2021-03-11","16725",TRUE,"Positive"
"Dalmuir","2021-05-11","32821",TRUE,"Positive"
"Dalmuir","2021-06-11","70230",TRUE,"Positive"
"Dalmuir","2021-08-11","28182",TRUE,"Positive"
"Dalmuir","2021-10-11","162131",TRUE,"Positive"
"Dalmuir","2021-01-12","144743",TRUE,"Positive"
"Dalmuir","2021-07-12","261204",TRUE,"Positive"
"Dalmuir","2021-11-12","150353",TRUE,"Positive"
"Dalmuir","2021-01-13","157615",TRUE,"Positive"
"Dalmuir","2021-04-13","16442",TRUE,"Positive"
"Dalmuir","2021-05-13","36440",TRUE,"Positive"
"Dalmuir","2021-08-13","83454",TRUE,"Positive"
"Dalmuir","2020-10-13","39797",TRUE,"Positive"
"Dalmuir","2021-10-13","123192",TRUE,"Positive"
"Dalmuir","2021-12-13","193163",TRUE,"Positive"
"Dalmuir","2021-01-14","101632",TRUE,"Positive"
"Dalmuir","2021-04-14","22124",TRUE,"Positive"
"Dalmuir","2021-06-14","22204",TRUE,"Positive"
"Dalmuir","2021-09-14","191488",TRUE,"Positive"
"Dalmuir","2021-12-14","267371",TRUE,"Positive"
"Dalmuir","2021-02-15","31022",TRUE,"Positive"
"Dalmuir","2021-04-15","28397",TRUE,"Positive"
"Dalmuir","2021-11-15","202004",TRUE,"Positive"
"Dalmuir","2021-12-15","236506",TRUE,"Positive"
"Dalmuir","2021-02-16","29834",TRUE,"Positive"
"Dalmuir","2021-03-16","42670",TRUE,"Positive"
"Dalmuir","2021-06-16","34987",TRUE,"Positive"
"Dalmuir","2020-09-16","1863",TRUE,"Positive (DNQ)"
"Dalmuir","2020-12-16","16017",TRUE,"Positive"
"Dalmuir","2021-12-16","109848",TRUE,"Positive"
"Dalmuir","2021-02-17","33633",TRUE,"Positive"
"Dalmuir","2021-03-17","23002",TRUE,"Positive"
"Dalmuir","2021-08-17","233755",TRUE,"Positive"
"Dalmuir","2020-11-17","37429",TRUE,"Positive"
"Dalmuir","2021-01-18","79476",TRUE,"Positive"
"Dalmuir","2021-03-18","26460",TRUE,"Positive"
"Dalmuir","2021-01-19","24310",TRUE,"Positive"
"Dalmuir","2021-05-19","16667",TRUE,"Positive"
"Dalmuir","2021-10-19","45876",TRUE,"Positive"
"Dalmuir","2021-11-19","171989",TRUE,"Positive"
"Dalmuir","2021-01-20","19398",TRUE,"Positive"
"Dalmuir","2021-08-20","350530",TRUE,"Positive"
"Dalmuir","2020-10-20","73624",TRUE,"Positive"
"Dalmuir","2021-12-20","551863",TRUE,"Positive"
"Dalmuir","2021-05-21",,FALSE,"Analysis Failed"
"Dalmuir","2021-07-21","120767",TRUE,"Positive"
"Dalmuir","2021-10-21","75993",TRUE,"Positive"
"Dalmuir","2021-06-22","105250",TRUE,"Positive"
"Dalmuir","2021-07-22","150943",TRUE,"Positive"
"Dalmuir","2020-09-22","24505",TRUE,"Positive"
"Dalmuir","2021-02-23","61077",TRUE,"Positive"
"Dalmuir","2021-03-23","27239",TRUE,"Positive"
"Dalmuir","2021-08-23","211403",TRUE,"Positive"
"Dalmuir","2021-09-23","262890",TRUE,"Positive"
"Dalmuir","2021-11-23","197367",TRUE,"Positive"
"Dalmuir","2021-03-24","24521",TRUE,"Positive"
"Dalmuir","2021-06-24","126953",TRUE,"Positive"
"Dalmuir","2020-11-24","37630",TRUE,"Positive"
"Dalmuir","2021-11-24",,FALSE,"Analysis Failed"
"Dalmuir","2021-02-25","12127",TRUE,"Positive"
"Dalmuir","2021-03-25","21707",TRUE,"Positive"
"Dalmuir","2021-05-25","29915",TRUE,"Positive"
"Dalmuir","2021-08-25","243248",TRUE,"Positive"
"Dalmuir","2021-01-26","77830",TRUE,"Positive"
"Dalmuir","2021-07-26","120521",TRUE,"Positive"
"Dalmuir","2021-04-27","12306",TRUE,"Positive"
"Dalmuir","2021-05-27","16827",TRUE,"Positive"
"Dalmuir","2021-10-27","168396",TRUE,"Positive"
"Dalmuir","2021-07-28","78886",TRUE,"Positive"
"Dalmuir","2021-09-28","53555",TRUE,"Positive"
"Dalmuir","2020-10-28","3418",TRUE,"Positive (DNQ)"
"Dalmuir","2021-12-28","245559",TRUE,"Positive"
"Dalmuir","2021-04-29","4588",TRUE,"Positive (DNQ)"
"Dalmuir","2020-09-29","59329",TRUE,"Positive"
"Dalmuir","2021-10-29","30437",TRUE,"Positive"
"Dalmuir","2021-11-29","234859",TRUE,"Positive"
"Dalmuir","2020-12-29","77744",TRUE,"Positive"
"Dalmuir","2021-12-29","319250",TRUE,"Positive"
"Dalmuir","2021-03-30","13216",TRUE,"Positive"
"Dalmuir","2021-08-30","778454",TRUE,"Positive"
"Dalmuir","2021-09-30","309767",TRUE,"Positive"
"Dalmuir","2021-11-30","187021",TRUE,"Positive"
"Dalmuir","2021-03-31","14152",TRUE,"Positive"
"Dalmuir - Auchinairn (6298)","2021-07-01","434960",TRUE,"Positive"
"Dalmuir - Auchinairn (6298)","2021-11-02","25346",TRUE,"Positive"
"Dalmuir - Auchinairn (6298)","2021-06-03","24781",TRUE,"Positive"
"Dalmuir - Auchinairn (6298)","2021-08-03","19353",TRUE,"Positive"
"Dalmuir - Auchinairn (6298)","2021-09-03","781654",TRUE,"Positive"
"Dalmuir - Auchinairn (6298)","2021-11-04","275519",TRUE,"Positive"
"Dalmuir - Auchinairn (6298)","2021-08-05","105672",TRUE,"Positive"
"Dalmuir - Auchinairn (6298)","2021-04-06","3042",TRUE,"Positive (DNQ)"
"Dalmuir - Auchinairn (6298)","2021-05-06","388",TRUE,"Weak Positive"
"Dalmuir - Auchinairn (6298)","2021-04-07","1221",TRUE,"Weak Positive"
"Dalmuir - Auchinairn (6298)","2021-05-07","0",TRUE,"Negative"
"Dalmuir - Auchinairn (6298)","2021-12-07","78173",TRUE,"Positive"
"Dalmuir - Auchinairn (6298)","2021-04-08","596",TRUE,"Weak Positive"
"Dalmuir - Auchinairn (6298)","2021-04-09","474",TRUE,"Weak Positive"
"Dalmuir - Auchinairn (6298)","2021-06-09","21966",TRUE,"Positive"
"Dalmuir - Auchinairn (6298)","2021-07-09","115721",TRUE,"Positive"
"Dalmuir - Auchinairn (6298)","2021-09-09","55533",TRUE,"Positive"
"Dalmuir - Auchinairn (6298)","2021-11-09","12896",TRUE,"Positive"
"Dalmuir - Auchinairn (6298)","2021-08-10","0",TRUE,"Negative"
"Dalmuir - Auchinairn (6298)","2021-06-11","57405",TRUE,"Positive"
"Dalmuir - Auchinairn (6298)","2021-11-11","233396",TRUE,"Positive"
"Dalmuir - Auchinairn (6298)","2021-04-12","3444",TRUE,"Positive (DNQ)"
"Dalmuir - Auchinairn (6298)","2021-08-12","12769",TRUE,"Positive"
"Dalmuir - Auchinairn (6298)","2021-04-13","1058",TRUE,"Weak Positive"
"Dalmuir - Auchinairn (6298)","2021-05-13","852",TRUE,"Weak Positive"
"Dalmuir - Auchinairn (6298)","2021-09-13","108898",TRUE,"Positive"
"Dalmuir - Auchinairn (6298)","2021-04-15",,FALSE,"Analysis Failed"
"Dalmuir - Auchinairn (6298)","2021-06-16","1349",TRUE,"Positive (DNQ)"
"Dalmuir - Auchinairn (6298)","2021-07-16","230662",TRUE,"Positive"
"Dalmuir - Auchinairn (6298)","2021-11-16","91959",TRUE,"Positive"
"Dalmuir - Auchinairn (6298)","2021-12-16","114947",TRUE,"Positive"
"Dalmuir - Auchinairn (6298)","2021-08-17","31297",TRUE,"Positive"
"Dalmuir - Auchinairn (6298)","2021-06-18","597",TRUE,"Weak Positive"
"Dalmuir - Auchinairn (6298)","2021-11-18","45594",TRUE,"Positive"
"Dalmuir - Auchinairn (6298)","2021-04-19","524",TRUE,"Weak Positive"
"Dalmuir - Auchinairn (6298)","2021-08-19","501453",TRUE,"Positive"
"Dalmuir - Auchinairn (6298)","2021-10-19","143309",TRUE,"Positive"
"Dalmuir - Auchinairn (6298)","2021-07-20","15327",TRUE,"Positive"
"Dalmuir - Auchinairn (6298)","2021-06-22","19795",TRUE,"Positive"
"Dalmuir - Auchinairn (6298)","2021-07-23","17305",TRUE,"Positive"
"Dalmuir - Auchinairn (6298)","2021-09-23","88916",TRUE,"Positive"
"Dalmuir - Auchinairn (6298)","2021-11-23","20280",TRUE,"Positive"
"Dalmuir - Auchinairn (6298)","2021-08-24","288733",TRUE,"Positive"
"Dalmuir - Auchinairn (6298)","2021-06-25","20063",TRUE,"Positive"
"Dalmuir - Auchinairn (6298)","2021-11-25",,FALSE,"Analysis Failed"
"Dalmuir - Auchinairn (6298)","2021-08-26","241744",TRUE,"Positive"
"Dalmuir - Auchinairn (6298)","2021-10-26","106871",TRUE,"Positive"
"Dalmuir - Auchinairn (6298)","2021-04-28","0",TRUE,"Negative"
"Dalmuir - Auchinairn (6298)","2021-07-28","40885",TRUE,"Positive"
"Dalmuir - Auchinairn (6298)","2021-10-28","124658",TRUE,"Positive"
"Dalmuir - Auchinairn (6298)","2021-04-29","680",TRUE,"Weak Positive"
"Dalmuir - Auchinairn (6298)","2021-06-30","44256",TRUE,"Positive"
"Dalmuir - Auchinairn (6298)","2021-07-30","26470",TRUE,"Positive"
"Dalmuir - Auchinairn (6298)","2021-08-31","184992",TRUE,"Positive"
"Dalmuir - Auchinairn (6330)","2021-07-01","148920",TRUE,"Positive"
"Dalmuir - Auchinairn (6330)","2021-11-02","19658",TRUE,"Positive"
"Dalmuir - Auchinairn (6330)","2021-06-03","11109",TRUE,"Positive"
"Dalmuir - Auchinairn (6330)","2021-08-03","8259",TRUE,"Positive (DNQ)"
"Dalmuir - Auchinairn (6330)","2021-09-03","301971",TRUE,"Positive"
"Dalmuir - Auchinairn (6330)","2021-10-04","164342",TRUE,"Positive"
"Dalmuir - Auchinairn (6330)","2021-11-04","37849",TRUE,"Positive"
"Dalmuir - Auchinairn (6330)","2021-08-05","24380",TRUE,"Positive"
"Dalmuir - Auchinairn (6330)","2021-04-06","4360",TRUE,"Positive (DNQ)"
"Dalmuir - Auchinairn (6330)","2021-05-06","4341",TRUE,"Positive (DNQ)"
"Dalmuir - Auchinairn (6330)","2021-04-07","1234",TRUE,"Weak Positive"
"Dalmuir - Auchinairn (6330)","2021-05-07","0",TRUE,"Negative"
"Dalmuir - Auchinairn (6330)","2021-12-07","5452",TRUE,"Weak Positive"
"Dalmuir - Auchinairn (6330)","2021-04-08","14462",TRUE,"Positive"
"Dalmuir - Auchinairn (6330)","2021-04-09","2138",TRUE,"Positive (DNQ)"
"Dalmuir - Auchinairn (6330)","2021-06-09","51402",TRUE,"Positive"
"Dalmuir - Auchinairn (6330)","2021-07-09","107116",TRUE,"Positive"
"Dalmuir - Auchinairn (6330)","2021-09-09","153206",TRUE,"Positive"
"Dalmuir - Auchinairn (6330)","2021-11-09","133165",TRUE,"Positive"
"Dalmuir - Auchinairn (6330)","2021-08-10","1328",TRUE,"Weak Positive"
"Dalmuir - Auchinairn (6330)","2021-06-11","26460",TRUE,"Positive"
"Dalmuir - Auchinairn (6330)","2021-11-11","100457",TRUE,"Positive"
"Dalmuir - Auchinairn (6330)","2021-04-12","11897",TRUE,"Positive"
"Dalmuir - Auchinairn (6330)","2021-08-12","29606",TRUE,"Positive"
"Dalmuir - Auchinairn (6330)","2021-04-13","3658",TRUE,"Positive (DNQ)"
"Dalmuir - Auchinairn (6330)","2021-05-13","1809",TRUE,"Positive (DNQ)"
"Dalmuir - Auchinairn (6330)","2021-09-13","863129",TRUE,"Positive"
"Dalmuir - Auchinairn (6330)","2021-12-14","55771",TRUE,"Positive"
"Dalmuir - Auchinairn (6330)","2021-06-16","18393",TRUE,"Positive"
"Dalmuir - Auchinairn (6330)","2021-07-16","154929",TRUE,"Positive"
"Dalmuir - Auchinairn (6330)","2021-11-16","9275",TRUE,"Positive (DNQ)"
"Dalmuir - Auchinairn (6330)","2021-12-16","189841",TRUE,"Positive"
"Dalmuir - Auchinairn (6330)","2021-08-17","146001",TRUE,"Positive"
"Dalmuir - Auchinairn (6330)","2021-06-18","75135",TRUE,"Positive"
"Dalmuir - Auchinairn (6330)","2021-11-18","62668",TRUE,"Positive"
"Dalmuir - Auchinairn (6330)","2021-04-19","6142",TRUE,"Positive (DNQ)"
"Dalmuir - Auchinairn (6330)","2021-08-19","733872",TRUE,"Positive"
"Dalmuir - Auchinairn (6330)","2021-10-19",,FALSE,"Analysis Failed"
"Dalmuir - Auchinairn (6330)","2021-07-20","78587",TRUE,"Positive"
"Dalmuir - Auchinairn (6330)","2021-09-20",,FALSE,"Analysis Failed"
"Dalmuir - Auchinairn (6330)","2021-06-22","44842",TRUE,"Positive"
"Dalmuir - Auchinairn (6330)","2021-07-23","76830",TRUE,"Positive"
"Dalmuir - Auchinairn (6330)","2021-09-23",,FALSE,"Analysis Failed"
"Dalmuir - Auchinairn (6330)","2021-11-23",,FALSE,"Analysis Failed"
"Dalmuir - Auchinairn (6330)","2021-08-24","181367",TRUE,"Positive"
"Dalmuir - Auchinairn (6330)","2021-06-25","29267",TRUE,"Positive"
"Dalmuir - Auchinairn (6330)","2021-11-25","75360",TRUE,"Positive"
"Dalmuir - Auchinairn (6330)","2021-08-26","514063",TRUE,"Positive"
"Dalmuir - Auchinairn (6330)","2021-10-26","283807",TRUE,"Positive"
"Dalmuir - Auchinairn (6330)","2021-04-28","1733",TRUE,"Positive (DNQ)"
"Dalmuir - Auchinairn (6330)","2021-07-28","21375",TRUE,"Positive"
"Dalmuir - Auchinairn (6330)","2021-10-28","28759",TRUE,"Positive"
"Dalmuir - Auchinairn (6330)","2021-04-29","0",TRUE,"Negative"
"Dalmuir - Auchinairn (6330)","2021-06-30","37776",TRUE,"Positive"
"Dalmuir - Auchinairn (6330)","2021-07-30","93685",TRUE,"Positive"
"Dalmuir - Auchinairn (6330)","2021-08-31","366933",TRUE,"Positive"
"Dalmuir - Clydebank","2021-07-01","252281",TRUE,"Positive"
"Dalmuir - Clydebank","2021-06-03","76376",TRUE,"Positive"
"Dalmuir - Clydebank","2021-04-06","1959",TRUE,"Positive (DNQ)"
"Dalmuir - Clydebank","2021-05-06","297",TRUE,"Weak Positive"
"Dalmuir - Clydebank","2021-04-07","1113",TRUE,"Weak Positive"
"Dalmuir - Clydebank","2021-05-07","0",TRUE,"Negative"
"Dalmuir - Clydebank","2021-04-08","1114",TRUE,"Weak Positive"
"Dalmuir - Clydebank","2021-04-09","13321",TRUE,"Positive"
"Dalmuir - Clydebank","2021-06-09","9537",TRUE,"Positive (DNQ)"
"Dalmuir - Clydebank","2021-07-09","101221",TRUE,"Positive"
"Dalmuir - Clydebank","2021-08-10","24802",TRUE,"Positive"
"Dalmuir - Clydebank","2021-06-11","3084",TRUE,"Positive (DNQ)"
"Dalmuir - Clydebank","2021-04-12","13944",TRUE,"Positive"
"Dalmuir - Clydebank","2021-08-12","9982",TRUE,"Positive"
"Dalmuir - Clydebank","2021-04-13","17792",TRUE,"Positive"
"Dalmuir - Clydebank","2021-05-13","0",TRUE,"Negative"
"Dalmuir - Clydebank","2021-06-16","0",TRUE,"Negative"
"Dalmuir - Clydebank","2021-07-16","62144",TRUE,"Positive"
"Dalmuir - Clydebank","2021-06-18","9877",TRUE,"Positive (DNQ)"
"Dalmuir - Clydebank","2021-07-20","33469",TRUE,"Positive"
"Dalmuir - Clydebank","2021-06-22","91135",TRUE,"Positive"
"Dalmuir - Clydebank","2021-07-23","107990",TRUE,"Positive"
"Dalmuir - Clydebank","2021-06-25","77811",TRUE,"Positive"
"Dalmuir - Clydebank","2021-04-27","4179",TRUE,"Positive (DNQ)"
"Dalmuir - Clydebank","2021-04-29","784",TRUE,"Weak Positive"
"Dalmuir - Clydebank","2021-06-30","368368",TRUE,"Positive"
"Dalmuir - Minerva St","2021-11-03",,FALSE,"Analysis Failed"
"Dalmuir - Minerva St","2021-11-04","371033",TRUE,"Positive"
"Dalmuir - Minerva St","2021-11-08","2533247",TRUE,"Positive"
"Dalmuir - Minerva St","2021-11-09","2624584",TRUE,"Positive"
"Dalmuir - Minerva St","2021-11-10","113438",TRUE,"Positive"
"Dalmuir - Minerva St","2021-11-11","94831",TRUE,"Positive"
"Dalmuir - Minerva St","2021-11-12","12595",TRUE,"Positive"
"Dalmuir - SECC","2021-11-03","90154",TRUE,"Positive"
"Dalmuir - SECC","2021-11-04","72961",TRUE,"Positive"
"Dalmuir - SECC","2021-10-08","5108",TRUE,"Weak Positive"
"Dalmuir - SECC","2021-11-08","1486856",TRUE,"Positive"
"Dalmuir - SECC","2021-11-09","1072419",TRUE,"Positive"
"Dalmuir - SECC","2021-11-10","51930",TRUE,"Positive"
"Dalmuir - SECC","2021-10-11","1668",TRUE,"Weak Positive"
"Dalmuir - SECC","2021-11-11",,FALSE,"Analysis Failed"
"Dalmuir - SECC","2021-10-12","36021",TRUE,"Positive"
"Dalmuir - SECC","2021-11-12","12530",TRUE,"Positive"
"Dalmuir - SECC","2021-10-13","34522",TRUE,"Positive"
"Dalmuir - SECC","2021-10-14","12300",TRUE,"Positive"
"Dalmuir - SECC","2021-10-15","4455",TRUE,"Weak Positive"
"Dalmuir - SECC","2021-11-15","20397",TRUE,"Positive"
"Dalmuir - SECC","2021-11-16","13529",TRUE,"Positive"
"Dalmuir - SECC","2021-10-18","14053",TRUE,"Positive"
"Dalmuir - SECC","2021-11-18","3086",TRUE,"Weak Positive"
"Dalmuir - SECC","2021-10-19","0",TRUE,"Negative"
"Dalmuir - SECC","2021-11-19","1264802",TRUE,"Positive"
"Dalmuir - SECC","2021-10-20","165607",TRUE,"Positive"
"Dalmuir - SECC","2021-10-21","148943",TRUE,"Positive"
"Dalmuir - SECC","2021-10-22","30826",TRUE,"Positive"
"Dalmuir - SECC","2021-11-22","10939",TRUE,"Positive"
"Dalmuir - SECC","2021-11-23","6745",TRUE,"Positive (DNQ)"
"Dalmuir - SECC","2021-11-24","4687",TRUE,"Weak Positive"
"Dalmuir - SECC","2021-10-25","988615",TRUE,"Positive"
"Dalmuir - SECC","2021-11-25","10541",TRUE,"Positive"
"Dalmuir - SECC","2021-11-25",,FALSE,"Analysis Failed"
"Dalmuir - SECC","2021-10-26","291122",TRUE,"Positive"
"Dalmuir - SECC","2021-10-27","23213",TRUE,"Positive"
"Dalmuir - SECC","2021-10-28","196872",TRUE,"Positive"
"Dalscone","2021-03-02","1225",TRUE,"Weak Positive"
"Dalscone","2020-10-02","13612",TRUE,"Positive"
"Dalscone","2021-03-04",,FALSE,"Analysis Failed"
"Dalscone","2020-12-04","3442",TRUE,"Positive (DNQ)"
"Dalscone","2021-02-05",,FALSE,"Analysis Failed"
"Dalscone","2021-04-06",,FALSE,"Analysis Failed"
"Dalscone","2020-10-06","11443",TRUE,"Positive"
"Dalscone","2021-01-08",,FALSE,"Analysis Failed"
"Dalscone","2021-02-08",,FALSE,"Analysis Failed"
"Dalscone","2021-03-08",,FALSE,"Analysis Failed"
"Dalscone","2021-04-08",,FALSE,"Analysis Failed"
"Dalscone","2020-09-08","585",TRUE,"Weak Positive"
"Dalscone","2021-03-10",,FALSE,"Analysis Failed"
"Dalscone","2021-03-10","1644",TRUE,"Positive (DNQ)"
"Dalscone","2020-12-11","0",TRUE,"Negative"
"Dalscone","2021-04-12",,FALSE,"Analysis Failed"
"Dalscone","2020-10-13","5811",TRUE,"Positive (DNQ)"
"Dalscone","2021-01-14","47144",TRUE,"Positive"
"Dalscone","2021-04-14",,FALSE,"Analysis Failed"
"Dalscone","2021-03-15",,FALSE,"Analysis Failed"
"Dalscone","2021-03-15","2642",TRUE,"Positive (DNQ)"
"Dalscone","2020-12-15","2592",TRUE,"Positive (DNQ)"
"Dalscone","2020-09-16","579",TRUE,"Weak Positive"
"Dalscone","2021-03-17",,FALSE,"Analysis Failed"
"Dalscone","2021-02-20",,FALSE,"Analysis Failed"
"Dalscone","2020-11-20","27598",TRUE,"Positive"
"Dalscone","2020-09-21","1021",TRUE,"Weak Positive"
"Dalscone","2021-01-22",,FALSE,"Analysis Failed"
"Dalscone","2021-02-22",,FALSE,"Analysis Failed"
"Dalscone","2021-03-23",,FALSE,"Analysis Failed"
"Dalscone","2021-03-23","8964",TRUE,"Positive (DNQ)"
"Dalscone","2021-03-25",,FALSE,"Analysis Failed"
"Dalscone","2020-10-26","2801",TRUE,"Positive (DNQ)"
"Dalscone","2020-11-27","6803",TRUE,"Positive (DNQ)"
"Dalscone","2021-01-29",,FALSE,"Analysis Failed"
"Dalscone","2021-03-29",,FALSE,"Analysis Failed"
"Dalscone","2021-03-29",,FALSE,"Analysis Failed"
"Dalscone","2021-04-29","0",TRUE,"Negative"
"Dalscone","2021-03-31",,FALSE,"Analysis Failed"
"Denny","2021-03-01","32343",TRUE,"Positive"
"Denny","2021-06-01","3397",TRUE,"Positive (DNQ)"
"Denny","2021-03-02","25571",TRUE,"Positive"
"Denny","2021-07-02","78875",TRUE,"Positive"
"Denny","2021-11-02","65695",TRUE,"Positive"
"Denny","2021-06-03","918",TRUE,"Weak Positive"
"Denny","2021-09-03","2926",TRUE,"Weak Positive"
"Denny","2021-05-04","3905",TRUE,"Positive (DNQ)"
"Denny","2021-10-04","249793",TRUE,"Positive"
"Denny","2021-04-05","15453",TRUE,"Positive"
"Denny","2021-07-05","57080",TRUE,"Positive"
"Denny","2021-08-05",,FALSE,"Analysis Failed"
"Denny","2021-11-05","11181",TRUE,"Positive"
"Denny","2021-05-06","5983",TRUE,"Positive (DNQ)"
"Denny","2021-09-06","0",TRUE,"Negative"
"Denny","2021-10-06","132228",TRUE,"Positive"
"Denny","2021-06-07","838",TRUE,"Weak Positive"
"Denny","2021-07-07","183184",TRUE,"Positive"
"Denny","2021-12-07","164660",TRUE,"Positive"
"Denny","2021-03-08","12176",TRUE,"Positive"
"Denny","2021-04-08","350863",TRUE,"Positive"
"Denny","2021-09-08","5963",TRUE,"Weak Positive"
"Denny","2021-03-09","17874",TRUE,"Positive"
"Denny","2021-06-09","2324",TRUE,"Positive (DNQ)"
"Denny","2021-11-09","7289",TRUE,"Positive (DNQ)"
"Denny","2021-05-10","3746",TRUE,"Positive (DNQ)"
"Denny","2021-11-11","48108",TRUE,"Positive"
"Denny","2021-04-12","48251",TRUE,"Positive"
"Denny","2021-04-13","7634",TRUE,"Positive (DNQ)"
"Denny","2021-05-13","6776",TRUE,"Positive (DNQ)"
"Denny","2021-07-13","82213",TRUE,"Positive"
"Denny","2021-10-13","113493",TRUE,"Positive"
"Denny","2021-12-14","185239",TRUE,"Positive"
"Denny","2021-03-15","12211",TRUE,"Positive"
"Denny","2021-09-15","27235",TRUE,"Positive"
"Denny","2021-03-16","105078",TRUE,"Positive"
"Denny","2021-06-16","6080",TRUE,"Positive (DNQ)"
"Denny","2021-11-16","253911",TRUE,"Positive"
"Denny","2021-12-16","72219",TRUE,"Positive"
"Denny","2021-02-18","20737",TRUE,"Positive"
"Denny","2021-05-18","9499",TRUE,"Positive (DNQ)"
"Denny","2021-06-18","65869",TRUE,"Positive"
"Denny","2021-11-18","63287",TRUE,"Positive"
"Denny","2021-02-19","47923",TRUE,"Positive"
"Denny","2021-07-19","77096",TRUE,"Positive"
"Denny","2021-10-19","65804",TRUE,"Positive"
"Denny","2021-05-20","51304",TRUE,"Positive"
"Denny","2021-09-21","134990",TRUE,"Positive"
"Denny","2021-10-21","28102",TRUE,"Positive"
"Denny","2021-02-22","12307",TRUE,"Positive"
"Denny","2021-03-22","87487",TRUE,"Positive"
"Denny","2021-06-22","28292",TRUE,"Positive"
"Denny","2021-02-23","29811",TRUE,"Positive"
"Denny","2021-03-23","35034",TRUE,"Positive"
"Denny","2021-11-23","61109",TRUE,"Positive"
"Denny","2021-06-24","12071",TRUE,"Positive"
"Denny","2021-05-25","12836",TRUE,"Positive"
"Denny","2021-11-25","227948",TRUE,"Positive"
"Denny","2021-04-26","27844",TRUE,"Positive"
"Denny","2021-07-26","58686",TRUE,"Positive"
"Denny","2021-08-27","66581",TRUE,"Positive"
"Denny","2021-10-27","29713",TRUE,"Positive"
"Denny","2021-05-28","323",TRUE,"Weak Positive"
"Denny","2021-09-28","41241",TRUE,"Positive"
"Denny","2021-03-29","38829",TRUE,"Positive"
"Denny","2021-10-29","14766",TRUE,"Positive"
"Denny","2021-04-30","683",TRUE,"Weak Positive"
"Denny","2021-06-30","33061",TRUE,"Positive"
"Denny","2021-09-30","88393",TRUE,"Positive"
"Denny","2021-11-30","110523",TRUE,"Positive"
"Denny","2021-03-31","97324",TRUE,"Positive"
"Denny","2021-08-31","9067",TRUE,"Positive (DNQ)"
"Dunbar","2021-03-01","49375",TRUE,"Positive"
"Dunbar","2021-06-01",,FALSE,"Analysis Failed"
"Dunbar","2021-05-04","0",TRUE,"Negative"
"Dunbar","2021-07-05","331132",TRUE,"Positive"
"Dunbar","2021-11-05","86412",TRUE,"Positive"
"Dunbar","2021-04-06","2341",TRUE,"Positive (DNQ)"
"Dunbar","2021-12-06","211835",TRUE,"Positive"
"Dunbar","2021-06-07","39307",TRUE,"Positive"
"Dunbar","2021-10-08","62963",TRUE,"Positive"
"Dunbar","2021-05-10","0",TRUE,"Negative"
"Dunbar","2021-03-11","27549",TRUE,"Positive"
"Dunbar","2021-10-11","29289",TRUE,"Positive"
"Dunbar","2021-11-11","245758",TRUE,"Positive"
"Dunbar","2021-04-12","0",TRUE,"Negative"
"Dunbar","2021-07-12","457146",TRUE,"Positive"
"Dunbar","2021-09-13","146913",TRUE,"Positive"
"Dunbar","2021-12-13","130688",TRUE,"Positive"
"Dunbar","2021-06-14","9722",TRUE,"Positive (DNQ)"
"Dunbar","2021-11-15",,FALSE,"Analysis Failed"
"Dunbar","2021-03-16","6696",TRUE,"Positive (DNQ)"
"Dunbar","2021-02-17","2385",TRUE,"Positive (DNQ)"
"Dunbar","2021-05-17","0",TRUE,"Negative"
"Dunbar","2021-10-18","15344",TRUE,"Positive"
"Dunbar","2021-07-20","113747",TRUE,"Positive"
"Dunbar","2021-06-21","48780",TRUE,"Positive"
"Dunbar","2021-02-22","18186",TRUE,"Positive"
"Dunbar","2021-11-22","254931",TRUE,"Positive"
"Dunbar","2021-03-23","1657",TRUE,"Positive (DNQ)"
"Dunbar","2021-08-23","162048",TRUE,"Positive"
"Dunbar","2021-04-26","0",TRUE,"Negative"
"Dunbar","2021-07-26","37336",TRUE,"Positive"
"Dunbar","2021-09-27","61762",TRUE,"Positive"
"Dunbar","2021-05-28","6695",TRUE,"Positive (DNQ)"
"Dunbar","2021-06-28","126039",TRUE,"Positive"
"Dunbar","2021-08-30","351300",TRUE,"Positive"
"Dunbar","2021-03-31","897",TRUE,"Weak Positive"
"Dunblane","2021-09-01","191626",TRUE,"Positive"
"Dunblane","2021-06-02","2915",TRUE,"Positive (DNQ)"
"Dunblane","2021-07-02","347198",TRUE,"Positive"
"Dunblane","2021-11-02","31986",TRUE,"Positive"
"Dunblane","2021-05-04","5233",TRUE,"Positive (DNQ)"
"Dunblane","2021-11-04","81445",TRUE,"Positive"
"Dunblane","2021-04-05","4396",TRUE,"Positive (DNQ)"
"Dunblane","2021-08-05","49484",TRUE,"Positive"
"Dunblane","2021-10-05","185607",TRUE,"Positive"
"Dunblane","2021-05-06","996",TRUE,"Weak Positive"
"Dunblane","2021-07-06","35510",TRUE,"Positive"
"Dunblane","2021-09-06","240959",TRUE,"Positive"
"Dunblane","2021-06-07","39711",TRUE,"Positive"
"Dunblane","2021-12-07","25193",TRUE,"Positive"
"Dunblane","2021-07-08","335419",TRUE,"Positive"
"Dunblane","2021-09-08","106837",TRUE,"Positive"
"Dunblane","2021-04-09","1986",TRUE,"Positive (DNQ)"
"Dunblane","2021-06-09","14586",TRUE,"Positive"
"Dunblane","2021-11-09","25145",TRUE,"Positive"
"Dunblane","2021-05-11","1358",TRUE,"Weak Positive"
"Dunblane","2021-11-11","76395",TRUE,"Positive"
"Dunblane","2021-07-12","72818",TRUE,"Positive"
"Dunblane","2021-04-14","2114",TRUE,"Positive (DNQ)"
"Dunblane","2021-05-14","1699",TRUE,"Positive (DNQ)"
"Dunblane","2021-06-14","8102",TRUE,"Positive (DNQ)"
"Dunblane","2021-09-14","219956",TRUE,"Positive"
"Dunblane","2021-12-14","199696",TRUE,"Positive"
"Dunblane","2021-04-15","852",TRUE,"Weak Positive"
"Dunblane","2021-09-16","168313",TRUE,"Positive"
"Dunblane","2021-11-16","206148",TRUE,"Positive"
"Dunblane","2021-12-16","73924",TRUE,"Positive"
"Dunblane","2021-06-17","31661912",TRUE,"Positive"
"Dunblane","2021-05-18","3697",TRUE,"Positive (DNQ)"
"Dunblane","2021-08-18","158322",TRUE,"Positive"
"Dunblane","2021-10-18","212257",TRUE,"Positive"
"Dunblane","2021-11-18","253521",TRUE,"Positive"
"Dunblane","2021-07-19","50609",TRUE,"Positive"
"Dunblane","2021-05-20","485",TRUE,"Weak Positive"
"Dunblane","2021-09-20","124579",TRUE,"Positive"
"Dunblane","2021-10-20","113277",TRUE,"Positive"
"Dunblane","2021-06-21","168645",TRUE,"Positive"
"Dunblane","2021-09-22","175646",TRUE,"Positive"
"Dunblane","2021-08-23","59956",TRUE,"Positive"
"Dunblane","2021-11-23","190754",TRUE,"Positive"
"Dunblane","2021-06-24","37969",TRUE,"Positive"
"Dunblane","2021-05-25","94685",TRUE,"Positive"
"Dunblane","2021-10-25","78634",TRUE,"Positive"
"Dunblane","2021-11-25","427621",TRUE,"Positive"
"Dunblane","2021-04-26","5433",TRUE,"Positive (DNQ)"
"Dunblane","2021-07-26","94404",TRUE,"Positive"
"Dunblane","2021-10-27","366570",TRUE,"Positive"
"Dunblane","2021-05-28","12087",TRUE,"Positive"
"Dunblane","2021-03-29",,FALSE,"Analysis Failed"
"Dunblane","2021-03-29","829",TRUE,"Weak Positive"
"Dunblane","2021-04-29",,FALSE,"Analysis Failed"
"Dunblane","2021-09-29","160135",TRUE,"Positive"
"Dunblane","2021-03-30","0",TRUE,"Negative"
"Dunblane","2021-03-30",,FALSE,"Analysis Failed"
"Dunblane","2021-06-30","157310",TRUE,"Positive"
"Dunblane","2021-08-30","133970",TRUE,"Positive"
"Dunblane","2021-05-31","11373",TRUE,"Positive"
"Dunfermline","2021-04-01","18539",TRUE,"Positive"
"Dunfermline","2021-06-01","4694",TRUE,"Positive (DNQ)"
"Dunfermline","2021-07-01","353655",TRUE,"Positive"
"Dunfermline","2021-10-01","92241",TRUE,"Positive"
"Dunfermline","2021-11-01","112787",TRUE,"Positive"
"Dunfermline","2021-12-01",,FALSE,"Analysis Failed"
"Dunfermline","2021-03-02","33031",TRUE,"Positive"
"Dunfermline","2021-08-02","189833",TRUE,"Positive"
"Dunfermline","2020-09-02","379",TRUE,"Weak Positive"
"Dunfermline","2021-09-02","660342",TRUE,"Positive"
"Dunfermline","2020-10-02","5246",TRUE,"Positive (DNQ)"
"Dunfermline","2020-11-02","28348",TRUE,"Positive"
"Dunfermline","2021-02-03","18697",TRUE,"Positive"
"Dunfermline","2021-03-03","37351",TRUE,"Positive"
"Dunfermline","2021-06-04","3703",TRUE,"Positive (DNQ)"
"Dunfermline","2021-08-04","138756",TRUE,"Positive"
"Dunfermline","2020-09-04","0",TRUE,"Negative"
"Dunfermline","2021-01-05","98810",TRUE,"Positive"
"Dunfermline","2021-05-05","4317",TRUE,"Positive (DNQ)"
"Dunfermline","2021-07-05","213323",TRUE,"Positive"
"Dunfermline","2021-04-06","13851",TRUE,"Positive"
"Dunfermline","2020-09-06","585",TRUE,"Weak Positive"
"Dunfermline","2020-10-06","12208",TRUE,"Positive"
"Dunfermline","2021-10-06","75471",TRUE,"Positive"
"Dunfermline","2021-12-06","375256",TRUE,"Positive"
"Dunfermline","2021-05-07","740",TRUE,"Weak Positive"
"Dunfermline","2020-09-07","0",TRUE,"Negative"
"Dunfermline","2021-09-07","3129546",TRUE,"Positive"
"Dunfermline","2021-06-08","12464",TRUE,"Positive"
"Dunfermline","2020-09-08","1454",TRUE,"Positive (DNQ)"
"Dunfermline","2021-10-08","116459",TRUE,"Positive"
"Dunfermline","2021-11-08","158798",TRUE,"Positive"
"Dunfermline","2021-12-08",,FALSE,"Analysis Failed"
"Dunfermline","2021-03-09","12099",TRUE,"Positive"
"Dunfermline","2021-04-09","22420",TRUE,"Positive"
"Dunfermline","2021-07-09",,FALSE,"Analysis Failed"
"Dunfermline","2021-09-09","752500",TRUE,"Positive"
"Dunfermline","2021-02-10","13021",TRUE,"Positive"
"Dunfermline","2021-03-10","27325",TRUE,"Positive"
"Dunfermline","2021-05-10","11993",TRUE,"Positive"
"Dunfermline","2021-08-10","64314",TRUE,"Positive"
"Dunfermline","2021-11-10","132661",TRUE,"Positive"
"Dunfermline","2020-12-10","24544",TRUE,"Positive"
"Dunfermline","2021-12-10","97887",TRUE,"Positive"
"Dunfermline","2021-01-11","64637",TRUE,"Positive"
"Dunfermline","2021-06-11","21811",TRUE,"Positive"
"Dunfermline","2021-10-11","35908",TRUE,"Positive"
"Dunfermline","2021-05-12","18754",TRUE,"Positive"
"Dunfermline","2021-08-12","43191",TRUE,"Positive"
"Dunfermline","2020-11-12","53158",TRUE,"Positive"
"Dunfermline","2021-11-12","332453",TRUE,"Positive"
"Dunfermline","2021-07-13","652417",TRUE,"Positive"
"Dunfermline","2020-10-13","25707",TRUE,"Positive"
"Dunfermline","2021-10-13","146771",TRUE,"Positive"
"Dunfermline","2021-12-13","138048",TRUE,"Positive"
"Dunfermline","2020-09-14","2955",TRUE,"Positive (DNQ)"
"Dunfermline","2021-10-14","266025",TRUE,"Positive"
"Dunfermline","2021-06-15","27485",TRUE,"Positive"
"Dunfermline","2021-09-15","349238",TRUE,"Positive"
"Dunfermline","2021-11-15","583109",TRUE,"Positive"
"Dunfermline","2021-12-15","346388",TRUE,"Positive"
"Dunfermline","2021-07-16","241413",TRUE,"Positive"
"Dunfermline","2020-11-16","12680",TRUE,"Positive"
"Dunfermline","2020-12-16","44877",TRUE,"Positive"
"Dunfermline","2021-03-17","6312",TRUE,"Positive (DNQ)"
"Dunfermline","2021-05-17","4746",TRUE,"Positive (DNQ)"
"Dunfermline","2020-09-17","8497",TRUE,"Positive (DNQ)"
"Dunfermline","2021-09-17","592556",TRUE,"Positive"
"Dunfermline","2021-11-17","336766",TRUE,"Positive"
"Dunfermline","2021-12-17","388731",TRUE,"Positive"
"Dunfermline","2021-02-18","37041",TRUE,"Positive"
"Dunfermline","2021-06-18","22660",TRUE,"Positive"
"Dunfermline","2021-02-19","19225",TRUE,"Positive"
"Dunfermline","2021-03-19","24814",TRUE,"Positive"
"Dunfermline","2021-08-19","187851",TRUE,"Positive"
"Dunfermline","2020-10-19","15082",TRUE,"Positive"
"Dunfermline","2021-10-19","83920",TRUE,"Positive"
"Dunfermline","2021-11-19","403150",TRUE,"Positive"
"Dunfermline","2021-05-20","6299",TRUE,"Positive (DNQ)"
"Dunfermline","2021-07-20","156652",TRUE,"Positive"
"Dunfermline","2021-12-20","452435",TRUE,"Positive"
"Dunfermline","2020-09-21","13036",TRUE,"Positive"
"Dunfermline","2021-09-21","220542",TRUE,"Positive"
"Dunfermline","2021-01-22","18759",TRUE,"Positive"
"Dunfermline","2021-10-22","134249",TRUE,"Positive"
"Dunfermline","2021-06-23","44642",TRUE,"Positive"
"Dunfermline","2021-07-23","326350",TRUE,"Positive"
"Dunfermline","2021-11-23","176911",TRUE,"Positive"
"Dunfermline","2021-02-24","18587",TRUE,"Positive"
"Dunfermline","2021-09-24","141091",TRUE,"Positive"
"Dunfermline","2021-11-24","127525",TRUE,"Positive"
"Dunfermline","2021-02-25","23913",TRUE,"Positive"
"Dunfermline","2021-03-25","28251",TRUE,"Positive"
"Dunfermline","2021-05-25","10432",TRUE,"Positive"
"Dunfermline","2021-06-25","132325",TRUE,"Positive"
"Dunfermline","2021-10-25","140343",TRUE,"Positive"
"Dunfermline","2021-03-26","3145",TRUE,"Positive (DNQ)"
"Dunfermline","2021-08-26","273204",TRUE,"Positive"
"Dunfermline","2021-01-27","3645",TRUE,"Positive (DNQ)"
"Dunfermline","2021-04-27","12768",TRUE,"Positive"
"Dunfermline","2021-05-27","2541",TRUE,"Positive (DNQ)"
"Dunfermline","2021-07-27","110024",TRUE,"Positive"
"Dunfermline","2021-08-27","494184",TRUE,"Positive"
"Dunfermline","2021-09-28","101931",TRUE,"Positive"
"Dunfermline","2021-06-29","225215",TRUE,"Positive"
"Dunfermline","2021-10-29","84544",TRUE,"Positive"
"Dunfermline","2021-12-29","316912",TRUE,"Positive"
"Dunfermline","2021-04-30","19934",TRUE,"Positive"
"Dunfermline","2021-07-30","200176",TRUE,"Positive"
"Dunfermline","2020-10-30","9640",TRUE,"Positive (DNQ)"
"Dunfermline","2020-11-30","62342",TRUE,"Positive"
"Dunfermline","2021-03-31","2432",TRUE,"Positive (DNQ)"
"Dunfermline","2021-08-31","294801",TRUE,"Positive"
"Dunnswood","2021-07-01","209630",TRUE,"Positive"
"Dunnswood","2021-06-02","8219",TRUE,"Positive (DNQ)"
"Dunnswood","2021-11-02","104746",TRUE,"Positive"
"Dunnswood","2021-02-03","148789",TRUE,"Positive"
"Dunnswood","2021-09-03","880179",TRUE,"Positive"
"Dunnswood","2021-03-04","69506",TRUE,"Positive"
"Dunnswood","2021-07-06","352126",TRUE,"Positive"
"Dunnswood","2021-01-07","265453",TRUE,"Positive"
"Dunnswood","2021-09-07","1819957",TRUE,"Positive"
"Dunnswood","2021-12-08",,FALSE,"Analysis Failed"
"Dunnswood","2021-11-09","115451",TRUE,"Positive"
"Dunnswood","2021-03-10","33518",TRUE,"Positive"
"Dunnswood","2021-04-10","10522",TRUE,"Positive"
"Dunnswood","2021-06-11","20282",TRUE,"Positive"
"Dunnswood","2021-08-12","20359",TRUE,"Positive"
"Dunnswood","2021-01-14","104315",TRUE,"Positive"
"Dunnswood","2021-04-15","19994",TRUE,"Positive"
"Dunnswood","2021-09-16","222690",TRUE,"Positive"
"Dunnswood","2021-12-16","19173",TRUE,"Positive"
"Dunnswood","2021-11-17","141285",TRUE,"Positive"
"Dunnswood","2021-03-18","29328",TRUE,"Positive"
"Dunnswood","2021-07-20","133366",TRUE,"Positive"
"Dunnswood","2021-01-21","54660",TRUE,"Positive"
"Dunnswood","2021-05-21","1150",TRUE,"Weak Positive"
"Dunnswood","2021-06-22","17425",TRUE,"Positive"
"Dunnswood","2021-09-22","64212",TRUE,"Positive"
"Dunnswood","2021-10-22","13612",TRUE,"Positive"
"Dunnswood","2021-02-24","6823",TRUE,"Positive (DNQ)"
"Dunnswood","2021-11-24","79654",TRUE,"Positive"
"Dunnswood","2021-03-26","7369",TRUE,"Positive (DNQ)"
"Dunnswood","2021-10-26","204741",TRUE,"Positive"
"Dunnswood","2021-05-27","4653",TRUE,"Positive (DNQ)"
"Dunnswood","2021-07-29","196190",TRUE,"Positive"
"Dunnswood","2021-03-31","3239",TRUE,"Positive (DNQ)"
"Dunnswood - Carrickstone","2021-04-01","5442",TRUE,"Positive (DNQ)"
"Dunnswood - Carrickstone","2021-04-02","4742",TRUE,"Positive (DNQ)"
"Dunnswood - Carrickstone","2021-05-04","1745",TRUE,"Positive (DNQ)"
"Dunnswood - Carrickstone","2021-05-06","3155",TRUE,"Positive (DNQ)"
"Dunnswood - Carrickstone","2021-04-07","30243",TRUE,"Positive"
"Dunnswood - Carrickstone","2021-04-09","9066",TRUE,"Positive (DNQ)"
"Dunnswood - Carrickstone","2021-04-13","881",TRUE,"Weak Positive"
"Dunnswood - Carrickstone","2021-04-15","3033",TRUE,"Positive (DNQ)"
"Dunnswood - Carrickstone","2021-03-29",,FALSE,"Analysis Failed"
"Dunnswood - Carrickstone","2021-03-29","0",TRUE,"Negative"
"Dunnswood - Carrickstone","2021-03-30","688",TRUE,"Weak Positive"
"Dunnswood - Carrickstone","2021-03-31","1858",TRUE,"Positive (DNQ)"
"Dunoon","2021-12-07","23882",TRUE,"Positive"
"Dunoon","2021-12-14","68893",TRUE,"Positive"
"Dunoon","2021-12-15","75685",TRUE,"Positive"
"Dunoon","2021-11-30","30694",TRUE,"Positive"
"Duns","2021-03-01","501",TRUE,"Weak Positive"
"Duns","2021-04-01","703",TRUE,"Weak Positive"
"Duns","2021-06-01","432",TRUE,"Weak Positive"
"Duns","2021-07-01","26566",TRUE,"Positive"
"Duns","2021-10-01",,FALSE,"Analysis Failed"
"Duns","2021-11-01","146842",TRUE,"Positive"
"Duns","2021-03-02","1148",TRUE,"Weak Positive"
"Duns","2021-04-02","0",TRUE,"Negative"
"Duns","2021-06-02","521",TRUE,"Weak Positive"
"Duns","2021-09-03","12872",TRUE,"Positive"
"Duns","2021-05-04","1835",TRUE,"Positive (DNQ)"
"Duns","2021-10-04","45337",TRUE,"Positive"
"Duns","2021-05-05","979",TRUE,"Weak Positive"
"Duns","2021-07-05","8231",TRUE,"Positive (DNQ)"
"Duns","2021-11-05","8596",TRUE,"Positive (DNQ)"
"Duns","2021-04-06","0",TRUE,"Negative"
"Duns","2021-07-06","18694",TRUE,"Positive"
"Duns","2021-09-06","34054",TRUE,"Positive"
"Duns","2021-06-07","735",TRUE,"Weak Positive"
"Duns","2021-03-08","1134",TRUE,"Weak Positive"
"Duns","2021-04-08","0",TRUE,"Negative"
"Duns","2021-11-08","155741",TRUE,"Positive"
"Duns","2021-12-08","181257",TRUE,"Positive"
"Duns","2021-03-09","751",TRUE,"Weak Positive"
"Duns","2021-11-09","124655",TRUE,"Positive"
"Duns","2021-05-10","0",TRUE,"Negative"
"Duns","2021-09-10","8230",TRUE,"Positive (DNQ)"
"Duns","2021-02-11","1426",TRUE,"Weak Positive"
"Duns","2021-06-11","0",TRUE,"Negative"
"Duns","2021-04-12","0",TRUE,"Negative"
"Duns","2021-07-13","18806",TRUE,"Positive"
"Duns","2021-12-13","83182",TRUE,"Positive"
"Duns","2021-05-14","518",TRUE,"Weak Positive"
"Duns","2021-06-14","4334",TRUE,"Positive (DNQ)"
"Duns","2021-12-14","36564",TRUE,"Positive"
"Duns","2021-02-15","2673",TRUE,"Positive (DNQ)"
"Duns","2021-03-15","0",TRUE,"Negative"
"Duns","2021-06-15","9568",TRUE,"Positive (DNQ)"
"Duns","2021-11-15","15229",TRUE,"Positive"
"Duns","2021-02-16","9348",TRUE,"Positive (DNQ)"
"Duns","2021-03-16","0",TRUE,"Negative"
"Duns","2021-05-17","0",TRUE,"Negative"
"Duns","2021-09-17","65399",TRUE,"Positive"
"Duns","2021-11-17","59930",TRUE,"Positive"
"Duns","2021-08-18","102886",TRUE,"Positive"
"Duns","2021-10-18","19377",TRUE,"Positive"
"Duns","2021-07-20","18946",TRUE,"Positive"
"Duns","2021-09-20","30440",TRUE,"Positive"
"Duns","2021-05-21","0",TRUE,"Negative"
"Duns","2021-06-21","0",TRUE,"Negative"
"Duns","2021-07-21","30803",TRUE,"Positive"
"Duns","2021-10-22",,FALSE,"Analysis Failed"
"Duns","2021-11-22","45983",TRUE,"Positive"
"Duns","2021-06-23","632",TRUE,"Weak Positive"
"Duns","2021-08-23","11605",TRUE,"Positive"
"Duns","2021-05-24","0",TRUE,"Negative"
"Duns","2021-11-24","59850",TRUE,"Positive"
"Duns","2021-02-25","1319",TRUE,"Positive (DNQ)"
"Duns","2021-03-25","0",TRUE,"Negative"
"Duns","2021-10-25","63261",TRUE,"Positive"
"Duns","2021-02-26","3207",TRUE,"Positive (DNQ)"
"Duns","2021-03-26",,FALSE,"Analysis Failed"
"Duns","2021-03-26","0",TRUE,"Negative"
"Duns","2021-04-26","0",TRUE,"Negative"
"Duns","2021-07-26","8661",TRUE,"Positive (DNQ)"
"Duns","2021-09-27","10798",TRUE,"Positive"
"Duns","2021-05-28",,FALSE,"Analysis Failed"
"Duns","2021-03-29",,FALSE,"Analysis Failed"
"Duns","2021-10-29","91252",TRUE,"Positive"
"Duns","2021-04-30","0",TRUE,"Negative"
"Duns","2021-06-30","34352",TRUE,"Positive"
"Duns","2021-07-30","1677",TRUE,"Weak Positive"
"Duns","2021-08-30","68224",TRUE,"Positive"
"East Calder","2021-02-01","42573",TRUE,"Positive"
"East Calder","2021-03-01","25362",TRUE,"Positive"
"East Calder","2021-09-01","265564",TRUE,"Positive"
"East Calder","2021-11-01","167020",TRUE,"Positive"
"East Calder","2021-12-01",,FALSE,"Analysis Failed"
"East Calder","2021-06-02","11408",TRUE,"Positive"
"East Calder","2021-05-03","5000",TRUE,"Positive (DNQ)"
"East Calder","2021-11-03","295440",TRUE,"Positive"
"East Calder","2021-01-04","81314",TRUE,"Positive"
"East Calder","2021-08-04","77699",TRUE,"Positive"
"East Calder","2021-10-04","403064",TRUE,"Positive"
"East Calder","2021-04-05","77846",TRUE,"Positive"
"East Calder","2021-05-05","2927",TRUE,"Positive (DNQ)"
"East Calder","2021-07-05","167836",TRUE,"Positive"
"East Calder","2021-11-05","293885",TRUE,"Positive"
"East Calder","2021-09-06","769658",TRUE,"Positive"
"East Calder","2021-10-06",,FALSE,"Analysis Failed"
"East Calder","2021-12-06","359177",TRUE,"Positive"
"East Calder","2021-04-07","25313",TRUE,"Positive"
"East Calder","2021-06-07","24197",TRUE,"Positive"
"East Calder","2021-07-07","162595",TRUE,"Positive"
"East Calder","2021-02-08","118691",TRUE,"Positive"
"East Calder","2021-03-08","51315",TRUE,"Positive"
"East Calder","2021-09-08","221240",TRUE,"Positive"
"East Calder","2021-11-08","171492",TRUE,"Positive"
"East Calder","2021-12-08","53978",TRUE,"Positive"
"East Calder","2021-06-09","5347",TRUE,"Positive (DNQ)"
"East Calder","2021-03-10","52689",TRUE,"Positive"
"East Calder","2021-05-10","2327",TRUE,"Positive (DNQ)"
"East Calder","2021-11-10","90425",TRUE,"Positive"
"East Calder","2021-12-10","58095",TRUE,"Positive"
"East Calder","2021-01-11","28408",TRUE,"Positive"
"East Calder","2021-08-11","33292",TRUE,"Positive"
"East Calder","2021-10-11","335582",TRUE,"Positive"
"East Calder","2021-04-12","32737",TRUE,"Positive"
"East Calder","2021-07-12","107365",TRUE,"Positive"
"East Calder","2021-11-12","138592",TRUE,"Positive"
"East Calder","2021-05-13","3578",TRUE,"Positive (DNQ)"
"East Calder","2021-10-13","227439",TRUE,"Positive"
"East Calder","2021-04-14","17773",TRUE,"Positive"
"East Calder","2021-06-14","9559",TRUE,"Positive (DNQ)"
"East Calder","2021-02-15","49452",TRUE,"Positive"
"East Calder","2021-03-15","76771",TRUE,"Positive"
"East Calder","2021-09-15","336120",TRUE,"Positive"
"East Calder","2021-11-15","130744",TRUE,"Positive"
"East Calder","2021-12-15","683154",TRUE,"Positive"
"East Calder","2021-06-16","15509",TRUE,"Positive"
"East Calder","2021-08-16","82650",TRUE,"Positive"
"East Calder","2021-03-17","111623",TRUE,"Positive"
"East Calder","2021-05-17","4689",TRUE,"Positive (DNQ)"
"East Calder","2021-11-17","108733",TRUE,"Positive"
"East Calder","2020-12-17","195137",TRUE,"Positive"
"East Calder","2021-12-17","272453",TRUE,"Positive"
"East Calder","2021-01-18","25227",TRUE,"Positive"
"East Calder","2021-08-18","522450",TRUE,"Positive"
"East Calder","2021-10-18","111180",TRUE,"Positive"
"East Calder","2021-05-19","1250",TRUE,"Weak Positive"
"East Calder","2021-07-19","79096",TRUE,"Positive"
"East Calder","2021-11-19","61825",TRUE,"Positive"
"East Calder","2021-10-20","202953",TRUE,"Positive"
"East Calder","2021-12-20","332039",TRUE,"Positive"
"East Calder","2021-06-21","38422",TRUE,"Positive"
"East Calder","2021-07-21","99818",TRUE,"Positive"
"East Calder","2020-12-21","39219",TRUE,"Positive"
"East Calder","2021-02-22","63070",TRUE,"Positive"
"East Calder","2021-03-22","49120",TRUE,"Positive"
"East Calder","2021-09-22","214309",TRUE,"Positive"
"East Calder","2021-11-22","75011",TRUE,"Positive"
"East Calder","2021-06-23","44252",TRUE,"Positive"
"East Calder","2021-03-24","56471",TRUE,"Positive"
"East Calder","2021-05-24","11242",TRUE,"Positive"
"East Calder","2021-11-24",,FALSE,"Analysis Failed"
"East Calder","2021-01-25","143903",TRUE,"Positive"
"East Calder","2021-10-25","168563",TRUE,"Positive"
"East Calder","2021-04-26","1945",TRUE,"Positive (DNQ)"
"East Calder","2021-05-26","15472",TRUE,"Positive"
"East Calder","2021-07-26","132635",TRUE,"Positive"
"East Calder","2021-02-27","28727",TRUE,"Positive"
"East Calder","2021-09-27","315460",TRUE,"Positive"
"East Calder","2021-04-28","1643",TRUE,"Positive (DNQ)"
"East Calder","2021-06-28","33703",TRUE,"Positive"
"East Calder","2021-10-28","112551",TRUE,"Positive"
"East Calder","2021-03-29","78207",TRUE,"Positive"
"East Calder","2021-09-29","506705",TRUE,"Positive"
"East Calder","2021-11-29","318658",TRUE,"Positive"
"East Calder","2021-12-29","667415",TRUE,"Positive"
"East Calder","2021-06-30","61357",TRUE,"Positive"
"East Calder","2021-08-30","332526",TRUE,"Positive"
"East Calder","2021-03-31","30961",TRUE,"Positive"
"East Calder","2021-05-31","12845",TRUE,"Positive"
"Ellon","2021-07-01","20123",TRUE,"Positive"
"Ellon","2021-10-01","46333",TRUE,"Positive"
"Ellon","2021-11-01","107702",TRUE,"Positive"
"Ellon","2021-06-02","0",TRUE,"Negative"
"Ellon","2021-09-02","240151",TRUE,"Positive"
"Ellon","2021-11-03","49111",TRUE,"Positive"
"Ellon","2021-05-04","767",TRUE,"Weak Positive"
"Ellon","2021-06-04","303",TRUE,"Weak Positive"
"Ellon","2021-10-04","211943",TRUE,"Positive"
"Ellon","2021-08-05","51534",TRUE,"Positive"
"Ellon","2021-05-06","0",TRUE,"Negative"
"Ellon","2021-07-06","23231",TRUE,"Positive"
"Ellon","2021-12-06","120761",TRUE,"Positive"
"Ellon","2021-06-07","0",TRUE,"Negative"
"Ellon","2021-09-07",,FALSE,"Analysis Failed"
"Ellon","2021-11-08","354694",TRUE,"Positive"
"Ellon","2021-12-08","71396",TRUE,"Positive"
"Ellon","2021-07-09","21599",TRUE,"Positive"
"Ellon","2021-09-10","459370",TRUE,"Positive"
"Ellon","2021-11-10","141749",TRUE,"Positive"
"Ellon","2021-05-11","697",TRUE,"Weak Positive"
"Ellon","2021-06-11","0",TRUE,"Negative"
"Ellon","2021-04-12","8241",TRUE,"Positive (DNQ)"
"Ellon","2021-05-13","1161",TRUE,"Weak Positive"
"Ellon","2021-07-13","39419",TRUE,"Positive"
"Ellon","2021-06-14","0",TRUE,"Negative"
"Ellon","2021-11-15","119483",TRUE,"Positive"
"Ellon","2021-12-15","47387",TRUE,"Positive"
"Ellon","2021-06-17","1168",TRUE,"Weak Positive"
"Ellon","2021-05-18","0",TRUE,"Negative"
"Ellon","2021-10-18","111435",TRUE,"Positive"
"Ellon","2021-08-19","68891",TRUE,"Positive"
"Ellon","2021-07-20","20772",TRUE,"Positive"
"Ellon","2021-09-20","152005",TRUE,"Positive"
"Ellon","2021-10-20","25640",TRUE,"Positive"
"Ellon","2021-06-21","1395",TRUE,"Positive (DNQ)"
"Ellon","2021-09-22","76734",TRUE,"Positive"
"Ellon","2021-11-22","311525",TRUE,"Positive"
"Ellon","2021-06-23","16609",TRUE,"Positive"
"Ellon","2021-11-24","205186",TRUE,"Positive"
"Ellon","2021-05-26","3901",TRUE,"Positive (DNQ)"
"Ellon","2021-07-26","60113",TRUE,"Positive"
"Ellon","2021-04-27","2646",TRUE,"Positive (DNQ)"
"Ellon","2021-05-28",,FALSE,"Analysis Failed"
"Ellon","2021-04-29","320",TRUE,"Weak Positive"
"Ellon","2021-06-29","2346",TRUE,"Positive (DNQ)"
"Ellon","2021-07-30","67373",TRUE,"Positive"
"Ellon","2021-08-31","287411",TRUE,"Positive"
"Erskine","2021-11-01","20302",TRUE,"Positive"
"Erskine","2021-12-01","163511",TRUE,"Positive"
"Erskine","2021-11-03","28474",TRUE,"Positive"
"Erskine","2021-11-05","73330",TRUE,"Positive"
"Erskine","2021-12-06","158026",TRUE,"Positive"
"Erskine","2021-11-08","129009",TRUE,"Positive"
"Erskine","2021-12-08","90777",TRUE,"Positive"
"Erskine","2021-11-09","78231",TRUE,"Positive"
"Erskine","2021-12-09","115853",TRUE,"Positive"
"Erskine","2021-11-10","22080",TRUE,"Positive"
"Erskine","2021-12-14","220146",TRUE,"Positive"
"Erskine","2021-11-15","70533",TRUE,"Positive"
"Erskine","2021-12-15","257828",TRUE,"Positive"
"Erskine","2021-12-16","112793",TRUE,"Positive"
"Erskine","2021-11-19","120013",TRUE,"Positive"
"Erskine","2021-12-20","458950",TRUE,"Positive"
"Erskine","2021-11-22","126783",TRUE,"Positive"
"Erskine","2021-11-23","54287",TRUE,"Positive"
"Erskine","2021-11-24","93159",TRUE,"Positive"
"Erskine","2021-11-29","161510",TRUE,"Positive"
"Erskine","2021-12-29","255703",TRUE,"Positive"
"Eyemouth","2021-04-01","4239",TRUE,"Positive (DNQ)"
"Eyemouth","2021-09-02","128219",TRUE,"Positive"
"Eyemouth","2021-06-03","0",TRUE,"Negative"
"Eyemouth","2021-11-03","46980",TRUE,"Positive"
"Eyemouth","2021-08-04","77373",TRUE,"Positive"
"Eyemouth","2021-11-04","67618",TRUE,"Positive"
"Eyemouth","2021-05-06","8410",TRUE,"Positive (DNQ)"
"Eyemouth","2021-04-07","0",TRUE,"Negative"
"Eyemouth","2021-05-07","0",TRUE,"Negative"
"Eyemouth","2021-10-07","100818",TRUE,"Positive"
"Eyemouth","2021-12-07","23358",TRUE,"Positive"
"Eyemouth","2021-09-08","16306",TRUE,"Positive"
"Eyemouth","2021-12-08","25282",TRUE,"Positive"
"Eyemouth","2021-04-09","377",TRUE,"Weak Positive"
"Eyemouth","2021-06-09","0",TRUE,"Negative"
"Eyemouth","2021-09-09","17780",TRUE,"Positive"
"Eyemouth","2021-08-11","4591",TRUE,"Weak Positive"
"Eyemouth","2021-11-11","93216",TRUE,"Positive"
"Eyemouth","2021-05-12","0",TRUE,"Negative"
"Eyemouth","2021-11-12","98763",TRUE,"Positive"
"Eyemouth","2021-05-13","17057",TRUE,"Positive"
"Eyemouth","2021-04-14","365",TRUE,"Weak Positive"
"Eyemouth","2021-12-14","37410",TRUE,"Positive"
"Eyemouth","2021-04-15","0",TRUE,"Negative"
"Eyemouth","2021-09-15","33284",TRUE,"Positive"
"Eyemouth","2021-09-16","90102",TRUE,"Positive"
"Eyemouth","2021-11-16","149479",TRUE,"Positive"
"Eyemouth","2021-11-17","95408",TRUE,"Positive"
"Eyemouth","2021-05-19","0",TRUE,"Negative"
"Eyemouth","2021-05-20","1587",TRUE,"Positive (DNQ)"
"Eyemouth","2021-10-20","38679",TRUE,"Positive"
"Eyemouth","2021-10-21","33882",TRUE,"Positive"
"Eyemouth","2021-11-23","22243",TRUE,"Positive"
"Eyemouth","2021-03-24","0",TRUE,"Negative"
"Eyemouth","2021-11-24","19342",TRUE,"Positive"
"Eyemouth","2021-03-25","2712",TRUE,"Positive (DNQ)"
"Eyemouth","2021-05-26","0",TRUE,"Negative"
"Eyemouth","2021-05-27","0",TRUE,"Negative"
"Eyemouth","2021-10-27","351937",TRUE,"Positive"
"Eyemouth","2021-04-28","696",TRUE,"Weak Positive"
"Eyemouth","2021-10-28","131356",TRUE,"Positive"
"Eyemouth","2021-04-29","0",TRUE,"Negative"
"Eyemouth","2021-03-31","883",TRUE,"Weak Positive"
"Eyemouth","2021-08-31","313156",TRUE,"Positive"
"Fairlie","2021-04-01","0",TRUE,"Negative"
"Fairlie","2021-09-01","2072",TRUE,"Weak Positive"
"Fairlie","2021-09-02","26857",TRUE,"Positive"
"Fairlie","2021-03-03","1228",TRUE,"Weak Positive"
"Fairlie","2021-06-03","532",TRUE,"Weak Positive"
"Fairlie","2021-08-03","8714",TRUE,"Positive (DNQ)"
"Fairlie","2021-11-03","43963",TRUE,"Positive"
"Fairlie","2021-03-04","1310",TRUE,"Weak Positive"
"Fairlie","2021-06-04","0",TRUE,"Negative"
"Fairlie","2021-08-04","1648",TRUE,"Weak Positive"
"Fairlie","2021-11-04","9281",TRUE,"Positive (DNQ)"
"Fairlie","2021-05-06","6060",TRUE,"Positive (DNQ)"
"Fairlie","2021-10-06","11",TRUE,"Weak Positive"
"Fairlie","2021-05-07","794",TRUE,"Weak Positive"
"Fairlie","2021-07-07","2251",TRUE,"Weak Positive"
"Fairlie","2021-07-08","1496",TRUE,"Weak Positive"
"Fairlie","2021-09-08","7741",TRUE,"Positive (DNQ)"
"Fairlie","2021-03-09","6807",TRUE,"Positive (DNQ)"
"Fairlie","2021-04-09","0",TRUE,"Negative"
"Fairlie","2021-06-09","852",TRUE,"Weak Positive"
"Fairlie","2021-09-09","30986",TRUE,"Positive"
"Fairlie","2021-03-10","7456",TRUE,"Positive (DNQ)"
"Fairlie","2021-06-10","1344",TRUE,"Positive (DNQ)"
"Fairlie","2021-08-10","0",TRUE,"Negative"
"Fairlie","2021-08-11","0",TRUE,"Negative"
"Fairlie","2021-11-11","14045",TRUE,"Positive"
"Fairlie","2021-05-12","0",TRUE,"Negative"
"Fairlie","2021-11-12","15430",TRUE,"Positive"
"Fairlie","2021-07-13","3846",TRUE,"Weak Positive"
"Fairlie","2021-04-14","0",TRUE,"Negative"
"Fairlie","2021-05-14","0",TRUE,"Negative"
"Fairlie","2021-12-14","27550",TRUE,"Positive"
"Fairlie","2021-04-15","0",TRUE,"Negative"
"Fairlie","2021-06-15","425",TRUE,"Weak Positive"
"Fairlie","2021-12-15","40066",TRUE,"Positive"
"Fairlie","2021-03-16","1807",TRUE,"Positive (DNQ)"
"Fairlie","2021-06-16","0",TRUE,"Negative"
"Fairlie","2021-09-16","84398",TRUE,"Positive"
"Fairlie","2021-03-17","951",TRUE,"Weak Positive"
"Fairlie","2021-02-18","21820",TRUE,"Positive"
"Fairlie","2021-05-18","0",TRUE,"Negative"
"Fairlie","2021-08-18","4392",TRUE,"Weak Positive"
"Fairlie","2021-11-18","3263",TRUE,"Weak Positive"
"Fairlie","2021-05-19","0",TRUE,"Negative"
"Fairlie","2021-08-19","3158",TRUE,"Weak Positive"
"Fairlie","2021-07-21","10355",TRUE,"Positive"
"Fairlie","2021-10-21","6888",TRUE,"Positive (DNQ)"
"Fairlie","2021-10-22","7098",TRUE,"Positive (DNQ)"
"Fairlie","2021-06-23","1068",TRUE,"Weak Positive"
"Fairlie","2021-02-24","5230",TRUE,"Positive (DNQ)"
"Fairlie","2021-06-24","1881",TRUE,"Positive (DNQ)"
"Fairlie","2021-11-24","129795",TRUE,"Positive"
"Fairlie","2021-02-25","1732",TRUE,"Positive (DNQ)"
"Fairlie","2021-03-25","0",TRUE,"Negative"
"Fairlie","2021-05-25","0",TRUE,"Negative"
"Fairlie","2021-08-25","7122",TRUE,"Positive (DNQ)"
"Fairlie","2021-11-25","243008",TRUE,"Positive"
"Fairlie","2021-03-26","0",TRUE,"Negative"
"Fairlie","2021-05-26","424",TRUE,"Weak Positive"
"Fairlie","2021-08-26","17144",TRUE,"Positive"
"Fairlie","2021-04-27","0",TRUE,"Negative"
"Fairlie","2021-04-28","423",TRUE,"Weak Positive"
"Fairlie","2021-07-28","1013",TRUE,"Weak Positive"
"Fairlie","2021-06-29","3104",TRUE,"Positive (DNQ)"
"Fairlie","2021-07-29","0",TRUE,"Negative"
"Fairlie","2021-10-29","3987",TRUE,"Weak Positive"
"Fairlie","2021-09-30","4366",TRUE,"Weak Positive"
"Fairlie","2021-03-31","614",TRUE,"Weak Positive"
"Falkirk","2021-02-01","72551",TRUE,"Positive"
"Falkirk","2021-03-01","6831",TRUE,"Positive (DNQ)"
"Falkirk","2021-06-01","8714",TRUE,"Positive (DNQ)"
"Falkirk","2021-07-01","224932",TRUE,"Positive"
"Falkirk","2021-10-01","147653",TRUE,"Positive"
"Falkirk","2021-11-01","46022",TRUE,"Positive"
"Falkirk","2021-12-01","365167",TRUE,"Positive"
"Falkirk","2021-08-02","14022",TRUE,"Positive"
"Falkirk","2021-09-02","373476",TRUE,"Positive"
"Falkirk","2021-06-03","3643",TRUE,"Positive (DNQ)"
"Falkirk","2020-09-03","1903",TRUE,"Positive (DNQ)"
"Falkirk","2021-11-03","48762",TRUE,"Positive"
"Falkirk","2021-05-04","2508",TRUE,"Positive (DNQ)"
"Falkirk","2020-12-04","25709",TRUE,"Positive"
"Falkirk","2021-01-05","47482",TRUE,"Positive"
"Falkirk","2021-04-05","14460",TRUE,"Positive"
"Falkirk","2021-08-05","23589",TRUE,"Positive"
"Falkirk","2021-10-05","73871",TRUE,"Positive"
"Falkirk","2021-11-05","47025",TRUE,"Positive"
"Falkirk","2021-05-06","0",TRUE,"Negative"
"Falkirk","2021-09-06","453928",TRUE,"Positive"
"Falkirk","2021-12-06","102139",TRUE,"Positive"
"Falkirk","2021-07-07","132357",TRUE,"Positive"
"Falkirk","2020-10-07","41042",TRUE,"Positive"
"Falkirk","2020-12-07","2889",TRUE,"Positive (DNQ)"
"Falkirk","2021-02-08","212565",TRUE,"Positive"
"Falkirk","2021-03-08","48542",TRUE,"Positive"
"Falkirk","2021-04-08","5309",TRUE,"Positive (DNQ)"
"Falkirk","2020-09-08","2085",TRUE,"Positive (DNQ)"
"Falkirk","2021-09-08","193262",TRUE,"Positive"
"Falkirk","2021-10-08","109898",TRUE,"Positive"
"Falkirk","2021-11-08","39270",TRUE,"Positive"
"Falkirk","2021-12-08","60874",TRUE,"Positive"
"Falkirk","2021-03-09","22909",TRUE,"Positive"
"Falkirk","2021-06-09","15339",TRUE,"Positive"
"Falkirk","2021-08-09","42837",TRUE,"Positive"
"Falkirk","2021-11-10","103700",TRUE,"Positive"
"Falkirk","2021-11-10",,FALSE,"Analysis Failed"
"Falkirk","2021-12-10","160026",TRUE,"Positive"
"Falkirk","2021-01-11","130261",TRUE,"Positive"
"Falkirk","2021-05-11","6853",TRUE,"Positive (DNQ)"
"Falkirk","2021-06-11","23240",TRUE,"Positive"
"Falkirk","2021-10-11","94030",TRUE,"Positive"
"Falkirk","2021-04-12","12000",TRUE,"Positive"
"Falkirk","2021-07-12","112497",TRUE,"Positive"
"Falkirk","2021-11-12","24745",TRUE,"Positive"
"Falkirk","2021-04-13","6157",TRUE,"Positive (DNQ)"
"Falkirk","2021-05-13","5718",TRUE,"Positive (DNQ)"
"Falkirk","2021-08-13","82871",TRUE,"Positive"
"Falkirk","2020-10-13","30605",TRUE,"Positive"
"Falkirk","2021-10-13","62976",TRUE,"Positive"
"Falkirk","2021-12-13","203933",TRUE,"Positive"
"Falkirk","2021-09-14","166577",TRUE,"Positive"
"Falkirk","2020-12-14","17292",TRUE,"Positive"
"Falkirk","2021-03-15","11082",TRUE,"Positive"
"Falkirk","2021-06-15","15682",TRUE,"Positive"
"Falkirk","2021-10-15","174614",TRUE,"Positive"
"Falkirk","2021-12-15","240595",TRUE,"Positive"
"Falkirk","2021-03-16","14538",TRUE,"Positive"
"Falkirk","2020-11-16","11608",TRUE,"Positive"
"Falkirk","2021-11-16","84269",TRUE,"Positive"
"Falkirk","2021-09-17","202700",TRUE,"Positive"
"Falkirk","2021-11-17","119284",TRUE,"Positive"
"Falkirk","2021-12-17","243923",TRUE,"Positive"
"Falkirk","2021-02-18","77856",TRUE,"Positive"
"Falkirk","2021-05-18","15662",TRUE,"Positive"
"Falkirk","2021-06-18","18733",TRUE,"Positive"
"Falkirk","2021-08-18","24107",TRUE,"Positive"
"Falkirk","2021-05-20","15552",TRUE,"Positive"
"Falkirk","2021-07-20","48511",TRUE,"Positive"
"Falkirk","2021-08-20","88316",TRUE,"Positive"
"Falkirk","2021-10-20","72507",TRUE,"Positive"
"Falkirk","2021-12-20","287635",TRUE,"Positive"
"Falkirk","2021-06-21","41512",TRUE,"Positive"
"Falkirk","2021-01-22","16060",TRUE,"Positive"
"Falkirk","2021-02-22","48650",TRUE,"Positive"
"Falkirk","2021-03-22","29161",TRUE,"Positive"
"Falkirk","2021-07-22","61831",TRUE,"Positive"
"Falkirk","2021-09-22","92651",TRUE,"Positive"
"Falkirk","2021-10-22","44184",TRUE,"Positive"
"Falkirk","2021-11-22","71524",TRUE,"Positive"
"Falkirk","2021-03-23","31034",TRUE,"Positive"
"Falkirk","2021-06-23","10663",TRUE,"Positive (DNQ)"
"Falkirk","2020-10-23","32240",TRUE,"Positive"
"Falkirk","2021-09-24","82311",TRUE,"Positive"
"Falkirk","2021-11-24","97372",TRUE,"Positive"
"Falkirk","2021-08-25","82322",TRUE,"Positive"
"Falkirk","2020-09-25","6494",TRUE,"Positive (DNQ)"
"Falkirk","2021-04-26","3093",TRUE,"Positive (DNQ)"
"Falkirk","2021-10-26","176716",TRUE,"Positive"
"Falkirk","2021-01-27","29710",TRUE,"Positive"
"Falkirk","2021-05-27","6424",TRUE,"Positive (DNQ)"
"Falkirk","2021-07-27","56377",TRUE,"Positive"
"Falkirk","2021-08-27","134738",TRUE,"Positive"
"Falkirk","2021-10-28","137106",TRUE,"Positive"
"Falkirk","2021-03-29","34263",TRUE,"Positive"
"Falkirk","2021-07-29","26368",TRUE,"Positive"
"Falkirk","2021-09-29","168797",TRUE,"Positive"
"Falkirk","2021-04-30","3893",TRUE,"Positive (DNQ)"
"Falkirk","2021-06-30","78302",TRUE,"Positive"
"Falkirk","2021-08-30","274352",TRUE,"Positive"
"Falkirk","2020-10-30","2506",TRUE,"Positive (DNQ)"
"Falkirk","2021-03-31","19796",TRUE,"Positive"
"Fauldhouse","2021-04-01","5842",TRUE,"Positive (DNQ)"
"Fauldhouse","2021-07-01","214983",TRUE,"Positive"
"Fauldhouse","2021-10-01","54011",TRUE,"Positive"
"Fauldhouse","2021-04-02","1398",TRUE,"Positive (DNQ)"
"Fauldhouse","2021-06-02","60718",TRUE,"Positive"
"Fauldhouse","2021-11-02","15691",TRUE,"Positive"
"Fauldhouse","2021-03-03","116131",TRUE,"Positive"
"Fauldhouse","2021-09-03","1179788",TRUE,"Positive"
"Fauldhouse","2021-02-04","24883",TRUE,"Positive"
"Fauldhouse","2021-03-04","99646",TRUE,"Positive"
"Fauldhouse","2021-05-04","4748",TRUE,"Positive (DNQ)"
"Fauldhouse","2021-08-04","16177",TRUE,"Positive"
"Fauldhouse","2021-11-04","99990",TRUE,"Positive"
"Fauldhouse","2021-02-05","21882",TRUE,"Positive"
"Fauldhouse","2021-04-06",,FALSE,"Analysis Failed"
"Fauldhouse","2021-07-06","431701",TRUE,"Positive"
"Fauldhouse","2021-09-06",,FALSE,"Analysis Failed"
"Fauldhouse","2021-01-07","115165",TRUE,"Positive"
"Fauldhouse","2021-04-07",,FALSE,"Analysis Failed"
"Fauldhouse","2021-06-07","14469",TRUE,"Positive"
"Fauldhouse","2021-12-07","54679",TRUE,"Positive"
"Fauldhouse","2021-07-08","617985",TRUE,"Positive"
"Fauldhouse","2021-09-08","694857",TRUE,"Positive"
"Fauldhouse","2021-06-09","24285",TRUE,"Positive"
"Fauldhouse","2021-11-09","38650",TRUE,"Positive"
"Fauldhouse","2021-05-10","3258",TRUE,"Positive (DNQ)"
"Fauldhouse","2021-03-11","24378",TRUE,"Positive"
"Fauldhouse","2021-05-11","732",TRUE,"Weak Positive"
"Fauldhouse","2021-11-11","118430",TRUE,"Positive"
"Fauldhouse","2021-01-12","41875",TRUE,"Positive"
"Fauldhouse","2021-03-12",,FALSE,"Analysis Failed"
"Fauldhouse","2021-03-12","1917",TRUE,"Positive (DNQ)"
"Fauldhouse","2021-04-12","0",TRUE,"Negative"
"Fauldhouse","2021-04-13","700",TRUE,"Weak Positive"
"Fauldhouse","2021-06-14","129728",TRUE,"Positive"
"Fauldhouse","2021-09-14","387858",TRUE,"Positive"
"Fauldhouse","2021-12-14",,FALSE,"Analysis Failed"
"Fauldhouse","2021-02-15","8138",TRUE,"Positive (DNQ)"
"Fauldhouse","2021-06-16","17330",TRUE,"Positive"
"Fauldhouse","2021-08-16","87449",TRUE,"Positive"
"Fauldhouse","2021-11-16","90616",TRUE,"Positive"
"Fauldhouse","2021-12-16","147889",TRUE,"Positive"
"Fauldhouse","2021-03-17","21505",TRUE,"Positive"
"Fauldhouse","2021-03-18","34305",TRUE,"Positive"
"Fauldhouse","2021-08-18","269442",TRUE,"Positive"
"Fauldhouse","2021-10-18","94385",TRUE,"Positive"
"Fauldhouse","2021-11-18","153528",TRUE,"Positive"
"Fauldhouse","2020-12-18","25551",TRUE,"Positive"
"Fauldhouse","2021-02-19","8056",TRUE,"Positive (DNQ)"
"Fauldhouse","2021-05-20","0",TRUE,"Negative"
"Fauldhouse","2021-07-20","368514",TRUE,"Positive"
"Fauldhouse","2021-10-20","42651",TRUE,"Positive"
"Fauldhouse","2021-05-21","0",TRUE,"Negative"
"Fauldhouse","2021-06-21","199626",TRUE,"Positive"
"Fauldhouse","2020-12-21","5267",TRUE,"Positive (DNQ)"
"Fauldhouse","2021-01-22","27470",TRUE,"Positive"
"Fauldhouse","2021-02-23","69435",TRUE,"Positive"
"Fauldhouse","2021-06-23","129623",TRUE,"Positive"
"Fauldhouse","2021-07-23","133844",TRUE,"Positive"
"Fauldhouse","2021-08-23","540477",TRUE,"Positive"
"Fauldhouse","2021-09-23","280564",TRUE,"Positive"
"Fauldhouse","2021-11-23","244296",TRUE,"Positive"
"Fauldhouse","2021-03-24","6070",TRUE,"Positive (DNQ)"
"Fauldhouse","2021-02-25","18505",TRUE,"Positive"
"Fauldhouse","2021-03-25","2876",TRUE,"Positive (DNQ)"
"Fauldhouse","2021-11-25","416300",TRUE,"Positive"
"Fauldhouse","2021-04-26","1862",TRUE,"Positive (DNQ)"
"Fauldhouse","2021-05-26","2345",TRUE,"Positive (DNQ)"
"Fauldhouse","2021-10-26","500001",TRUE,"Positive"
"Fauldhouse","2021-01-27","5878",TRUE,"Positive (DNQ)"
"Fauldhouse","2021-04-27","4305",TRUE,"Positive (DNQ)"
"Fauldhouse","2021-05-27","0",TRUE,"Negative"
"Fauldhouse","2021-07-27","137476",TRUE,"Positive"
"Fauldhouse","2021-06-28","285003",TRUE,"Positive"
"Fauldhouse","2021-10-28","185311",TRUE,"Positive"
"Fauldhouse","2021-07-29","68024",TRUE,"Positive"
"Fauldhouse","2021-05-31","385",TRUE,"Weak Positive"
"Fauldhouse","2021-08-31",,FALSE,"Analysis Failed"
"Fauldhouse","2020-12-31","4447",TRUE,"Positive (DNQ)"
"Forfar","2021-07-01","34692",TRUE,"Positive"
"Forfar","2021-08-02","52756",TRUE,"Positive"
"Forfar","2021-11-02","26022",TRUE,"Positive"
"Forfar","2021-06-03","7588",TRUE,"Positive (DNQ)"
"Forfar","2021-09-03","124593",TRUE,"Positive"
"Forfar","2021-10-04","50095",TRUE,"Positive"
"Forfar","2021-11-04","54061",TRUE,"Positive"
"Forfar","2021-05-05","729",TRUE,"Weak Positive"
"Forfar","2021-08-05","10150",TRUE,"Positive"
"Forfar","2021-04-06","4087",TRUE,"Positive (DNQ)"
"Forfar","2021-07-06","80839",TRUE,"Positive"
"Forfar","2021-09-06","319396",TRUE,"Positive"
"Forfar","2021-12-07","68822",TRUE,"Positive"
"Forfar","2021-04-09","2364",TRUE,"Positive (DNQ)"
"Forfar","2021-06-09","47203",TRUE,"Positive"
"Forfar","2021-07-09","85232",TRUE,"Positive"
"Forfar","2021-08-09","11838",TRUE,"Positive"
"Forfar","2021-11-09","106750",TRUE,"Positive"
"Forfar","2021-06-11","56895",TRUE,"Positive"
"Forfar","2021-11-11","80795",TRUE,"Positive"
"Forfar","2021-08-12","2859",TRUE,"Weak Positive"
"Forfar","2021-04-13","8332",TRUE,"Positive (DNQ)"
"Forfar","2021-07-13","229339",TRUE,"Positive"
"Forfar","2021-04-14","14528",TRUE,"Positive"
"Forfar","2021-05-14","1333",TRUE,"Positive (DNQ)"
"Forfar","2021-06-14","75236",TRUE,"Positive"
"Forfar","2021-12-14","49892",TRUE,"Positive"
"Forfar","2021-07-16","151423",TRUE,"Positive"
"Forfar","2021-09-16","237266",TRUE,"Positive"
"Forfar","2021-11-16","336347",TRUE,"Positive"
"Forfar","2021-12-16","82404",TRUE,"Positive"
"Forfar","2021-08-17","26274",TRUE,"Positive"
"Forfar","2021-06-18","14426",TRUE,"Positive"
"Forfar","2021-11-18","64217",TRUE,"Positive"
"Forfar","2021-03-19","8923",TRUE,"Positive (DNQ)"
"Forfar","2021-05-19","496",TRUE,"Weak Positive"
"Forfar","2021-07-19","66403",TRUE,"Positive"
"Forfar","2021-08-19","32241",TRUE,"Positive"
"Forfar","2021-10-19","342062",TRUE,"Positive"
"Forfar","2021-05-20","4556",TRUE,"Positive (DNQ)"
"Forfar","2021-09-20","54596",TRUE,"Positive"
"Forfar","2021-12-20","96149",TRUE,"Positive"
"Forfar","2021-06-21","5455",TRUE,"Positive (DNQ)"
"Forfar","2021-07-21","129850",TRUE,"Positive"
"Forfar","2021-10-21","91468",TRUE,"Positive"
"Forfar","2021-03-23","7671",TRUE,"Positive (DNQ)"
"Forfar","2021-08-23","52097",TRUE,"Positive"
"Forfar","2021-11-23","150763",TRUE,"Positive"
"Forfar","2021-03-24","14621",TRUE,"Positive"
"Forfar","2021-06-24","42538",TRUE,"Positive"
"Forfar","2021-05-25","841",TRUE,"Weak Positive"
"Forfar","2021-11-25","429849",TRUE,"Positive"
"Forfar","2021-04-26","731",TRUE,"Weak Positive"
"Forfar","2021-07-26","37917",TRUE,"Positive"
"Forfar","2021-08-27","116831",TRUE,"Positive"
"Forfar","2021-04-28","1034",TRUE,"Weak Positive"
"Forfar","2021-05-28","4914",TRUE,"Positive (DNQ)"
"Forfar","2021-10-28","28941",TRUE,"Positive"
"Forfar","2021-06-29","27566",TRUE,"Positive"
"Forfar","2021-10-29","308233",TRUE,"Positive"
"Forfar","2021-11-29","93793",TRUE,"Positive"
"Forfar","2021-03-30","47435",TRUE,"Positive"
"Forfar","2021-07-30","14491",TRUE,"Positive"
"Forfar","2021-03-31","4839",TRUE,"Positive (DNQ)"
"Forfar","2021-05-31","499",TRUE,"Weak Positive"
"Forfar","2021-08-31","117845",TRUE,"Positive"
"Forfar - Central","2021-05-04","0",TRUE,"Negative"
"Forfar - Central","2021-05-07","555",TRUE,"Weak Positive"
"Forfar - Central","2021-05-11","0",TRUE,"Negative"
"Forfar - Central","2021-05-13","3098",TRUE,"Positive (DNQ)"
"Forfar - Central","2021-05-14","0",TRUE,"Negative"
"Forfar - Central","2021-04-19","0",TRUE,"Negative"
"Forfar - Central","2021-04-20","12556",TRUE,"Positive"
"Forfar - Central","2021-04-23","0",TRUE,"Negative"
"Forfar - Central","2021-04-27","0",TRUE,"Negative"
"Forfar - Central","2021-04-30","0",TRUE,"Negative"
"Forres","2021-07-01","184422",TRUE,"Positive"
"Forres","2021-10-01","75941",TRUE,"Positive"
"Forres","2021-12-01","159569",TRUE,"Positive"
"Forres","2021-06-02","6557",TRUE,"Positive (DNQ)"
"Forres","2021-08-02","6225",TRUE,"Weak Positive"
"Forres","2021-09-02","34801",TRUE,"Positive"
"Forres","2021-06-03","9222",TRUE,"Positive (DNQ)"
"Forres","2021-05-05","0",TRUE,"Negative"
"Forres","2021-08-05","4552",TRUE,"Weak Positive"
"Forres","2021-07-06","79523",TRUE,"Positive"
"Forres","2021-08-06","208846",TRUE,"Positive"
"Forres","2021-05-07","0",TRUE,"Negative"
"Forres","2021-12-07",,FALSE,"Analysis Failed"
"Forres","2021-10-08","53158",TRUE,"Positive"
"Forres","2021-06-09","1704",TRUE,"Positive (DNQ)"
"Forres","2021-07-09","104737",TRUE,"Positive"
"Forres","2021-08-09","23609",TRUE,"Positive"
"Forres","2021-06-10","6150",TRUE,"Positive (DNQ)"
"Forres","2021-12-10","40395",TRUE,"Positive"
"Forres","2021-05-12","0",TRUE,"Negative"
"Forres","2021-10-13","33839",TRUE,"Positive"
"Forres","2021-04-14","1159",TRUE,"Weak Positive"
"Forres","2021-05-14","1229",TRUE,"Weak Positive"
"Forres","2021-10-14","305688",TRUE,"Positive"
"Forres","2021-12-14","245142",TRUE,"Positive"
"Forres","2021-06-16","47108",TRUE,"Positive"
"Forres","2021-09-16","15415",TRUE,"Positive"
"Forres","2021-11-16","160173",TRUE,"Positive"
"Forres","2021-06-17","14921",TRUE,"Positive"
"Forres","2021-12-17","241209",TRUE,"Positive"
"Forres","2021-05-18","1044",TRUE,"Weak Positive"
"Forres","2021-10-18","408981",TRUE,"Positive"
"Forres","2021-11-18","348534",TRUE,"Positive"
"Forres","2021-08-20","18904",TRUE,"Positive"
"Forres","2021-10-20","90700",TRUE,"Positive"
"Forres","2021-05-21","2909",TRUE,"Positive (DNQ)"
"Forres","2021-06-21","3036",TRUE,"Positive (DNQ)"
"Forres","2021-05-24","4873",TRUE,"Positive (DNQ)"
"Forres","2021-08-24","59636",TRUE,"Positive"
"Forres","2021-11-24","234000",TRUE,"Positive"
"Forres","2021-04-26","0",TRUE,"Negative"
"Forres","2021-05-27","28190",TRUE,"Positive"
"Forres","2021-04-28","0",TRUE,"Negative"
"Forres","2021-06-30","195888",TRUE,"Positive"
"Fort William","2021-02-01","954",TRUE,"Weak Positive"
"Fort William","2021-03-01","1560",TRUE,"Weak Positive"
"Fort William","2021-06-01","44650",TRUE,"Positive"
"Fort William","2021-07-01","60334",TRUE,"Positive"
"Fort William","2021-10-01","98675",TRUE,"Positive"
"Fort William","2021-04-02","0",TRUE,"Negative"
"Fort William","2021-08-02","149003",TRUE,"Positive"
"Fort William","2020-10-02","132153",TRUE,"Positive"
"Fort William","2021-11-02","60287",TRUE,"Positive"
"Fort William","2021-05-03","385",TRUE,"Weak Positive"
"Fort William","2021-01-04","336",TRUE,"Weak Positive"
"Fort William","2021-03-04","24675",TRUE,"Positive"
"Fort William","2021-06-04","33716",TRUE,"Positive"
"Fort William","2020-09-04","560",TRUE,"Weak Positive"
"Fort William","2021-10-04","42357",TRUE,"Positive"
"Fort William","2021-11-04","69620",TRUE,"Positive"
"Fort William","2020-12-04","2130",TRUE,"Positive (DNQ)"
"Fort William","2021-04-06","0",TRUE,"Negative"
"Fort William","2021-08-06","80568",TRUE,"Positive"
"Fort William","2020-11-06","1503",TRUE,"Positive (DNQ)"
"Fort William","2021-12-06","52716",TRUE,"Positive"
"Fort William","2021-05-07","0",TRUE,"Negative"
"Fort William","2021-09-07","1424782",TRUE,"Positive"
"Fort William","2021-02-08","5581",TRUE,"Positive (DNQ)"
"Fort William","2021-03-08","1012",TRUE,"Weak Positive"
"Fort William","2021-04-08","0",TRUE,"Negative"
"Fort William","2021-06-08","28924",TRUE,"Positive"
"Fort William","2021-10-08","14897",TRUE,"Positive"
"Fort William","2021-11-08","53156",TRUE,"Positive"
"Fort William","2021-08-09","66999",TRUE,"Positive"
"Fort William","2021-12-09","20205",TRUE,"Positive"
"Fort William","2021-05-10","0",TRUE,"Negative"
"Fort William","2021-09-10","94151",TRUE,"Positive"
"Fort William","2021-01-11","416885",TRUE,"Positive"
"Fort William","2021-03-11","827",TRUE,"Weak Positive"
"Fort William","2020-09-11","0",TRUE,"Negative"
"Fort William","2021-10-11","71702",TRUE,"Positive"
"Fort William","2020-12-11","1847",TRUE,"Positive (DNQ)"
"Fort William","2021-04-12","0",TRUE,"Negative"
"Fort William","2021-05-13","1002",TRUE,"Weak Positive"
"Fort William","2021-07-13","63748",TRUE,"Positive"
"Fort William","2021-08-13","124666",TRUE,"Positive"
"Fort William","2021-09-13","168727",TRUE,"Positive"
"Fort William","2021-06-14","11532",TRUE,"Positive (DNQ)"
"Fort William","2021-10-14","119599",TRUE,"Positive"
"Fort William","2021-02-15","0",TRUE,"Negative"
"Fort William","2021-03-15","1366",TRUE,"Positive (DNQ)"
"Fort William","2021-04-15","0",TRUE,"Negative"
"Fort William","2021-11-15","102905",TRUE,"Positive"
"Fort William","2021-07-16","124266",TRUE,"Positive"
"Fort William","2020-10-16","16112",TRUE,"Positive"
"Fort William","2021-06-17","8564",TRUE,"Positive (DNQ)"
"Fort William","2021-09-17","77329",TRUE,"Positive"
"Fort William","2021-01-18","1018",TRUE,"Weak Positive"
"Fort William","2021-05-18","0",TRUE,"Negative"
"Fort William","2021-11-18","13151",TRUE,"Positive"
"Fort William","2021-10-19","30069",TRUE,"Positive"
"Fort William","2021-07-20","65124",TRUE,"Positive"
"Fort William","2020-11-20","0",TRUE,"Negative"
"Fort William","2021-12-20","70678",TRUE,"Positive"
"Fort William","2021-06-21","39788",TRUE,"Positive"
"Fort William","2021-09-21",,FALSE,"Analysis Failed"
"Fort William","2021-03-22","831",TRUE,"Weak Positive"
"Fort William","2021-04-22","0",TRUE,"Negative"
"Fort William","2021-11-22","51770",TRUE,"Positive"
"Fort William","2021-09-23","69569",TRUE,"Positive"
"Fort William","2021-05-24","0",TRUE,"Negative"
"Fort William","2021-08-24","137274",TRUE,"Positive"
"Fort William","2021-01-25","0",TRUE,"Negative"
"Fort William","2020-09-25","58658",TRUE,"Positive"
"Fort William","2021-10-25","55979",TRUE,"Positive"
"Fort William","2021-11-25","3303",TRUE,"Weak Positive"
"Fort William","2021-03-26","2400",TRUE,"Positive (DNQ)"
"Fort William","2021-04-26","835",TRUE,"Weak Positive"
"Fort William","2021-07-27","20481",TRUE,"Positive"
"Fort William","2021-08-27","254207",TRUE,"Positive"
"Fort William","2021-09-27","93619",TRUE,"Positive"
"Fort William","2021-05-28","25719",TRUE,"Positive"
"Fort William","2021-06-28","26082",TRUE,"Positive"
"Fort William","2021-10-28","55283",TRUE,"Positive"
"Fort William","2021-03-29","0",TRUE,"Negative"
"Fort William","2021-07-29","168597",TRUE,"Positive"
"Fort William","2021-11-29","18660",TRUE,"Positive"
"Fort William","2021-04-30","0",TRUE,"Negative"
"Fort William","2021-08-31","130366",TRUE,"Positive"
"Fort William","2020-10-31","164110",TRUE,"Positive"
"Fraserburgh","2021-03-01","50222",TRUE,"Positive"
"Fraserburgh","2021-09-01","389664",TRUE,"Positive"
"Fraserburgh","2021-11-01","401774",TRUE,"Positive"
"Fraserburgh","2021-12-01","72929",TRUE,"Positive"
"Fraserburgh","2021-02-02","33697",TRUE,"Positive"
"Fraserburgh","2021-04-02","0",TRUE,"Negative"
"Fraserburgh","2021-07-02","174681",TRUE,"Positive"
"Fraserburgh","2021-11-02","177833",TRUE,"Positive"
"Fraserburgh","2021-03-03","133435",TRUE,"Positive"
"Fraserburgh","2021-05-03","0",TRUE,"Negative"
"Fraserburgh","2021-06-03","0",TRUE,"Negative"
"Fraserburgh","2021-02-04","60561",TRUE,"Positive"
"Fraserburgh","2021-02-05","10555",TRUE,"Positive (DNQ)"
"Fraserburgh","2021-03-05","4553",TRUE,"Positive (DNQ)"
"Fraserburgh","2021-04-05","1953",TRUE,"Positive (DNQ)"
"Fraserburgh","2021-07-05","164378",TRUE,"Positive"
"Fraserburgh","2021-10-05","80130",TRUE,"Positive"
"Fraserburgh","2021-04-06","888",TRUE,"Weak Positive"
"Fraserburgh","2021-06-07","0",TRUE,"Negative"
"Fraserburgh","2021-09-07","448711",TRUE,"Positive"
"Fraserburgh","2021-12-07","34768",TRUE,"Positive"
"Fraserburgh","2021-03-08","106503",TRUE,"Positive"
"Fraserburgh","2021-07-08","166436",TRUE,"Positive"
"Fraserburgh","2021-03-09","47967",TRUE,"Positive"
"Fraserburgh","2021-04-09","432",TRUE,"Weak Positive"
"Fraserburgh","2021-06-09","442",TRUE,"Weak Positive"
"Fraserburgh","2021-09-09","252886",TRUE,"Positive"
"Fraserburgh","2021-12-09","45027",TRUE,"Positive"
"Fraserburgh","2021-02-10","11619",TRUE,"Positive"
"Fraserburgh","2021-11-10","167465",TRUE,"Positive"
"Fraserburgh","2021-03-11","10744",TRUE,"Positive"
"Fraserburgh","2021-05-11","494",TRUE,"Weak Positive"
"Fraserburgh","2021-02-12","26995",TRUE,"Positive"
"Fraserburgh","2021-04-12","852",TRUE,"Weak Positive"
"Fraserburgh","2021-07-12","302608",TRUE,"Positive"
"Fraserburgh","2021-10-12","140353",TRUE,"Positive"
"Fraserburgh","2021-11-12","193682",TRUE,"Positive"
"Fraserburgh","2021-05-13","0",TRUE,"Negative"
"Fraserburgh","2021-09-13","235433",TRUE,"Positive"
"Fraserburgh","2021-04-14","2216",TRUE,"Positive (DNQ)"
"Fraserburgh","2021-10-14","148599",TRUE,"Positive"
"Fraserburgh","2021-12-14","37287",TRUE,"Positive"
"Fraserburgh","2021-02-15","35762",TRUE,"Positive"
"Fraserburgh","2021-03-15","4181",TRUE,"Positive (DNQ)"
"Fraserburgh","2021-06-15","0",TRUE,"Negative"
"Fraserburgh","2021-02-17","19959",TRUE,"Positive"
"Fraserburgh","2021-03-17","17268",TRUE,"Positive"
"Fraserburgh","2021-05-17","0",TRUE,"Negative"
"Fraserburgh","2021-05-18","0",TRUE,"Negative"
"Fraserburgh","2021-06-18","8401",TRUE,"Positive (DNQ)"
"Fraserburgh","2021-08-18","80651",TRUE,"Positive"
"Fraserburgh","2021-02-19","86878",TRUE,"Positive"
"Fraserburgh","2021-03-19","38234",TRUE,"Positive"
"Fraserburgh","2021-11-19","95408",TRUE,"Positive"
"Fraserburgh","2021-07-20","185845",TRUE,"Positive"
"Fraserburgh","2021-09-20","256698",TRUE,"Positive"
"Fraserburgh","2021-10-20","149793",TRUE,"Positive"
"Fraserburgh","2021-02-22","87610",TRUE,"Positive"
"Fraserburgh","2021-03-22","6939",TRUE,"Positive (DNQ)"
"Fraserburgh","2021-04-22","22071",TRUE,"Positive"
"Fraserburgh","2021-06-22","2377",TRUE,"Positive (DNQ)"
"Fraserburgh","2021-10-22","144742",TRUE,"Positive"
"Fraserburgh","2021-03-23","18140",TRUE,"Positive"
"Fraserburgh","2021-08-23","118549",TRUE,"Positive"
"Fraserburgh","2021-11-23","114703",TRUE,"Positive"
"Fraserburgh","2021-01-25","72760",TRUE,"Positive"
"Fraserburgh","2021-02-25","13827",TRUE,"Positive"
"Fraserburgh","2021-03-25","11672",TRUE,"Positive"
"Fraserburgh","2021-05-25","0",TRUE,"Negative"
"Fraserburgh","2021-06-25","33934",TRUE,"Positive"
"Fraserburgh","2021-10-25","257886",TRUE,"Positive"
"Fraserburgh","2021-04-26","569",TRUE,"Weak Positive"
"Fraserburgh","2021-07-26","271528",TRUE,"Positive"
"Fraserburgh","2021-04-27","8343",TRUE,"Positive (DNQ)"
"Fraserburgh","2021-07-27",,FALSE,"Analysis Failed"
"Fraserburgh","2021-10-27","688059",TRUE,"Positive"
"Fraserburgh","2021-05-28","364",TRUE,"Weak Positive"
"Fraserburgh","2021-01-29","23116",TRUE,"Positive"
"Fraserburgh","2021-03-29","31062",TRUE,"Positive"
"Fraserburgh","2021-12-29","597421",TRUE,"Positive"
"Fraserburgh","2021-04-30","0",TRUE,"Negative"
"Fraserburgh","2021-06-30","41077",TRUE,"Positive"
"Fraserburgh","2021-08-30","646405",TRUE,"Positive"
"Fraserburgh","2021-09-30","163805",TRUE,"Positive"
"Fraserburgh","2021-03-31","3678",TRUE,"Positive (DNQ)"
"Fraserburgh","2021-05-31","446",TRUE,"Weak Positive"
"Galashiels","2020-09-01","0",TRUE,"Negative"
"Galashiels","2020-12-01","1195",TRUE,"Weak Positive"
"Galashiels","2021-03-02","926",TRUE,"Weak Positive"
"Galashiels","2021-09-02","197061",TRUE,"Positive"
"Galashiels","2021-06-03","0",TRUE,"Negative"
"Galashiels","2020-11-03","21303",TRUE,"Positive"
"Galashiels","2021-11-03","17465",TRUE,"Positive"
"Galashiels","2021-08-04","22846",TRUE,"Positive"
"Galashiels","2021-11-04","74842",TRUE,"Positive"
"Galashiels","2021-02-05","1381",TRUE,"Weak Positive"
"Galashiels","2021-05-05","0",TRUE,"Negative"
"Galashiels","2021-01-06","7025",TRUE,"Positive (DNQ)"
"Galashiels","2020-10-06","3991",TRUE,"Positive (DNQ)"
"Galashiels","2021-07-07","24645",TRUE,"Positive"
"Galashiels","2021-10-07","24597",TRUE,"Positive"
"Galashiels","2020-09-08","0",TRUE,"Negative"
"Galashiels","2021-09-08","94555",TRUE,"Positive"
"Galashiels","2020-12-08","0",TRUE,"Negative"
"Galashiels","2021-12-08","19198",TRUE,"Positive"
"Galashiels","2021-03-09","1088",TRUE,"Weak Positive"
"Galashiels","2021-06-09","2436",TRUE,"Positive (DNQ)"
"Galashiels","2020-11-10","23879",TRUE,"Positive"
"Galashiels","2021-12-10","7025",TRUE,"Positive (DNQ)"
"Galashiels","2021-08-11","46982",TRUE,"Positive"
"Galashiels","2021-11-11","33999",TRUE,"Positive"
"Galashiels","2021-01-12","27588",TRUE,"Positive"
"Galashiels","2021-05-12","0",TRUE,"Negative"
"Galashiels","2021-10-12","70946",TRUE,"Positive"
"Galashiels","2021-11-12","47804",TRUE,"Positive"
"Galashiels","2020-10-13","3927",TRUE,"Positive (DNQ)"
"Galashiels","2021-10-13","8321",TRUE,"Positive (DNQ)"
"Galashiels","2021-04-14","1221",TRUE,"Weak Positive"
"Galashiels","2021-12-14","48292",TRUE,"Positive"
"Galashiels","2020-09-15","0",TRUE,"Negative"
"Galashiels","2021-09-15","29333",TRUE,"Positive"
"Galashiels","2020-12-15","2214",TRUE,"Positive (DNQ)"
"Galashiels","2021-02-16","801",TRUE,"Weak Positive"
"Galashiels","2021-03-16","1162",TRUE,"Weak Positive"
"Galashiels","2021-06-17","8766",TRUE,"Positive (DNQ)"
"Galashiels","2021-12-17","88416",TRUE,"Positive"
"Galashiels","2020-11-18","2621",TRUE,"Positive (DNQ)"
"Galashiels","2021-01-19","1886",TRUE,"Weak Positive"
"Galashiels","2021-05-19","335",TRUE,"Weak Positive"
"Galashiels","2021-11-19","189813",TRUE,"Positive"
"Galashiels","2021-08-20","312430",TRUE,"Positive"
"Galashiels","2021-10-20","72844",TRUE,"Positive"
"Galashiels","2021-12-20","37400",TRUE,"Positive"
"Galashiels","2021-07-21","38377",TRUE,"Positive"
"Galashiels","2020-10-21","3431",TRUE,"Positive (DNQ)"
"Galashiels","2021-09-22","66468",TRUE,"Positive"
"Galashiels","2021-06-23","55898",TRUE,"Positive"
"Galashiels","2021-03-24","3766",TRUE,"Positive (DNQ)"
"Galashiels","2020-11-24","25862",TRUE,"Positive"
"Galashiels","2021-08-25","425367",TRUE,"Positive"
"Galashiels","2020-09-25","743",TRUE,"Weak Positive"
"Galashiels","2021-11-25","505333",TRUE,"Positive"
"Galashiels","2021-01-26","68542",TRUE,"Positive"
"Galashiels","2021-02-26","0",TRUE,"Negative"
"Galashiels","2021-05-26","1127",TRUE,"Weak Positive"
"Galashiels","2020-10-27","2273",TRUE,"Positive (DNQ)"
"Galashiels","2021-04-28","338",TRUE,"Weak Positive"
"Galashiels","2021-07-28","23892",TRUE,"Positive"
"Galashiels","2021-10-28","216518",TRUE,"Positive"
"Galashiels","2021-09-29","31000",TRUE,"Positive"
"Galashiels","2021-12-29","274020",TRUE,"Positive"
"Galashiels","2021-06-30","3505",TRUE,"Positive (DNQ)"
"Galashiels","2021-03-31","486",TRUE,"Weak Positive"
"Girvan","2021-03-01","0",TRUE,"Negative"
"Girvan","2021-11-01","25241",TRUE,"Positive"
"Girvan","2021-06-02","2259",TRUE,"Positive (DNQ)"
"Girvan","2021-04-06","4836",TRUE,"Positive (DNQ)"
"Girvan","2021-10-06",,FALSE,"Analysis Failed"
"Girvan","2021-12-06","119519",TRUE,"Positive"
"Girvan","2021-05-07","0",TRUE,"Negative"
"Girvan","2021-03-08","2198",TRUE,"Positive (DNQ)"
"Girvan","2021-09-08","367662",TRUE,"Positive"
"Girvan","2021-06-09","3816",TRUE,"Positive (DNQ)"
"Girvan","2021-07-09",,FALSE,"Analysis Failed"
"Girvan","2021-05-10",,FALSE,"Analysis Failed"
"Girvan","2021-04-12","3558",TRUE,"Positive (DNQ)"
"Girvan","2021-10-12",,FALSE,"Analysis Failed"
"Girvan","2021-11-12","28045",TRUE,"Positive"
"Girvan","2021-09-13","339667",TRUE,"Positive"
"Girvan","2021-12-13","60902",TRUE,"Positive"
"Girvan","2021-03-15","399",TRUE,"Weak Positive"
"Girvan","2021-11-15","50265",TRUE,"Positive"
"Girvan","2021-06-16","8416",TRUE,"Positive (DNQ)"
"Girvan","2021-08-16","0",TRUE,"Negative"
"Girvan","2021-02-19",,FALSE,"Analysis Failed"
"Girvan","2021-02-19","2898",TRUE,"Positive (DNQ)"
"Girvan","2021-05-19","0",TRUE,"Negative"
"Girvan","2021-07-20","130916",TRUE,"Positive"
"Girvan","2021-09-20","58743",TRUE,"Positive"
"Girvan","2021-12-20","57930",TRUE,"Positive"
"Girvan","2021-10-21","3934",TRUE,"Weak Positive"
"Girvan","2021-03-22","0",TRUE,"Negative"
"Girvan","2021-06-22","2479",TRUE,"Positive (DNQ)"
"Girvan","2021-11-22","38972",TRUE,"Positive"
"Girvan","2021-02-23","1382",TRUE,"Positive (DNQ)"
"Girvan","2021-05-26","0",TRUE,"Negative"
"Girvan","2021-07-27","111650",TRUE,"Positive"
"Girvan","2021-09-27","160044",TRUE,"Positive"
"Girvan","2021-10-27","49714",TRUE,"Positive"
"Girvan","2021-04-28","3038",TRUE,"Positive (DNQ)"
"Girvan","2021-12-29","195349",TRUE,"Positive"
"Girvan","2021-03-30","1250",TRUE,"Weak Positive"
"Girvan","2021-06-30","45338",TRUE,"Positive"
"Grantown on Spey","2021-06-03",,FALSE,"Analysis Failed"
"Grantown on Spey","2021-06-04","0",TRUE,"Negative"
"Grantown on Spey","2021-05-14","0",TRUE,"Negative"
"Grantown on Spey","2021-05-18","0",TRUE,"Negative"
"Grantown on Spey","2021-05-21","0",TRUE,"Negative"
"Grantown on Spey","2021-05-25","0",TRUE,"Negative"
"Grantown on Spey","2021-05-27","0",TRUE,"Negative"
"Guardbridge","2021-03-01","680",TRUE,"Weak Positive"
"Guardbridge","2021-04-01","12726",TRUE,"Positive"
"Guardbridge","2021-09-01","223510",TRUE,"Positive"
"Guardbridge","2021-03-02","22616",TRUE,"Positive"
"Guardbridge","2021-06-03","1092",TRUE,"Weak Positive"
"Guardbridge","2021-11-03","77184",TRUE,"Positive"
"Guardbridge","2021-02-04","0",TRUE,"Negative"
"Guardbridge","2021-05-04","0",TRUE,"Negative"
"Guardbridge","2021-08-04","66983",TRUE,"Positive"
"Guardbridge","2021-10-04","97005",TRUE,"Positive"
"Guardbridge","2021-02-05",,FALSE,"Analysis Failed"
"Guardbridge","2021-11-05","125148",TRUE,"Positive"
"Guardbridge","2021-05-06","228",TRUE,"Weak Positive"
"Guardbridge","2021-06-07","1643",TRUE,"Positive (DNQ)"
"Guardbridge","2021-09-07","259002",TRUE,"Positive"
"Guardbridge","2021-04-08","1825",TRUE,"Positive (DNQ)"
"Guardbridge","2021-12-08","38624",TRUE,"Positive"
"Guardbridge","2021-03-09","1379",TRUE,"Positive (DNQ)"
"Guardbridge","2021-04-09","422",TRUE,"Weak Positive"
"Guardbridge","2021-03-10","475",TRUE,"Weak Positive"
"Guardbridge","2021-05-10","0",TRUE,"Negative"
"Guardbridge","2021-06-10","1465",TRUE,"Positive (DNQ)"
"Guardbridge","2021-11-10","12778",TRUE,"Positive"
"Guardbridge","2021-12-10","3980",TRUE,"Weak Positive"
"Guardbridge","2021-02-11","0",TRUE,"Negative"
"Guardbridge","2021-02-12","0",TRUE,"Negative"
"Guardbridge","2021-11-12","104128",TRUE,"Positive"
"Guardbridge","2021-09-13","107561",TRUE,"Positive"
"Guardbridge","2021-12-13","23966",TRUE,"Positive"
"Guardbridge","2021-04-14","0",TRUE,"Negative"
"Guardbridge","2021-05-14","0",TRUE,"Negative"
"Guardbridge","2021-06-14","2881",TRUE,"Positive (DNQ)"
"Guardbridge","2021-02-16","3595",TRUE,"Positive (DNQ)"
"Guardbridge","2021-02-17","354",TRUE,"Weak Positive"
"Guardbridge","2021-03-17","0",TRUE,"Negative"
"Guardbridge","2021-06-17","5852",TRUE,"Positive (DNQ)"
"Guardbridge","2021-11-17","381549",TRUE,"Positive"
"Guardbridge","2021-12-17","204269",TRUE,"Positive"
"Guardbridge","2021-03-18","0",TRUE,"Negative"
"Guardbridge","2021-05-19","0",TRUE,"Negative"
"Guardbridge","2021-10-19","30621",TRUE,"Positive"
"Guardbridge","2021-11-19","324264",TRUE,"Positive"
"Guardbridge","2021-09-20","304640",TRUE,"Positive"
"Guardbridge","2021-05-21","0",TRUE,"Negative"
"Guardbridge","2021-10-21","22499",TRUE,"Positive"
"Guardbridge","2021-03-22","321",TRUE,"Weak Positive"
"Guardbridge","2021-06-22","2540",TRUE,"Positive (DNQ)"
"Guardbridge","2021-09-22","345793",TRUE,"Positive"
"Guardbridge","2021-02-23","1462",TRUE,"Positive (DNQ)"
"Guardbridge","2021-03-23","1221",TRUE,"Weak Positive"
"Guardbridge","2021-08-24","98646",TRUE,"Positive"
"Guardbridge","2021-11-24","91160",TRUE,"Positive"
"Guardbridge","2021-02-25","312",TRUE,"Weak Positive"
"Guardbridge","2021-05-25","0",TRUE,"Negative"
"Guardbridge","2021-07-26","21238",TRUE,"Positive"
"Guardbridge","2021-05-27","0",TRUE,"Negative"
"Guardbridge","2021-08-27","52328",TRUE,"Positive"
"Guardbridge","2021-09-27","17893",TRUE,"Positive"
"Guardbridge","2021-10-27","45663",TRUE,"Positive"
"Guardbridge","2021-04-28","0",TRUE,"Negative"
"Guardbridge","2021-06-28","9326",TRUE,"Positive (DNQ)"
"Guardbridge","2021-01-29","2202",TRUE,"Positive (DNQ)"
"Guardbridge","2021-10-29","117259",TRUE,"Positive"
"Guardbridge","2021-03-30","3233",TRUE,"Positive (DNQ)"
"Guardbridge","2021-04-30","0",TRUE,"Negative"
"Guardbridge","2021-08-30","170266",TRUE,"Positive"
"Guardbridge","2021-05-31","1357",TRUE,"Positive (DNQ)"
"Haddington","2021-12-01","119630",TRUE,"Positive"
"Haddington","2021-11-03","145503",TRUE,"Positive"
"Haddington","2021-11-04","94849",TRUE,"Positive"
"Haddington","2021-12-07","205465",TRUE,"Positive"
"Haddington","2021-12-08","42094",TRUE,"Positive"
"Haddington","2021-11-11","64866",TRUE,"Positive"
"Haddington","2021-11-12","34208",TRUE,"Positive"
"Haddington","2021-12-14",,FALSE,"Analysis Failed"
"Haddington","2021-11-17","193267",TRUE,"Positive"
"Haddington","2021-11-18","156243",TRUE,"Positive"
"Haddington","2021-11-23","1314454",TRUE,"Positive"
"Haddington","2021-11-24","848994",TRUE,"Positive"
"Hamilton","2021-02-01","78899",TRUE,"Positive"
"Hamilton","2021-04-01","37767",TRUE,"Positive"
"Hamilton","2021-07-01","365802",TRUE,"Positive"
"Hamilton","2021-11-01","232243",TRUE,"Positive"
"Hamilton","2020-12-01","66589",TRUE,"Positive"
"Hamilton","2021-12-01","125432",TRUE,"Positive"
"Hamilton","2020-09-02","1870",TRUE,"Positive (DNQ)"
"Hamilton","2021-11-02","106133",TRUE,"Positive"
"Hamilton","2020-12-02","37079",TRUE,"Positive"
"Hamilton","2021-06-03","17316",TRUE,"Positive"
"Hamilton","2021-08-03","167051",TRUE,"Positive"
"Hamilton","2021-09-03","724836",TRUE,"Positive"
"Hamilton","2020-11-03","207349",TRUE,"Positive"
"Hamilton","2021-11-03","138891",TRUE,"Positive"
"Hamilton","2021-03-04","16405",TRUE,"Positive"
"Hamilton","2021-08-04","200505",TRUE,"Positive"
"Hamilton","2021-01-05","50476",TRUE,"Positive"
"Hamilton","2021-04-05","26622",TRUE,"Positive"
"Hamilton","2021-07-05","250479",TRUE,"Positive"
"Hamilton","2021-10-05","127657",TRUE,"Positive"
"Hamilton","2021-04-06","14654",TRUE,"Positive"
"Hamilton","2021-05-06","25676",TRUE,"Positive"
"Hamilton","2021-09-06","1333720",TRUE,"Positive"
"Hamilton","2021-10-06","59606",TRUE,"Positive"
"Hamilton","2021-12-06","132915",TRUE,"Positive"
"Hamilton","2021-04-07","10900",TRUE,"Positive"
"Hamilton","2021-05-07","16399",TRUE,"Positive"
"Hamilton","2021-06-07","28870",TRUE,"Positive"
"Hamilton","2021-07-07","116267",TRUE,"Positive"
"Hamilton","2021-09-07","3615392",TRUE,"Positive"
"Hamilton","2020-12-07","153480",TRUE,"Positive"
"Hamilton","2021-02-08","28703",TRUE,"Positive"
"Hamilton","2021-03-08","10960",TRUE,"Positive"
"Hamilton","2021-06-08","14514",TRUE,"Positive"
"Hamilton","2021-11-08","144348",TRUE,"Positive"
"Hamilton","2020-12-08","52795",TRUE,"Positive"
"Hamilton","2021-03-09","66377",TRUE,"Positive"
"Hamilton","2021-08-09","220828",TRUE,"Positive"
"Hamilton","2020-11-09","84032",TRUE,"Positive"
"Hamilton","2021-11-09","83562",TRUE,"Positive"
"Hamilton","2020-12-09","16466",TRUE,"Positive"
"Hamilton","2021-08-10","102854",TRUE,"Positive"
"Hamilton","2020-11-10","30188",TRUE,"Positive"
"Hamilton","2021-11-10","80736",TRUE,"Positive"
"Hamilton","2021-12-10","119572",TRUE,"Positive"
"Hamilton","2021-01-11","102951",TRUE,"Positive"
"Hamilton","2020-11-11","139534",TRUE,"Positive"
"Hamilton","2021-04-12","11884",TRUE,"Positive"
"Hamilton","2021-05-12","5686",TRUE,"Positive (DNQ)"
"Hamilton","2021-07-12","193743",TRUE,"Positive"
"Hamilton","2021-05-13","40440",TRUE,"Positive"
"Hamilton","2021-07-13","247955",TRUE,"Positive"
"Hamilton","2021-12-13","258500",TRUE,"Positive"
"Hamilton","2021-06-14","42564",TRUE,"Positive"
"Hamilton","2021-09-14","779925",TRUE,"Positive"
"Hamilton","2021-10-14","186622",TRUE,"Positive"
"Hamilton","2021-03-15","15038",TRUE,"Positive"
"Hamilton","2021-04-15","28735",TRUE,"Positive"
"Hamilton","2021-10-15","170123",TRUE,"Positive"
"Hamilton","2021-11-15","140725",TRUE,"Positive"
"Hamilton","2021-12-15","304452",TRUE,"Positive"
"Hamilton","2021-08-16","294199",TRUE,"Positive"
"Hamilton","2020-10-16","285166",TRUE,"Positive"
"Hamilton","2020-11-16","26921",TRUE,"Positive"
"Hamilton","2021-11-16","202610",TRUE,"Positive"
"Hamilton","2020-12-16","33453",TRUE,"Positive"
"Hamilton","2021-02-17","50942",TRUE,"Positive"
"Hamilton","2021-03-17","18214",TRUE,"Positive"
"Hamilton","2020-09-17","12714",TRUE,"Positive"
"Hamilton","2020-11-17","79608",TRUE,"Positive"
"Hamilton","2021-12-17","332052",TRUE,"Positive"
"Hamilton","2021-01-18","29083",TRUE,"Positive"
"Hamilton","2021-06-18","35878",TRUE,"Positive"
"Hamilton","2021-10-18","119881",TRUE,"Positive"
"Hamilton","2020-11-18","30165",TRUE,"Positive"
"Hamilton","2021-07-19","239725",TRUE,"Positive"
"Hamilton","2021-08-19","321375",TRUE,"Positive"
"Hamilton","2020-10-19","114042",TRUE,"Positive"
"Hamilton","2021-05-20","22678",TRUE,"Positive"
"Hamilton","2021-09-20","278980",TRUE,"Positive"
"Hamilton","2021-10-20","163930",TRUE,"Positive"
"Hamilton","2021-12-20","510565",TRUE,"Positive"
"Hamilton","2021-05-21","5686",TRUE,"Positive (DNQ)"
"Hamilton","2021-06-21","34157",TRUE,"Positive"
"Hamilton","2021-07-21","215067",TRUE,"Positive"
"Hamilton","2021-02-22","58110",TRUE,"Positive"
"Hamilton","2021-03-22","51888",TRUE,"Positive"
"Hamilton","2021-11-22","659422",TRUE,"Positive"
"Hamilton","2021-08-23","221116",TRUE,"Positive"
"Hamilton","2021-09-23","395020",TRUE,"Positive"
"Hamilton","2020-11-23","20464",TRUE,"Positive"
"Hamilton","2021-11-23","66043",TRUE,"Positive"
"Hamilton","2021-03-24","26949",TRUE,"Positive"
"Hamilton","2021-05-24","14586",TRUE,"Positive"
"Hamilton","2021-06-24","36467",TRUE,"Positive"
"Hamilton","2020-11-24","57085",TRUE,"Positive"
"Hamilton","2021-11-24","195460",TRUE,"Positive"
"Hamilton","2021-05-25","18501",TRUE,"Positive"
"Hamilton","2020-09-25","17191",TRUE,"Positive"
"Hamilton","2021-01-26","41554",TRUE,"Positive"
"Hamilton","2021-07-26","322880",TRUE,"Positive"
"Hamilton","2021-10-26","159096",TRUE,"Positive"
"Hamilton","2021-08-27","687899",TRUE,"Positive"
"Hamilton","2021-09-27","550272",TRUE,"Positive"
"Hamilton","2021-10-27","323412",TRUE,"Positive"
"Hamilton","2021-03-29","22191",TRUE,"Positive"
"Hamilton","2021-04-29","49006",TRUE,"Positive"
"Hamilton","2021-06-29","58634",TRUE,"Positive"
"Hamilton","2021-07-29","225291",TRUE,"Positive"
"Hamilton","2020-09-29","41927",TRUE,"Positive"
"Hamilton","2021-09-29","357423",TRUE,"Positive"
"Hamilton","2020-12-29","60740",TRUE,"Positive"
"Hamilton","2021-12-29","824949",TRUE,"Positive"
"Hamilton","2021-08-30","1335330",TRUE,"Positive"
"Hamilton","2020-11-30","41982",TRUE,"Positive"
"Hamilton","2021-05-31","38031",TRUE,"Positive"
"Harthill","2021-02-01","7342",TRUE,"Positive (DNQ)"
"Harthill","2021-04-01",,FALSE,"Analysis Failed"
"Harthill","2021-06-01","0",TRUE,"Negative"
"Harthill","2021-10-01","12595",TRUE,"Positive"
"Harthill","2021-11-02","92778",TRUE,"Positive"
"Harthill","2021-05-04","604",TRUE,"Weak Positive"
"Harthill","2021-03-05","46298",TRUE,"Positive"
"Harthill","2021-10-05","257455",TRUE,"Positive"
"Harthill","2021-04-06",,FALSE,"Analysis Failed"
"Harthill","2021-12-07","167777",TRUE,"Positive"
"Harthill","2021-01-08","26527",TRUE,"Positive"
"Harthill","2021-06-08","0",TRUE,"Negative"
"Harthill","2021-07-08","168586",TRUE,"Positive"
"Harthill","2021-09-08",,FALSE,"Analysis Failed"
"Harthill","2021-02-09","143407",TRUE,"Positive"
"Harthill","2021-11-09",,FALSE,"Analysis Failed"
"Harthill","2021-03-10","25457",TRUE,"Positive"
"Harthill","2021-05-10","797",TRUE,"Weak Positive"
"Harthill","2021-04-12","1367",TRUE,"Weak Positive"
"Harthill","2021-01-13","37161",TRUE,"Positive"
"Harthill","2021-07-13","234345",TRUE,"Positive"
"Harthill","2021-12-14","971671",TRUE,"Positive"
"Harthill","2021-02-16","26544",TRUE,"Positive"
"Harthill","2021-06-16","109664",TRUE,"Positive"
"Harthill","2021-11-16","570925",TRUE,"Positive"
"Harthill","2021-03-17","2096",TRUE,"Positive (DNQ)"
"Harthill","2021-10-18","139810",TRUE,"Positive"
"Harthill","2021-05-19","311",TRUE,"Weak Positive"
"Harthill","2021-07-20","185202",TRUE,"Positive"
"Harthill","2021-12-20","239482",TRUE,"Positive"
"Harthill","2021-01-21","436",TRUE,"Weak Positive"
"Harthill","2021-06-23","16546",TRUE,"Positive"
"Harthill","2021-11-23",,FALSE,"Analysis Failed"
"Harthill","2021-02-24","1695",TRUE,"Positive (DNQ)"
"Harthill","2021-03-24","14112",TRUE,"Positive"
"Harthill","2021-05-25","3208",TRUE,"Positive (DNQ)"
"Harthill","2021-10-26","262691",TRUE,"Positive"
"Harthill","2021-04-27","1905",TRUE,"Positive (DNQ)"
"Harthill","2021-06-28","140820",TRUE,"Positive"
"Harthill","2021-07-29","1090666",TRUE,"Positive"
"Harthill","2021-08-31",,FALSE,"Analysis Failed"
"Hatton","2021-03-01","5585",TRUE,"Positive (DNQ)"
"Hatton","2021-09-01","635498",TRUE,"Positive"
"Hatton","2021-10-01","200016",TRUE,"Positive"
"Hatton","2021-11-01","80278",TRUE,"Positive"
"Hatton","2021-11-01","46369",TRUE,"Positive"
"Hatton","2021-12-01","125162",TRUE,"Positive"
"Hatton","2021-04-02","26543",TRUE,"Positive"
"Hatton","2021-06-02","27052",TRUE,"Positive"
"Hatton","2021-07-02","289190",TRUE,"Positive"
"Hatton","2021-08-02","49831",TRUE,"Positive"
"Hatton","2020-09-02","1870",TRUE,"Positive (DNQ)"
"Hatton","2021-02-03","58695",TRUE,"Positive"
"Hatton","2021-03-03","25383",TRUE,"Positive"
"Hatton","2021-05-03","2992",TRUE,"Positive (DNQ)"
"Hatton","2021-09-03","497450",TRUE,"Positive"
"Hatton","2021-11-03","49634",TRUE,"Positive"
"Hatton","2021-01-04","49397",TRUE,"Positive"
"Hatton","2021-06-04","30434",TRUE,"Positive"
"Hatton","2021-08-04","55852",TRUE,"Positive"
"Hatton","2021-10-04","219397",TRUE,"Positive"
"Hatton","2020-11-04","58928",TRUE,"Positive"
"Hatton","2020-12-04","29775",TRUE,"Positive"
"Hatton","2021-03-05","14452",TRUE,"Positive"
"Hatton","2021-05-05","2627",TRUE,"Positive (DNQ)"
"Hatton","2021-07-05","599429",TRUE,"Positive"
"Hatton","2021-11-05","10321",TRUE,"Positive"
"Hatton","2021-01-06","95158",TRUE,"Positive"
"Hatton","2021-04-06","18437",TRUE,"Positive"
"Hatton","2021-08-06","26477",TRUE,"Positive"
"Hatton","2021-09-06","581718",TRUE,"Positive"
"Hatton","2020-10-06","9348",TRUE,"Positive (DNQ)"
"Hatton","2021-10-06","147635",TRUE,"Positive"
"Hatton","2021-12-06","126598",TRUE,"Positive"
"Hatton","2021-05-07","11394",TRUE,"Positive"
"Hatton","2021-06-07","77245",TRUE,"Positive"
"Hatton","2021-07-07","294593",TRUE,"Positive"
"Hatton","2021-12-07","105306",TRUE,"Positive"
"Hatton","2021-01-08","79699",TRUE,"Positive"
"Hatton","2021-02-08","5129",TRUE,"Positive (DNQ)"
"Hatton","2021-03-08","7301",TRUE,"Positive (DNQ)"
"Hatton","2021-09-08","230088",TRUE,"Positive"
"Hatton","2021-10-08","136736",TRUE,"Positive"
"Hatton","2021-11-08","93997",TRUE,"Positive"
"Hatton","2021-12-08","90113",TRUE,"Positive"
"Hatton","2021-06-09","31865",TRUE,"Positive"
"Hatton","2021-07-09","559887",TRUE,"Positive"
"Hatton","2021-08-09","49623",TRUE,"Positive"
"Hatton","2020-09-09","1351",TRUE,"Positive (DNQ)"
"Hatton","2021-11-09","114140",TRUE,"Positive"
"Hatton","2021-02-10","31264",TRUE,"Positive"
"Hatton","2021-03-10","18837",TRUE,"Positive"
"Hatton","2021-05-10","8624",TRUE,"Positive (DNQ)"
"Hatton","2021-09-10","217302",TRUE,"Positive"
"Hatton","2021-11-10","108549",TRUE,"Positive"
"Hatton","2021-12-10","37080",TRUE,"Positive"
"Hatton","2021-01-11","113745",TRUE,"Positive"
"Hatton","2021-06-11","95796",TRUE,"Positive"
"Hatton","2021-08-11","21042",TRUE,"Positive"
"Hatton","2021-10-11","76931",TRUE,"Positive"
"Hatton","2020-11-11","20969",TRUE,"Positive"
"Hatton","2020-12-11","22938",TRUE,"Positive"
"Hatton","2021-02-12","11689",TRUE,"Positive"
"Hatton","2021-03-12","4247",TRUE,"Positive (DNQ)"
"Hatton","2021-04-12","8255",TRUE,"Positive (DNQ)"
"Hatton","2021-05-12","4241",TRUE,"Positive (DNQ)"
"Hatton","2021-07-12","153805",TRUE,"Positive"
"Hatton","2021-11-12","134290",TRUE,"Positive"
"Hatton","2021-01-13","78432",TRUE,"Positive"
"Hatton","2021-04-13","13513",TRUE,"Positive"
"Hatton","2021-08-13","59460",TRUE,"Positive"
"Hatton","2021-09-13","277856",TRUE,"Positive"
"Hatton","2021-10-13","86692",TRUE,"Positive"
"Hatton","2021-12-13","58340",TRUE,"Positive"
"Hatton","2021-05-14","9745",TRUE,"Positive (DNQ)"
"Hatton","2021-06-14","22247",TRUE,"Positive"
"Hatton","2021-12-14","153673",TRUE,"Positive"
"Hatton","2021-01-15","42214",TRUE,"Positive"
"Hatton","2021-02-15","15525",TRUE,"Positive"
"Hatton","2021-03-15","11941",TRUE,"Positive"
"Hatton","2021-10-15","347986",TRUE,"Positive"
"Hatton","2021-11-15","112438",TRUE,"Positive"
"Hatton","2021-12-15","281450",TRUE,"Positive"
"Hatton","2021-06-16","59056",TRUE,"Positive"
"Hatton","2021-07-16","217107",TRUE,"Positive"
"Hatton","2021-08-16","100462",TRUE,"Positive"
"Hatton","2021-11-16","158796",TRUE,"Positive"
"Hatton","2021-02-17","1637",TRUE,"Positive (DNQ)"
"Hatton","2021-03-17","23110",TRUE,"Positive"
"Hatton","2021-05-17","5736",TRUE,"Positive (DNQ)"
"Hatton","2020-09-17","3366",TRUE,"Positive (DNQ)"
"Hatton","2021-09-17","397773",TRUE,"Positive"
"Hatton","2021-12-17","226768",TRUE,"Positive"
"Hatton","2021-01-18","77908",TRUE,"Positive"
"Hatton","2021-08-18","132704",TRUE,"Positive"
"Hatton","2021-10-18","33203",TRUE,"Positive"
"Hatton","2020-11-18","13486",TRUE,"Positive"
"Hatton","2021-02-19","7494",TRUE,"Positive (DNQ)"
"Hatton","2021-03-19","10761",TRUE,"Positive"
"Hatton","2021-05-19","13900",TRUE,"Positive"
"Hatton","2021-06-19","48986",TRUE,"Positive"
"Hatton","2021-07-19","152106",TRUE,"Positive"
"Hatton","2021-11-19","169220",TRUE,"Positive"
"Hatton","2021-01-20","9058",TRUE,"Positive (DNQ)"
"Hatton","2021-09-20","226424",TRUE,"Positive"
"Hatton","2021-10-20","130563",TRUE,"Positive"
"Hatton","2021-12-20","274004",TRUE,"Positive"
"Hatton","2021-05-21","6642",TRUE,"Positive (DNQ)"
"Hatton","2021-06-21","127024",TRUE,"Positive"
"Hatton","2021-07-21","97954",TRUE,"Positive"
"Hatton","2020-10-21","22225",TRUE,"Positive"
"Hatton","2021-01-22","64406",TRUE,"Positive"
"Hatton","2021-02-22","8669",TRUE,"Positive (DNQ)"
"Hatton","2021-03-22","11802",TRUE,"Positive"
"Hatton","2021-09-22","174437",TRUE,"Positive"
"Hatton","2021-10-22","118279",TRUE,"Positive"
"Hatton","2021-11-22","153712",TRUE,"Positive"
"Hatton","2021-04-23","4470",TRUE,"Positive (DNQ)"
"Hatton","2021-06-23","139547",TRUE,"Positive"
"Hatton","2021-07-23","24948",TRUE,"Positive"
"Hatton","2021-08-23","216108",TRUE,"Positive"
"Hatton","2020-09-23","11912",TRUE,"Positive"
"Hatton","2021-11-23","115546",TRUE,"Positive"
"Hatton","2021-02-24","11907",TRUE,"Positive"
"Hatton","2021-03-24","23696",TRUE,"Positive"
"Hatton","2021-05-24","20676",TRUE,"Positive"
"Hatton","2021-09-24","129594",TRUE,"Positive"
"Hatton","2021-11-24","284870",TRUE,"Positive"
"Hatton","2021-01-25","50996",TRUE,"Positive"
"Hatton","2021-06-25","201643",TRUE,"Positive"
"Hatton","2021-08-25","107295",TRUE,"Positive"
"Hatton","2021-10-25","69908",TRUE,"Positive"
"Hatton","2021-02-26","5655",TRUE,"Positive"
"Hatton","2021-05-26","3943",TRUE,"Positive (DNQ)"
"Hatton","2021-07-26","93872",TRUE,"Positive"
"Hatton","2021-08-27","243586",TRUE,"Positive"
"Hatton","2021-09-27","259920",TRUE,"Positive"
"Hatton","2021-10-27","123588",TRUE,"Positive"
"Hatton","2021-06-28","143535",TRUE,"Positive"
"Hatton","2021-07-28","86700",TRUE,"Positive"
"Hatton","2020-10-28","41811",TRUE,"Positive"
"Hatton","2021-01-29","82124",TRUE,"Positive"
"Hatton","2021-03-29","9735",TRUE,"Positive (DNQ)"
"Hatton","2021-09-29","83256",TRUE,"Positive"
"Hatton","2021-10-29","304256",TRUE,"Positive"
"Hatton","2021-11-29","151008",TRUE,"Positive"
"Hatton","2020-12-29","51249",TRUE,"Positive"
"Hatton","2021-12-29","368882",TRUE,"Positive"
"Hatton","2021-07-30","36306",TRUE,"Positive"
"Hatton","2021-08-30","438350",TRUE,"Positive"
"Hatton","2020-09-30","20627",TRUE,"Positive"
"Hatton","2021-11-30","115235",TRUE,"Positive"
"Hatton","2021-03-31","24902",TRUE,"Positive"
"Hatton","2021-05-31","35270",TRUE,"Positive"
"Hatton - Fintry East","2021-06-01","4899",TRUE,"Positive (DNQ)"
"Hatton - Fintry East","2021-07-02","44103857",TRUE,"Positive"
"Hatton - Fintry East","2021-11-02","32753",TRUE,"Positive"
"Hatton - Fintry East","2021-08-03","26020",TRUE,"Positive"
"Hatton - Fintry East","2021-05-04","6392",TRUE,"Positive (DNQ)"
"Hatton - Fintry East","2021-06-04","0",TRUE,"Negative"
"Hatton - Fintry East","2021-10-05",,FALSE,"Analysis Failed"
"Hatton - Fintry East","2021-11-05","23351",TRUE,"Positive"
"Hatton - Fintry East","2021-07-06","2318393",TRUE,"Positive"
"Hatton - Fintry East","2021-05-07","0",TRUE,"Negative"
"Hatton - Fintry East","2021-09-07","1395889",TRUE,"Positive"
"Hatton - Fintry East","2021-12-07",,FALSE,"Analysis Failed"
"Hatton - Fintry East","2021-06-08","0",TRUE,"Negative"
"Hatton - Fintry East","2021-07-09","62187",TRUE,"Positive"
"Hatton - Fintry East","2021-11-09","78497",TRUE,"Positive"
"Hatton - Fintry East","2021-08-10","3960",TRUE,"Weak Positive"
"Hatton - Fintry East","2021-12-10","51338",TRUE,"Positive"
"Hatton - Fintry East","2021-06-11","18962",TRUE,"Positive"
"Hatton - Fintry East","2021-11-12",,FALSE,"Analysis Failed"
"Hatton - Fintry East","2021-07-13","58400",TRUE,"Positive"
"Hatton - Fintry East","2021-08-13","15404",TRUE,"Positive"
"Hatton - Fintry East","2021-05-14","916",TRUE,"Weak Positive"
"Hatton - Fintry East","2021-09-14","1424406",TRUE,"Positive"
"Hatton - Fintry East","2021-12-14","51441",TRUE,"Positive"
"Hatton - Fintry East","2021-06-15","8125",TRUE,"Positive (DNQ)"
"Hatton - Fintry East","2021-07-16","212620",TRUE,"Positive"
"Hatton - Fintry East","2021-11-16","45196",TRUE,"Positive"
"Hatton - Fintry East","2021-08-17",,FALSE,"Analysis Failed"
"Hatton - Fintry East","2021-12-17",,FALSE,"Analysis Failed"
"Hatton - Fintry East","2021-05-18","0",TRUE,"Negative"
"Hatton - Fintry East","2021-06-18","674439",TRUE,"Positive"
"Hatton - Fintry East","2021-04-19","2466",TRUE,"Positive (DNQ)"
"Hatton - Fintry East","2021-10-19","56606",TRUE,"Positive"
"Hatton - Fintry East","2021-11-19",,FALSE,"Analysis Failed"
"Hatton - Fintry East","2021-04-20","266",TRUE,"Weak Positive"
"Hatton - Fintry East","2021-07-20","53955",TRUE,"Positive"
"Hatton - Fintry East","2021-08-20","149503",TRUE,"Positive"
"Hatton - Fintry East","2021-04-21","0",TRUE,"Negative"
"Hatton - Fintry East","2021-05-21","0",TRUE,"Negative"
"Hatton - Fintry East","2021-06-22","102229",TRUE,"Positive"
"Hatton - Fintry East","2021-10-22","669593",TRUE,"Positive"
"Hatton - Fintry East","2021-04-23","700",TRUE,"Weak Positive"
"Hatton - Fintry East","2021-07-23","18612",TRUE,"Positive"
"Hatton - Fintry East","2021-11-23",,FALSE,"Analysis Failed"
"Hatton - Fintry East","2021-08-24","13075",TRUE,"Positive"
"Hatton - Fintry East","2021-05-25","0",TRUE,"Negative"
"Hatton - Fintry East","2021-06-25","361335",TRUE,"Positive"
"Hatton - Fintry East","2021-10-26","211419",TRUE,"Positive"
"Hatton - Fintry East","2021-04-27","0",TRUE,"Negative"
"Hatton - Fintry East","2021-08-27",,FALSE,"Analysis Failed"
"Hatton - Fintry East","2021-05-28","2273",TRUE,"Positive (DNQ)"
"Hatton - Fintry East","2021-06-29","942360",TRUE,"Positive"
"Hatton - Fintry East","2021-10-29","590647",TRUE,"Positive"
"Hatton - Fintry East","2021-04-30","0",TRUE,"Negative"
"Hatton - Fintry East","2021-07-30","20087",TRUE,"Positive"
"Hatton - Fintry East","2021-08-31",,FALSE,"Analysis Failed"
"Hatton - Fintry North","2021-06-01","24648",TRUE,"Positive"
"Hatton - Fintry North","2021-07-02","544050",TRUE,"Positive"
"Hatton - Fintry North","2021-11-02","56931",TRUE,"Positive"
"Hatton - Fintry North","2021-08-03","204857",TRUE,"Positive"
"Hatton - Fintry North","2021-05-04","0",TRUE,"Negative"
"Hatton - Fintry North","2021-06-04","21113",TRUE,"Positive"
"Hatton - Fintry North","2021-10-05","33878",TRUE,"Positive"
"Hatton - Fintry North","2021-11-05","76302",TRUE,"Positive"
"Hatton - Fintry North","2021-07-06","393508",TRUE,"Positive"
"Hatton - Fintry North","2021-05-07","0",TRUE,"Negative"
"Hatton - Fintry North","2021-09-07","1631776",TRUE,"Positive"
"Hatton - Fintry North","2021-12-07","65694",TRUE,"Positive"
"Hatton - Fintry North","2021-06-08","16087",TRUE,"Positive"
"Hatton - Fintry North","2021-07-09","600048",TRUE,"Positive"
"Hatton - Fintry North","2021-11-09","32988",TRUE,"Positive"
"Hatton - Fintry North","2021-08-10","169774",TRUE,"Positive"
"Hatton - Fintry North","2021-12-10","51218",TRUE,"Positive"
"Hatton - Fintry North","2021-05-11","0",TRUE,"Negative"
"Hatton - Fintry North","2021-06-11","54416",TRUE,"Positive"
"Hatton - Fintry North","2021-11-12",,FALSE,"Analysis Failed"
"Hatton - Fintry North","2021-07-13","48990",TRUE,"Positive"
"Hatton - Fintry North","2021-08-13","27338",TRUE,"Positive"
"Hatton - Fintry North","2021-05-14","0",TRUE,"Negative"
"Hatton - Fintry North","2021-12-14","14890",TRUE,"Positive"
"Hatton - Fintry North","2021-06-15","133049",TRUE,"Positive"
"Hatton - Fintry North","2021-07-16","872483",TRUE,"Positive"
"Hatton - Fintry North","2021-11-16",,FALSE,"Analysis Failed"
"Hatton - Fintry North","2021-08-17","4761",TRUE,"Weak Positive"
"Hatton - Fintry North","2021-12-17","72364",TRUE,"Positive"
"Hatton - Fintry North","2021-05-18","0",TRUE,"Negative"
"Hatton - Fintry North","2021-06-18","78230",TRUE,"Positive"
"Hatton - Fintry North","2021-10-19","132018",TRUE,"Positive"
"Hatton - Fintry North","2021-11-19","136639",TRUE,"Positive"
"Hatton - Fintry North","2021-04-20","21995",TRUE,"Positive"
"Hatton - Fintry North","2021-07-20","156189",TRUE,"Positive"
"Hatton - Fintry North","2021-08-20","48392",TRUE,"Positive"
"Hatton - Fintry North","2021-04-21","9697",TRUE,"Positive (DNQ)"
"Hatton - Fintry North","2021-05-21","0",TRUE,"Negative"
"Hatton - Fintry North","2021-06-22","337400",TRUE,"Positive"
"Hatton - Fintry North","2021-10-22","224923",TRUE,"Positive"
"Hatton - Fintry North","2021-07-23","18093",TRUE,"Positive"
"Hatton - Fintry North","2021-11-23","38342",TRUE,"Positive"
"Hatton - Fintry North","2021-08-24","252886",TRUE,"Positive"
"Hatton - Fintry North","2021-05-25","7401",TRUE,"Positive (DNQ)"
"Hatton - Fintry North","2021-06-25","391470",TRUE,"Positive"
"Hatton - Fintry North","2021-10-26","51937",TRUE,"Positive"
"Hatton - Fintry North","2021-04-27","1978",TRUE,"Positive (DNQ)"
"Hatton - Fintry North","2021-08-27","391863",TRUE,"Positive"
"Hatton - Fintry North","2021-05-28","55308",TRUE,"Positive"
"Hatton - Fintry North","2021-10-29","39379",TRUE,"Positive"
"Hatton - Fintry North","2021-04-30","0",TRUE,"Negative"
"Hatton - Fintry North","2021-07-30","400315",TRUE,"Positive"
"Hatton - Fintry North","2021-08-31","322518",TRUE,"Positive"
"Hatton - Fintry West","2021-06-01","0",TRUE,"Negative"
"Hatton - Fintry West","2021-11-01","11652",TRUE,"Positive"
"Hatton - Fintry West","2021-07-02","502918",TRUE,"Positive"
"Hatton - Fintry West","2021-08-03","162730",TRUE,"Positive"
"Hatton - Fintry West","2021-09-03","107269",TRUE,"Positive"
"Hatton - Fintry West","2021-05-04","11573",TRUE,"Positive"
"Hatton - Fintry West","2021-06-04","36483",TRUE,"Positive"
"Hatton - Fintry West","2021-10-05","205112",TRUE,"Positive"
"Hatton - Fintry West","2021-11-05","3042",TRUE,"Weak Positive"
"Hatton - Fintry West","2021-07-06","194662",TRUE,"Positive"
"Hatton - Fintry West","2021-05-07","0",TRUE,"Negative"
"Hatton - Fintry West","2021-12-07","17769",TRUE,"Positive"
"Hatton - Fintry West","2021-06-08","180772",TRUE,"Positive"
"Hatton - Fintry West","2021-07-09","296276",TRUE,"Positive"
"Hatton - Fintry West","2021-11-09","26241",TRUE,"Positive"
"Hatton - Fintry West","2021-08-10","12287",TRUE,"Positive"
"Hatton - Fintry West","2021-12-10","26785",TRUE,"Positive"
"Hatton - Fintry West","2021-05-11","2207",TRUE,"Positive (DNQ)"
"Hatton - Fintry West","2021-06-11","1095746",TRUE,"Positive"
"Hatton - Fintry West","2021-11-12",,FALSE,"Analysis Failed"
"Hatton - Fintry West","2021-07-13","420294",TRUE,"Positive"
"Hatton - Fintry West","2021-08-13","6837",TRUE,"Positive (DNQ)"
"Hatton - Fintry West","2021-05-14","630",TRUE,"Weak Positive"
"Hatton - Fintry West","2021-12-14","2234697",TRUE,"Positive"
"Hatton - Fintry West","2021-06-15","24177",TRUE,"Positive"
"Hatton - Fintry West","2021-07-16","1987397",TRUE,"Positive"
"Hatton - Fintry West","2021-11-16","14776",TRUE,"Positive"
"Hatton - Fintry West","2021-08-17",,FALSE,"Analysis Failed"
"Hatton - Fintry West","2021-12-17","42352",TRUE,"Positive"
"Hatton - Fintry West","2021-05-18","0",TRUE,"Negative"
"Hatton - Fintry West","2021-06-18","9321",TRUE,"Positive (DNQ)"
"Hatton - Fintry West","2021-04-19","1153",TRUE,"Weak Positive"
"Hatton - Fintry West","2021-10-19","227359",TRUE,"Positive"
"Hatton - Fintry West","2021-11-19","247670",TRUE,"Positive"
"Hatton - Fintry West","2021-04-20","14551",TRUE,"Positive"
"Hatton - Fintry West","2021-07-20","84572",TRUE,"Positive"
"Hatton - Fintry West","2021-08-20","1385",TRUE,"Weak Positive"
"Hatton - Fintry West","2021-04-21","726",TRUE,"Weak Positive"
"Hatton - Fintry West","2021-05-21","0",TRUE,"Negative"
"Hatton - Fintry West","2021-06-22","118056",TRUE,"Positive"
"Hatton - Fintry West","2021-10-22","35383",TRUE,"Positive"
"Hatton - Fintry West","2021-04-23","17639",TRUE,"Positive"
"Hatton - Fintry West","2021-07-23","174064",TRUE,"Positive"
"Hatton - Fintry West","2021-11-23",,FALSE,"Analysis Failed"
"Hatton - Fintry West","2021-08-24","159352",TRUE,"Positive"
"Hatton - Fintry West","2021-05-25","1497",TRUE,"Positive (DNQ)"
"Hatton - Fintry West","2021-06-25","120349",TRUE,"Positive"
"Hatton - Fintry West","2021-10-26","124948",TRUE,"Positive"
"Hatton - Fintry West","2021-04-27","0",TRUE,"Negative"
"Hatton - Fintry West","2021-08-27","19992",TRUE,"Positive"
"Hatton - Fintry West","2021-05-28","786",TRUE,"Weak Positive"
"Hatton - Fintry West","2021-10-29","35374",TRUE,"Positive"
"Hatton - Fintry West","2021-04-30","0",TRUE,"Negative"
"Hatton - Fintry West","2021-07-30","41649",TRUE,"Positive"
"Hatton - Fintry West","2021-08-31","334062",TRUE,"Positive"
"Hawick","2020-09-01","6326",TRUE,"Positive (DNQ)"
"Hawick","2020-12-01","10720",TRUE,"Positive (DNQ)"
"Hawick","2021-12-01","98648",TRUE,"Positive"
"Hawick","2021-03-02","354",TRUE,"Weak Positive"
"Hawick","2021-09-02","123645",TRUE,"Positive"
"Hawick","2020-11-03","1068",TRUE,"Weak Positive"
"Hawick","2021-11-03","72898",TRUE,"Positive"
"Hawick","2021-08-04","30827",TRUE,"Positive"
"Hawick","2021-02-05","5439",TRUE,"Positive (DNQ)"
"Hawick","2021-05-05","0",TRUE,"Negative"
"Hawick","2021-01-06","185436",TRUE,"Positive"
"Hawick","2020-10-06","7474",TRUE,"Positive (DNQ)"
"Hawick","2021-10-06","6454",TRUE,"Weak Positive"
"Hawick","2021-07-07","961455",TRUE,"Positive"
"Hawick","2020-09-08","5498",TRUE,"Positive (DNQ)"
"Hawick","2021-09-08","28458",TRUE,"Positive"
"Hawick","2020-12-08","46942",TRUE,"Positive"
"Hawick","2021-12-08","68833",TRUE,"Positive"
"Hawick","2021-03-09","1296",TRUE,"Positive (DNQ)"
"Hawick","2021-04-09","877",TRUE,"Weak Positive"
"Hawick","2021-08-10","11563",TRUE,"Positive"
"Hawick","2020-11-10","11284",TRUE,"Positive (DNQ)"
"Hawick","2021-01-12","196615",TRUE,"Positive"
"Hawick","2021-02-12","690",TRUE,"Weak Positive"
"Hawick","2021-05-12","4787",TRUE,"Positive (DNQ)"
"Hawick","2021-10-12","173948",TRUE,"Positive"
"Hawick","2021-11-12","301695",TRUE,"Positive"
"Hawick","2020-10-13","754",TRUE,"Weak Positive"
"Hawick","2021-10-13","47717",TRUE,"Positive"
"Hawick","2021-04-14","0",TRUE,"Negative"
"Hawick","2020-09-15","0",TRUE,"Negative"
"Hawick","2021-09-15","37390",TRUE,"Positive"
"Hawick","2020-12-15","14559",TRUE,"Positive"
"Hawick","2021-02-16","6871",TRUE,"Positive (DNQ)"
"Hawick","2021-03-16","446",TRUE,"Weak Positive"
"Hawick","2021-06-17","2845",TRUE,"Positive (DNQ)"
"Hawick","2021-08-18","28097",TRUE,"Positive"
"Hawick","2020-11-18","12892",TRUE,"Positive"
"Hawick","2021-11-18","213626",TRUE,"Positive"
"Hawick","2021-01-19","55307",TRUE,"Positive"
"Hawick","2021-05-19","2573",TRUE,"Positive (DNQ)"
"Hawick","2021-10-20","0",TRUE,"Negative"
"Hawick","2021-12-20","563428",TRUE,"Positive"
"Hawick","2021-07-21","55408",TRUE,"Positive"
"Hawick","2020-10-21","8703",TRUE,"Positive (DNQ)"
"Hawick","2021-09-22","22251",TRUE,"Positive"
"Hawick","2021-06-23","90782",TRUE,"Positive"
"Hawick","2021-03-24","1041",TRUE,"Weak Positive"
"Hawick","2020-11-24","30986",TRUE,"Positive"
"Hawick","2021-11-24","66385",TRUE,"Positive"
"Hawick","2021-08-25","155165",TRUE,"Positive"
"Hawick","2020-09-25","12933",TRUE,"Positive"
"Hawick","2021-01-26","63795",TRUE,"Positive"
"Hawick","2021-02-26","0",TRUE,"Negative"
"Hawick","2021-05-26","398",TRUE,"Weak Positive"
"Hawick","2020-10-27","5541",TRUE,"Positive (DNQ)"
"Hawick","2021-04-28",,FALSE,"Analysis Failed"
"Hawick","2021-07-28","91694",TRUE,"Positive"
"Hawick","2021-10-28","36091",TRUE,"Positive"
"Hawick","2020-09-29","11577",TRUE,"Positive"
"Hawick","2021-09-29","131256",TRUE,"Positive"
"Hawick","2020-12-29","51798",TRUE,"Positive"
"Hawick","2021-06-30","36586",TRUE,"Positive"
"Hawick","2021-03-31","2124",TRUE,"Positive (DNQ)"
"Helensburgh","2021-06-01","7290",TRUE,"Positive (DNQ)"
"Helensburgh","2020-09-01","0",TRUE,"Negative"
"Helensburgh","2020-10-01","0",TRUE,"Negative"
"Helensburgh","2021-11-01","62487",TRUE,"Positive"
"Helensburgh","2020-12-02","12884",TRUE,"Positive"
"Helensburgh","2021-03-04","44852",TRUE,"Positive"
"Helensburgh","2021-10-04","141026",TRUE,"Positive"
"Helensburgh","2021-02-05","8180",TRUE,"Positive (DNQ)"
"Helensburgh","2021-04-05","49627",TRUE,"Positive"
"Helensburgh","2021-05-05","3263",TRUE,"Positive (DNQ)"
"Helensburgh","2020-10-05","0",TRUE,"Negative"
"Helensburgh","2021-11-05","71722",TRUE,"Positive"
"Helensburgh","2021-08-06","15142",TRUE,"Positive"
"Helensburgh","2021-09-06","977285",TRUE,"Positive"
"Helensburgh","2020-10-06","3975",TRUE,"Positive (DNQ)"
"Helensburgh","2020-11-06","91754",TRUE,"Positive"
"Helensburgh","2021-12-06","106599",TRUE,"Positive"
"Helensburgh","2021-01-08","30581",TRUE,"Positive"
"Helensburgh","2021-06-08","3424",TRUE,"Positive (DNQ)"
"Helensburgh","2021-07-08","8427",TRUE,"Positive (DNQ)"
"Helensburgh","2021-11-08","73147",TRUE,"Positive"
"Helensburgh","2021-08-10","9231",TRUE,"Positive (DNQ)"
"Helensburgh","2021-03-11","13762",TRUE,"Positive"
"Helensburgh","2021-02-12","230990",TRUE,"Positive"
"Helensburgh","2021-04-12","26832",TRUE,"Positive"
"Helensburgh","2021-05-12","1966",TRUE,"Positive (DNQ)"
"Helensburgh","2021-07-12","0",TRUE,"Negative"
"Helensburgh","2021-11-12","115682",TRUE,"Positive"
"Helensburgh","2020-11-13","2374",TRUE,"Positive (DNQ)"
"Helensburgh","2021-01-14","7822",TRUE,"Positive (DNQ)"
"Helensburgh","2021-06-15","0",TRUE,"Negative"
"Helensburgh","2021-09-15","73612",TRUE,"Positive"
"Helensburgh","2020-10-15","60947",TRUE,"Positive"
"Helensburgh","2021-11-15","141586",TRUE,"Positive"
"Helensburgh","2021-12-16","24719",TRUE,"Positive"
"Helensburgh","2021-12-17","73199",TRUE,"Positive"
"Helensburgh","2021-02-18","85921",TRUE,"Positive"
"Helensburgh","2021-03-18","24424",TRUE,"Positive"
"Helensburgh","2021-05-19","678",TRUE,"Weak Positive"
"Helensburgh","2021-11-19","28066",TRUE,"Positive"
"Helensburgh","2021-08-20","3482",TRUE,"Weak Positive"
"Helensburgh","2021-10-20","42304",TRUE,"Positive"
"Helensburgh","2020-11-20","6237",TRUE,"Positive (DNQ)"
"Helensburgh","2021-12-20","172661",TRUE,"Positive"
"Helensburgh","2021-01-22","36142",TRUE,"Positive"
"Helensburgh","2021-03-22","28812",TRUE,"Positive"
"Helensburgh","2021-09-22","207269",TRUE,"Positive"
"Helensburgh","2020-10-22","36441",TRUE,"Positive"
"Helensburgh","2021-11-22","40481",TRUE,"Positive"
"Helensburgh","2021-07-23","40713",TRUE,"Positive"
"Helensburgh","2021-06-24","7004",TRUE,"Positive (DNQ)"
"Helensburgh","2020-09-24","2403",TRUE,"Positive (DNQ)"
"Helensburgh","2021-02-25","56401",TRUE,"Positive"
"Helensburgh","2021-08-25","3923",TRUE,"Weak Positive"
"Helensburgh","2021-10-26","50074",TRUE,"Positive"
"Helensburgh","2021-05-27","3009",TRUE,"Positive (DNQ)"
"Helensburgh","2021-07-27","22123",TRUE,"Positive"
"Helensburgh","2020-11-27","7772",TRUE,"Positive (DNQ)"
"Helensburgh","2021-04-28","1176",TRUE,"Weak Positive"
"Helensburgh","2021-09-28","209144",TRUE,"Positive"
"Helensburgh","2020-10-28","3763",TRUE,"Positive (DNQ)"
"Helensburgh","2021-01-29","15342",TRUE,"Positive"
"Helensburgh","2021-03-29","27059",TRUE,"Positive"
"Helensburgh","2021-06-29","3253",TRUE,"Positive (DNQ)"
"Helensburgh","2020-12-29","3872",TRUE,"Positive (DNQ)"
"Helensburgh","2021-12-29","105312",TRUE,"Positive"
"Helensburgh","2021-08-31","0",TRUE,"Negative"
"Huntly","2021-07-01","19469",TRUE,"Positive"
"Huntly","2021-09-01","214353",TRUE,"Positive"
"Huntly","2021-11-01","40092",TRUE,"Positive"
"Huntly","2021-06-02","602",TRUE,"Weak Positive"
"Huntly","2021-08-03","105582",TRUE,"Positive"
"Huntly","2021-09-03","292831",TRUE,"Positive"
"Huntly","2021-11-03","42686",TRUE,"Positive"
"Huntly","2021-06-04","0",TRUE,"Negative"
"Huntly","2021-08-04","90542",TRUE,"Positive"
"Huntly","2021-10-04","391355",TRUE,"Positive"
"Huntly","2021-07-06","4618",TRUE,"Weak Positive"
"Huntly","2021-09-06","34182",TRUE,"Positive"
"Huntly","2021-10-06","78365",TRUE,"Positive"
"Huntly","2021-12-06","19032",TRUE,"Positive"
"Huntly","2021-06-07","0",TRUE,"Negative"
"Huntly","2021-11-08","50930",TRUE,"Positive"
"Huntly","2021-12-08","4219",TRUE,"Weak Positive"
"Huntly","2021-07-09","3006",TRUE,"Weak Positive"
"Huntly","2021-09-09","36493",TRUE,"Positive"
"Huntly","2021-08-10","1894",TRUE,"Weak Positive"
"Huntly","2021-11-10","34189",TRUE,"Positive"
"Huntly","2021-06-11","0",TRUE,"Negative"
"Huntly","2021-08-12","23031",TRUE,"Positive"
"Huntly","2021-07-13","10079",TRUE,"Positive"
"Huntly","2021-06-14","0",TRUE,"Negative"
"Huntly","2021-11-15","91790",TRUE,"Positive"
"Huntly","2021-12-15","180475",TRUE,"Positive"
"Huntly","2021-06-17","1672",TRUE,"Positive (DNQ)"
"Huntly","2021-08-17","2789",TRUE,"Weak Positive"
"Huntly","2021-08-19","21332",TRUE,"Positive"
"Huntly","2021-07-20","28940",TRUE,"Positive"
"Huntly","2021-10-20","186798",TRUE,"Positive"
"Huntly","2021-06-21","23970",TRUE,"Positive"
"Huntly","2021-11-22","161364",TRUE,"Positive"
"Huntly","2021-06-23","4303",TRUE,"Positive (DNQ)"
"Huntly","2021-08-24","34190",TRUE,"Positive"
"Huntly","2021-11-24","188764",TRUE,"Positive"
"Huntly","2021-10-25","107334",TRUE,"Positive"
"Huntly","2021-07-27","10738",TRUE,"Positive"
"Huntly","2021-08-27","550601",TRUE,"Positive"
"Huntly","2021-10-27","332853",TRUE,"Positive"
"Huntly","2021-06-29","16611",TRUE,"Positive"
"Huntly","2021-07-29","15361",TRUE,"Positive"
"Huntly","2021-12-29","791460",TRUE,"Positive"
"Huntly","2021-09-30","269050",TRUE,"Positive"
"Huntly","2021-11-30","6948",TRUE,"Positive (DNQ)"
"Inverclyde","2021-07-01","129859",TRUE,"Positive"
"Inverclyde","2021-11-01","42",TRUE,"Weak Positive"
"Inverclyde","2021-12-01","56909",TRUE,"Positive"
"Inverclyde","2021-04-02","4314",TRUE,"Positive (DNQ)"
"Inverclyde","2021-06-02","22026",TRUE,"Positive"
"Inverclyde","2021-09-02","253459",TRUE,"Positive"
"Inverclyde","2021-11-03","69592",TRUE,"Positive"
"Inverclyde","2021-02-04","15852",TRUE,"Positive"
"Inverclyde","2021-06-04","11690",TRUE,"Positive (DNQ)"
"Inverclyde","2021-10-04","37533",TRUE,"Positive"
"Inverclyde","2021-12-04","76307",TRUE,"Positive"
"Inverclyde","2021-01-05","233525",TRUE,"Positive"
"Inverclyde","2021-03-05","16407",TRUE,"Positive"
"Inverclyde","2021-05-05","2040",TRUE,"Positive (DNQ)"
"Inverclyde","2021-07-05","111648",TRUE,"Positive"
"Inverclyde","2021-10-05","28461",TRUE,"Positive"
"Inverclyde","2021-11-05","150437",TRUE,"Positive"
"Inverclyde","2021-04-06","8277",TRUE,"Positive (DNQ)"
"Inverclyde","2021-05-07","1681",TRUE,"Positive (DNQ)"
"Inverclyde","2021-06-07","9328",TRUE,"Positive (DNQ)"
"Inverclyde","2021-09-07","631878",TRUE,"Positive"
"Inverclyde","2021-11-07","28494",TRUE,"Positive"
"Inverclyde","2021-12-07","68885",TRUE,"Positive"
"Inverclyde","2021-03-08","3255",TRUE,"Positive (DNQ)"
"Inverclyde","2021-07-08","98061",TRUE,"Positive"
"Inverclyde","2021-09-08","137624",TRUE,"Positive"
"Inverclyde","2021-10-08","20897",TRUE,"Positive"
"Inverclyde","2021-04-09","6100",TRUE,"Positive (DNQ)"
"Inverclyde","2021-11-09","34723",TRUE,"Positive"
"Inverclyde","2021-02-10","17942",TRUE,"Positive"
"Inverclyde","2021-06-10","16301",TRUE,"Positive"
"Inverclyde","2021-07-10","92110",TRUE,"Positive"
"Inverclyde","2021-12-10","67946",TRUE,"Positive"
"Inverclyde","2021-01-11","62520",TRUE,"Positive"
"Inverclyde","2021-05-11","12731",TRUE,"Positive"
"Inverclyde","2021-03-12","1774",TRUE,"Positive (DNQ)"
"Inverclyde","2021-04-12","2835",TRUE,"Positive (DNQ)"
"Inverclyde","2021-08-12","27378",TRUE,"Positive"
"Inverclyde","2021-10-12","62650",TRUE,"Positive"
"Inverclyde","2021-07-13","46185",TRUE,"Positive"
"Inverclyde","2021-12-13","48645",TRUE,"Positive"
"Inverclyde","2021-04-14","4402",TRUE,"Positive (DNQ)"
"Inverclyde","2021-05-14","16973",TRUE,"Positive"
"Inverclyde","2021-06-14","9116",TRUE,"Positive (DNQ)"
"Inverclyde","2021-09-14","97718",TRUE,"Positive"
"Inverclyde","2021-10-14","59531",TRUE,"Positive"
"Inverclyde","2021-11-15","80634",TRUE,"Positive"
"Inverclyde","2020-12-15","18141",TRUE,"Positive"
"Inverclyde","2021-12-15","132890",TRUE,"Positive"
"Inverclyde","2021-02-16","8979",TRUE,"Positive (DNQ)"
"Inverclyde","2021-03-16","13135",TRUE,"Positive"
"Inverclyde","2021-06-16","3234",TRUE,"Positive (DNQ)"
"Inverclyde","2021-07-16","70184",TRUE,"Positive"
"Inverclyde","2021-08-16","50142",TRUE,"Positive"
"Inverclyde","2021-01-17","30566",TRUE,"Positive"
"Inverclyde","2021-05-17","7334",TRUE,"Positive (DNQ)"
"Inverclyde","2021-09-17","260727",TRUE,"Positive"
"Inverclyde","2021-11-17","40877",TRUE,"Positive"
"Inverclyde","2021-03-18","8013",TRUE,"Positive (DNQ)"
"Inverclyde","2021-08-18","135803",TRUE,"Positive"
"Inverclyde","2021-10-18","52692",TRUE,"Positive"
"Inverclyde","2021-11-19","79378",TRUE,"Positive"
"Inverclyde","2021-12-19","210566",TRUE,"Positive"
"Inverclyde","2021-05-20","6897",TRUE,"Positive (DNQ)"
"Inverclyde","2021-07-20","48628",TRUE,"Positive"
"Inverclyde","2021-09-20","72758",TRUE,"Positive"
"Inverclyde","2021-10-20","33545",TRUE,"Positive"
"Inverclyde","2021-11-21","102232",TRUE,"Positive"
"Inverclyde","2020-12-21","31766",TRUE,"Positive"
"Inverclyde","2021-02-22","12723",TRUE,"Positive"
"Inverclyde","2021-06-22","27930",TRUE,"Positive"
"Inverclyde","2021-01-23","68325",TRUE,"Positive"
"Inverclyde","2021-04-23","3519",TRUE,"Positive (DNQ)"
"Inverclyde","2021-05-23","5391",TRUE,"Positive (DNQ)"
"Inverclyde","2021-08-23","87646",TRUE,"Positive"
"Inverclyde","2021-09-23","81958",TRUE,"Positive"
"Inverclyde","2021-11-23","68390",TRUE,"Positive"
"Inverclyde","2021-03-24","5783",TRUE,"Positive (DNQ)"
"Inverclyde","2021-06-25","45499",TRUE,"Positive"
"Inverclyde","2021-11-25","68086",TRUE,"Positive"
"Inverclyde","2021-03-26","4333",TRUE,"Positive (DNQ)"
"Inverclyde","2021-07-26","54454",TRUE,"Positive"
"Inverclyde","2021-10-26","67452",TRUE,"Positive"
"Inverclyde","2021-04-27","2410",TRUE,"Positive (DNQ)"
"Inverclyde","2021-08-27","124452",TRUE,"Positive"
"Inverclyde","2021-09-27","142612",TRUE,"Positive"
"Inverclyde","2021-02-28","13813",TRUE,"Positive"
"Inverclyde","2021-05-28","5142",TRUE,"Positive (DNQ)"
"Inverclyde","2021-06-28","57719",TRUE,"Positive"
"Inverclyde","2021-01-29","21154",TRUE,"Positive"
"Inverclyde","2021-04-29","12892",TRUE,"Positive"
"Inverclyde","2021-10-29","40109",TRUE,"Positive"
"Inverclyde","2021-11-29","145200",TRUE,"Positive"
"Inverclyde","2020-12-29","97610",TRUE,"Positive"
"Inverclyde","2021-12-29","313095",TRUE,"Positive"
"Inverclyde","2021-03-30","3124",TRUE,"Weak Positive"
"Inverclyde","2021-07-30","109694",TRUE,"Positive"
"Inverclyde","2021-05-31","10574",TRUE,"Positive"
"Inverclyde","2021-08-31","200950",TRUE,"Positive"
"Inverclyde - Gourock","2021-07-01","278205",TRUE,"Positive"
"Inverclyde - Gourock","2021-11-02","10165",TRUE,"Positive"
"Inverclyde - Gourock","2021-06-03","144433",TRUE,"Positive"
"Inverclyde - Gourock","2021-08-03","309464",TRUE,"Positive"
"Inverclyde - Gourock","2021-09-03","195962",TRUE,"Positive"
"Inverclyde - Gourock","2021-11-04","74733",TRUE,"Positive"
"Inverclyde - Gourock","2021-08-05","68658",TRUE,"Positive"
"Inverclyde - Gourock","2021-04-06","27211",TRUE,"Positive"
"Inverclyde - Gourock","2021-05-06","8909",TRUE,"Positive (DNQ)"
"Inverclyde - Gourock","2021-04-07","25580",TRUE,"Positive"
"Inverclyde - Gourock","2021-05-07","13908",TRUE,"Positive"
"Inverclyde - Gourock","2021-10-07","29421",TRUE,"Positive"
"Inverclyde - Gourock","2021-12-07","38504",TRUE,"Positive"
"Inverclyde - Gourock","2021-04-08","59238",TRUE,"Positive"
"Inverclyde - Gourock","2021-04-09","28369",TRUE,"Positive"
"Inverclyde - Gourock","2021-06-09","809572",TRUE,"Positive"
"Inverclyde - Gourock","2021-07-09","160473",TRUE,"Positive"
"Inverclyde - Gourock","2021-09-09","117133",TRUE,"Positive"
"Inverclyde - Gourock","2021-11-09","64605",TRUE,"Positive"
"Inverclyde - Gourock","2021-08-10","44428",TRUE,"Positive"
"Inverclyde - Gourock","2021-06-11","167340",TRUE,"Positive"
"Inverclyde - Gourock","2021-11-11","92251",TRUE,"Positive"
"Inverclyde - Gourock","2021-04-12","96874",TRUE,"Positive"
"Inverclyde - Gourock","2021-08-12",,FALSE,"Analysis Failed"
"Inverclyde - Gourock","2021-05-13","351277",TRUE,"Positive"
"Inverclyde - Gourock","2021-09-13","154482",TRUE,"Positive"
"Inverclyde - Gourock","2021-12-14","12486",TRUE,"Positive"
"Inverclyde - Gourock","2021-06-16","23427",TRUE,"Positive"
"Inverclyde - Gourock","2021-07-16","76945",TRUE,"Positive"
"Inverclyde - Gourock","2021-11-16","1382",TRUE,"Weak Positive"
"Inverclyde - Gourock","2021-12-16","37737",TRUE,"Positive"
"Inverclyde - Gourock","2021-08-17","231923",TRUE,"Positive"
"Inverclyde - Gourock","2021-06-18","111818",TRUE,"Positive"
"Inverclyde - Gourock","2021-11-18","40605",TRUE,"Positive"
"Inverclyde - Gourock","2021-04-19","372138",TRUE,"Positive"
"Inverclyde - Gourock","2021-08-19","12817",TRUE,"Positive"
"Inverclyde - Gourock","2021-10-19","21055",TRUE,"Positive"
"Inverclyde - Gourock","2021-07-20","2166",TRUE,"Weak Positive"
"Inverclyde - Gourock","2021-06-22","115514",TRUE,"Positive"
"Inverclyde - Gourock","2021-07-23","54875",TRUE,"Positive"
"Inverclyde - Gourock","2021-11-23","132025",TRUE,"Positive"
"Inverclyde - Gourock","2021-08-24","179903",TRUE,"Positive"
"Inverclyde - Gourock","2021-06-25","126284",TRUE,"Positive"
"Inverclyde - Gourock","2021-11-25","43502",TRUE,"Positive"
"Inverclyde - Gourock","2021-08-26","330788",TRUE,"Positive"
"Inverclyde - Gourock","2021-10-26","9364",TRUE,"Positive (DNQ)"
"Inverclyde - Gourock","2021-04-27","1081",TRUE,"Weak Positive"
"Inverclyde - Gourock","2021-07-28","94495",TRUE,"Positive"
"Inverclyde - Gourock","2021-10-28","14101",TRUE,"Positive"
"Inverclyde - Gourock","2021-04-29","93192",TRUE,"Positive"
"Inverclyde - Gourock","2021-06-30","306343",TRUE,"Positive"
"Inverclyde - Gourock","2021-07-30","59146",TRUE,"Positive"
"Inverclyde - Gourock","2021-08-31","130221",TRUE,"Positive"
"Inverurie","2021-11-01","149452",TRUE,"Positive"
"Inverurie","2021-09-02","570794",TRUE,"Positive"
"Inverurie","2021-11-03","68104",TRUE,"Positive"
"Inverurie","2021-05-04","5666",TRUE,"Positive (DNQ)"
"Inverurie","2021-06-04","10530",TRUE,"Positive (DNQ)"
"Inverurie","2021-10-04","448251",TRUE,"Positive"
"Inverurie","2021-07-06","192207",TRUE,"Positive"
"Inverurie","2021-12-06","33250",TRUE,"Positive"
"Inverurie","2021-05-07","11055",TRUE,"Positive"
"Inverurie","2021-06-07","1340",TRUE,"Positive (DNQ)"
"Inverurie","2021-09-07","1235415",TRUE,"Positive"
"Inverurie","2021-11-08","129752",TRUE,"Positive"
"Inverurie","2021-07-09","389075",TRUE,"Positive"
"Inverurie","2021-05-10","26904",TRUE,"Positive"
"Inverurie","2021-09-10","350198",TRUE,"Positive"
"Inverurie","2021-11-10","43873",TRUE,"Positive"
"Inverurie","2021-06-11","746",TRUE,"Weak Positive"
"Inverurie","2021-08-11","32306",TRUE,"Positive"
"Inverurie","2021-04-13","13370",TRUE,"Positive"
"Inverurie","2021-05-13","37271",TRUE,"Positive"
"Inverurie","2021-06-14","3471",TRUE,"Positive (DNQ)"
"Inverurie","2021-09-14","218584",TRUE,"Positive"
"Inverurie","2021-04-15","4987",TRUE,"Positive (DNQ)"
"Inverurie","2021-12-15","145362",TRUE,"Positive"
"Inverurie","2021-07-16",,FALSE,"Analysis Failed"
"Inverurie","2021-11-16","252431",TRUE,"Positive"
"Inverurie","2021-05-18","3618",TRUE,"Positive (DNQ)"
"Inverurie","2021-06-18","19134",TRUE,"Positive"
"Inverurie","2021-10-18","240360",TRUE,"Positive"
"Inverurie","2021-05-20","5264",TRUE,"Positive (DNQ)"
"Inverurie","2021-07-20","109973",TRUE,"Positive"
"Inverurie","2021-10-20","591190",TRUE,"Positive"
"Inverurie","2021-06-21","15579",TRUE,"Positive"
"Inverurie","2021-11-22","263259",TRUE,"Positive"
"Inverurie","2021-06-23","7865",TRUE,"Positive (DNQ)"
"Inverurie","2021-11-24","368369",TRUE,"Positive"
"Inverurie","2021-10-25","351522",TRUE,"Positive"
"Inverurie","2021-05-26","432",TRUE,"Weak Positive"
"Inverurie","2021-07-26","110066",TRUE,"Positive"
"Inverurie","2021-04-27","0",TRUE,"Negative"
"Inverurie","2021-10-27","533568",TRUE,"Positive"
"Inverurie","2021-05-28","10528",TRUE,"Positive"
"Inverurie","2021-04-30","422",TRUE,"Weak Positive"
"Inverurie","2021-06-30","28795",TRUE,"Positive"
"Inverurie","2021-07-30","47855",TRUE,"Positive"
"Inverurie","2021-11-30","169833",TRUE,"Positive"
"Ironmill Bay","2021-06-01","47509",TRUE,"Positive"
"Ironmill Bay","2021-07-01","474128",TRUE,"Positive"
"Ironmill Bay","2021-10-01","42402",TRUE,"Positive"
"Ironmill Bay","2021-11-01","52604",TRUE,"Positive"
"Ironmill Bay","2021-03-02","16288",TRUE,"Positive"
"Ironmill Bay","2021-09-02","77367",TRUE,"Positive"
"Ironmill Bay","2021-02-03","6896",TRUE,"Positive (DNQ)"
"Ironmill Bay","2021-03-03","25654",TRUE,"Positive"
"Ironmill Bay","2021-06-04","8591",TRUE,"Positive (DNQ)"
"Ironmill Bay","2021-08-04","8307",TRUE,"Positive (DNQ)"
"Ironmill Bay","2021-11-04","150305",TRUE,"Positive"
"Ironmill Bay","2021-05-05","0",TRUE,"Negative"
"Ironmill Bay","2021-07-05","12170",TRUE,"Positive"
"Ironmill Bay","2021-04-06","2744",TRUE,"Positive (DNQ)"
"Ironmill Bay","2021-12-06","108801",TRUE,"Positive"
"Ironmill Bay","2021-05-07","961",TRUE,"Weak Positive"
"Ironmill Bay","2021-09-07","152881",TRUE,"Positive"
"Ironmill Bay","2021-03-08","27375",TRUE,"Positive"
"Ironmill Bay","2021-06-08","4462",TRUE,"Positive (DNQ)"
"Ironmill Bay","2021-11-08","157497",TRUE,"Positive"
"Ironmill Bay","2021-03-09","17973",TRUE,"Positive"
"Ironmill Bay","2021-04-09","2456",TRUE,"Positive (DNQ)"
"Ironmill Bay","2021-07-09","11393",TRUE,"Positive"
"Ironmill Bay","2021-09-09","143080",TRUE,"Positive"
"Ironmill Bay","2021-02-10","1189",TRUE,"Weak Positive"
"Ironmill Bay","2021-05-10","55175",TRUE,"Positive"
"Ironmill Bay","2021-12-10","88004",TRUE,"Positive"
"Ironmill Bay","2021-06-11","3545",TRUE,"Positive (DNQ)"
"Ironmill Bay","2021-05-12","4111",TRUE,"Positive (DNQ)"
"Ironmill Bay","2021-11-12","67720",TRUE,"Positive"
"Ironmill Bay","2021-07-13","52641",TRUE,"Positive"
"Ironmill Bay","2021-12-14","105380",TRUE,"Positive"
"Ironmill Bay","2021-04-15","4474",TRUE,"Positive (DNQ)"
"Ironmill Bay","2021-06-15","11421",TRUE,"Positive (DNQ)"
"Ironmill Bay","2021-09-15","43107",TRUE,"Positive"
"Ironmill Bay","2021-11-15","117547",TRUE,"Positive"
"Ironmill Bay","2021-07-16","64264",TRUE,"Positive"
"Ironmill Bay","2021-03-17","8734",TRUE,"Positive (DNQ)"
"Ironmill Bay","2021-05-17","700",TRUE,"Weak Positive"
"Ironmill Bay","2021-11-17","83908",TRUE,"Positive"
"Ironmill Bay","2021-12-17","21121",TRUE,"Positive"
"Ironmill Bay","2021-06-18","54206",TRUE,"Positive"
"Ironmill Bay","2021-03-19","17165",TRUE,"Positive"
"Ironmill Bay","2021-10-19","9926",TRUE,"Positive"
"Ironmill Bay","2021-05-20","774",TRUE,"Weak Positive"
"Ironmill Bay","2021-07-20","82605",TRUE,"Positive"
"Ironmill Bay","2021-10-21","21410",TRUE,"Positive"
"Ironmill Bay","2021-11-22","65073",TRUE,"Positive"
"Ironmill Bay","2021-06-23","17133",TRUE,"Positive"
"Ironmill Bay","2021-07-23","64945",TRUE,"Positive"
"Ironmill Bay","2021-02-24","4393",TRUE,"Positive (DNQ)"
"Ironmill Bay","2021-05-24","6623",TRUE,"Positive (DNQ)"
"Ironmill Bay","2021-02-25","7576",TRUE,"Positive (DNQ)"
"Ironmill Bay","2021-03-25","16172",TRUE,"Positive"
"Ironmill Bay","2021-06-25","80608",TRUE,"Positive"
"Ironmill Bay","2021-10-25","76348",TRUE,"Positive"
"Ironmill Bay","2021-03-26","2643",TRUE,"Positive (DNQ)"
"Ironmill Bay","2021-04-27","2944",TRUE,"Positive (DNQ)"
"Ironmill Bay","2021-05-27","7469",TRUE,"Positive (DNQ)"
"Ironmill Bay","2021-07-27","89532",TRUE,"Positive"
"Ironmill Bay","2021-01-29","8982",TRUE,"Positive (DNQ)"
"Ironmill Bay","2021-03-29","96596",TRUE,"Positive"
"Ironmill Bay","2021-06-29","80219",TRUE,"Positive"
"Ironmill Bay","2021-10-29","59823",TRUE,"Positive"
"Ironmill Bay","2021-03-30","25497",TRUE,"Positive"
"Ironmill Bay","2021-04-30","0",TRUE,"Negative"
"Ironmill Bay","2021-11-30","71447",TRUE,"Positive"
"Jedburgh","2021-11-03","201544",TRUE,"Positive"
"Jedburgh","2021-11-04","337450",TRUE,"Positive"
"Jedburgh","2021-12-08","25850",TRUE,"Positive"
"Jedburgh","2021-12-09","62069",TRUE,"Positive"
"Jedburgh","2021-11-12","89040",TRUE,"Positive"
"Jedburgh","2021-11-19","26223",TRUE,"Positive"
"Jedburgh","2021-11-24","9730",TRUE,"Positive"
"Jedburgh","2021-11-25","14705",TRUE,"Positive"
"Kelso","2021-04-01","0",TRUE,"Negative"
"Kelso","2021-07-01","73750",TRUE,"Positive"
"Kelso","2021-06-02","0",TRUE,"Negative"
"Kelso","2021-09-02","80130",TRUE,"Positive"
"Kelso","2021-06-03","0",TRUE,"Negative"
"Kelso","2021-11-03","63963",TRUE,"Positive"
"Kelso","2021-11-04","18152",TRUE,"Positive"
"Kelso","2021-05-06","628",TRUE,"Weak Positive"
"Kelso","2021-10-06","4901",TRUE,"Weak Positive"
"Kelso","2021-04-07","0",TRUE,"Negative"
"Kelso","2021-05-07","477",TRUE,"Weak Positive"
"Kelso","2021-07-07","40824",TRUE,"Positive"
"Kelso","2021-12-07","51373",TRUE,"Positive"
"Kelso","2021-07-08","10722",TRUE,"Positive"
"Kelso","2021-09-08","135542",TRUE,"Positive"
"Kelso","2021-12-08","30299",TRUE,"Positive"
"Kelso","2021-04-09","0",TRUE,"Negative"
"Kelso","2021-09-09","67391",TRUE,"Positive"
"Kelso","2021-06-10","0",TRUE,"Negative"
"Kelso","2021-06-11","2939",TRUE,"Positive (DNQ)"
"Kelso","2021-11-11","11811",TRUE,"Positive"
"Kelso","2021-05-12","0",TRUE,"Negative"
"Kelso","2021-11-12","19782",TRUE,"Positive"
"Kelso","2021-05-13","4977",TRUE,"Positive (DNQ)"
"Kelso","2021-04-14","314",TRUE,"Weak Positive"
"Kelso","2021-06-14","0",TRUE,"Negative"
"Kelso","2021-12-14","220036",TRUE,"Positive"
"Kelso","2021-04-15","0",TRUE,"Negative"
"Kelso","2021-09-15","35011",TRUE,"Positive"
"Kelso","2021-09-16","54319",TRUE,"Positive"
"Kelso","2021-11-16","59688",TRUE,"Positive"
"Kelso","2021-06-17","286",TRUE,"Weak Positive"
"Kelso","2021-11-17","204594",TRUE,"Positive"
"Kelso","2021-08-18","0",TRUE,"Negative"
"Kelso","2021-05-19","3925",TRUE,"Positive (DNQ)"
"Kelso","2021-05-20","666",TRUE,"Weak Positive"
"Kelso","2021-10-20","9039",TRUE,"Positive (DNQ)"
"Kelso","2021-07-21","11992",TRUE,"Positive"
"Kelso","2021-10-21","7414",TRUE,"Positive (DNQ)"
"Kelso","2021-09-22","21962",TRUE,"Positive"
"Kelso","2021-06-23","10400",TRUE,"Positive (DNQ)"
"Kelso","2021-09-23","41296",TRUE,"Positive"
"Kelso","2021-11-23","32013",TRUE,"Positive"
"Kelso","2021-03-24","323",TRUE,"Weak Positive"
"Kelso","2021-06-24","14594",TRUE,"Positive"
"Kelso","2021-11-24","49054",TRUE,"Positive"
"Kelso","2021-03-25","0",TRUE,"Negative"
"Kelso","2021-05-26","0",TRUE,"Negative"
"Kelso","2021-05-27","0",TRUE,"Negative"
"Kelso","2021-04-28","0",TRUE,"Negative"
"Kelso","2021-10-28","89550",TRUE,"Positive"
"Kelso","2021-04-29","0",TRUE,"Negative"
"Kelso","2021-07-29","17405",TRUE,"Positive"
"Kelso","2021-10-29","39923",TRUE,"Positive"
"Kelso","2021-06-30","15495",TRUE,"Positive"
"Kelso","2021-09-30","5573",TRUE,"Weak Positive"
"Kelso","2021-03-31","0",TRUE,"Negative"
"Kelso","2021-08-31","15351",TRUE,"Positive"
"Kincardine","2021-03-01","20759",TRUE,"Positive"
"Kincardine","2021-06-01","17129",TRUE,"Positive"
"Kincardine","2021-07-01","6293",TRUE,"Positive (DNQ)"
"Kincardine","2021-03-02",,FALSE,"Analysis Failed"
"Kincardine","2021-03-02","3115",TRUE,"Positive (DNQ)"
"Kincardine","2021-02-03","318594",TRUE,"Positive"
"Kincardine","2021-05-04","1188",TRUE,"Weak Positive"
"Kincardine","2021-06-04",,FALSE,"Analysis Failed"
"Kincardine","2021-04-06",,FALSE,"Analysis Failed"
"Kincardine","2021-07-06","41041",TRUE,"Positive"
"Kincardine","2021-05-07","0",TRUE,"Negative"
"Kincardine","2021-03-08","6651",TRUE,"Positive (DNQ)"
"Kincardine","2021-06-08",,FALSE,"Analysis Failed"
"Kincardine","2021-03-09","47683",TRUE,"Positive"
"Kincardine","2021-04-09","11908",TRUE,"Positive"
"Kincardine","2021-02-10","231346",TRUE,"Positive"
"Kincardine","2021-05-10","0",TRUE,"Negative"
"Kincardine","2021-06-10",,FALSE,"Analysis Failed"
"Kincardine","2021-04-12","27566",TRUE,"Positive"
"Kincardine","2021-04-13","5993",TRUE,"Positive (DNQ)"
"Kincardine","2021-05-13","0",TRUE,"Negative"
"Kincardine","2021-06-14",,FALSE,"Analysis Failed"
"Kincardine","2021-06-16",,FALSE,"Analysis Failed"
"Kincardine","2021-03-17","186539",TRUE,"Positive"
"Kincardine","2021-05-17","0",TRUE,"Negative"
"Kincardine","2021-02-18","63553",TRUE,"Positive"
"Kincardine","2021-03-19","109946",TRUE,"Positive"
"Kincardine","2021-05-21","1843",TRUE,"Positive (DNQ)"
"Kincardine","2021-06-22",,FALSE,"Analysis Failed"
"Kincardine","2021-02-24","22377",TRUE,"Positive"
"Kincardine","2021-05-24","1991",TRUE,"Positive (DNQ)"
"Kincardine","2021-02-25","51210",TRUE,"Positive"
"Kincardine","2021-03-25","6115",TRUE,"Positive (DNQ)"
"Kincardine","2021-06-25",,FALSE,"Analysis Failed"
"Kincardine","2021-03-26",,FALSE,"Analysis Failed"
"Kincardine","2021-03-26","2702",TRUE,"Positive (DNQ)"
"Kincardine","2021-05-26","10978",TRUE,"Positive"
"Kincardine","2021-04-27","454",TRUE,"Weak Positive"
"Kincardine","2021-01-29","16876",TRUE,"Positive"
"Kincardine","2021-03-29",,FALSE,"Analysis Failed"
"Kincardine","2021-03-29","4690",TRUE,"Positive (DNQ)"
"Kincardine","2021-04-29",,FALSE,"Analysis Failed"
"Kincardine","2021-06-29","5822",TRUE,"Positive (DNQ)"
"Kincardine","2021-03-30","0",TRUE,"Negative"
"Kincardine","2021-03-30",,FALSE,"Analysis Failed"
"Kinneil","2021-11-01","32288",TRUE,"Positive"
"Kinneil","2021-12-01",,FALSE,"Analysis Failed"
"Kinneil","2021-11-03","144020",TRUE,"Positive"
"Kinneil","2021-11-05","296021",TRUE,"Positive"
"Kinneil","2021-12-06","140050",TRUE,"Positive"
"Kinneil","2021-11-08","263716",TRUE,"Positive"
"Kinneil","2021-12-08","86657",TRUE,"Positive"
"Kinneil","2021-11-10","63914",TRUE,"Positive"
"Kinneil","2021-12-10","130962",TRUE,"Positive"
"Kinneil","2021-11-12","177913",TRUE,"Positive"
"Kinneil","2021-12-13","183656",TRUE,"Positive"
"Kinneil","2021-11-15","159931",TRUE,"Positive"
"Kinneil","2021-12-15","612145",TRUE,"Positive"
"Kinneil","2021-11-17","155850",TRUE,"Positive"
"Kinneil","2021-12-17","413153",TRUE,"Positive"
"Kinneil","2021-11-19","449719",TRUE,"Positive"
"Kinneil","2021-11-22","269381",TRUE,"Positive"
"Kinneil","2021-11-24","279162",TRUE,"Positive"
"Kirkcaldy","2021-04-01","38636",TRUE,"Positive"
"Kirkcaldy","2021-06-01","4411",TRUE,"Positive (DNQ)"
"Kirkcaldy","2021-07-01","258867",TRUE,"Positive"
"Kirkcaldy","2021-10-01","90879",TRUE,"Positive"
"Kirkcaldy","2021-11-01","84007",TRUE,"Positive"
"Kirkcaldy","2021-03-02","18226",TRUE,"Positive"
"Kirkcaldy","2021-04-02","71595",TRUE,"Positive"
"Kirkcaldy","2021-09-02","701213",TRUE,"Positive"
"Kirkcaldy","2021-02-03","12091",TRUE,"Positive"
"Kirkcaldy","2021-11-03","128901",TRUE,"Positive"
"Kirkcaldy","2021-06-04","92777",TRUE,"Positive"
"Kirkcaldy","2021-08-04","70003",TRUE,"Positive"
"Kirkcaldy","2021-05-05","28927",TRUE,"Positive"
"Kirkcaldy","2021-07-05","287425",TRUE,"Positive"
"Kirkcaldy","2021-11-05","151488",TRUE,"Positive"
"Kirkcaldy","2021-04-06","36378",TRUE,"Positive"
"Kirkcaldy","2021-12-06","243509",TRUE,"Positive"
"Kirkcaldy","2021-05-07","21471",TRUE,"Positive"
"Kirkcaldy","2021-09-07","1789912",TRUE,"Positive"
"Kirkcaldy","2021-04-08","16870",TRUE,"Positive"
"Kirkcaldy","2021-06-08","72559",TRUE,"Positive"
"Kirkcaldy","2021-10-08","226509",TRUE,"Positive"
"Kirkcaldy","2021-11-08","241046",TRUE,"Positive"
"Kirkcaldy","2021-12-08","124017",TRUE,"Positive"
"Kirkcaldy","2021-03-09","11415",TRUE,"Positive"
"Kirkcaldy","2021-07-09",,FALSE,"Analysis Failed"
"Kirkcaldy","2021-09-09","552020",TRUE,"Positive"
"Kirkcaldy","2021-02-10","16041",TRUE,"Positive"
"Kirkcaldy","2021-03-10","6659",TRUE,"Positive (DNQ)"
"Kirkcaldy","2021-05-10","14790",TRUE,"Positive"
"Kirkcaldy","2021-11-10","195731",TRUE,"Positive"
"Kirkcaldy","2021-06-11","64633",TRUE,"Positive"
"Kirkcaldy","2021-05-12","45828",TRUE,"Positive"
"Kirkcaldy","2021-08-12","157089",TRUE,"Positive"
"Kirkcaldy","2021-10-12","228072",TRUE,"Positive"
"Kirkcaldy","2021-11-12","284014",TRUE,"Positive"
"Kirkcaldy","2021-07-13","121387",TRUE,"Positive"
"Kirkcaldy","2021-10-14","283322",TRUE,"Positive"
"Kirkcaldy","2021-12-14","274228",TRUE,"Positive"
"Kirkcaldy","2021-04-15","15209",TRUE,"Positive"
"Kirkcaldy","2021-06-15","22247",TRUE,"Positive"
"Kirkcaldy","2021-09-15","347556",TRUE,"Positive"
"Kirkcaldy","2021-11-15","406614",TRUE,"Positive"
"Kirkcaldy","2021-12-15","324202",TRUE,"Positive"
"Kirkcaldy","2021-07-16","189797",TRUE,"Positive"
"Kirkcaldy","2021-03-17","67888",TRUE,"Positive"
"Kirkcaldy","2021-05-17","23599",TRUE,"Positive"
"Kirkcaldy","2021-09-17","275281",TRUE,"Positive"
"Kirkcaldy","2021-11-17","210931",TRUE,"Positive"
"Kirkcaldy","2021-12-17","259436",TRUE,"Positive"
"Kirkcaldy","2021-02-18","41515",TRUE,"Positive"
"Kirkcaldy","2021-06-18","131147",TRUE,"Positive"
"Kirkcaldy","2021-02-19","21391",TRUE,"Positive"
"Kirkcaldy","2021-03-19","43821",TRUE,"Positive"
"Kirkcaldy","2021-10-19","100587",TRUE,"Positive"
"Kirkcaldy","2021-11-19","388796",TRUE,"Positive"
"Kirkcaldy","2021-07-20","228266",TRUE,"Positive"
"Kirkcaldy","2021-12-20","291605",TRUE,"Positive"
"Kirkcaldy","2021-09-21","344445",TRUE,"Positive"
"Kirkcaldy","2021-10-22","99869",TRUE,"Positive"
"Kirkcaldy","2021-11-22","197797",TRUE,"Positive"
"Kirkcaldy","2021-06-23","182206",TRUE,"Positive"
"Kirkcaldy","2021-07-23","180499",TRUE,"Positive"
"Kirkcaldy","2021-02-24","50616",TRUE,"Positive"
"Kirkcaldy","2021-09-24","184319",TRUE,"Positive"
"Kirkcaldy","2021-11-24","303966",TRUE,"Positive"
"Kirkcaldy","2021-02-25","55791",TRUE,"Positive"
"Kirkcaldy","2021-03-25","27986",TRUE,"Positive"
"Kirkcaldy","2021-05-25","15591",TRUE,"Positive"
"Kirkcaldy","2021-06-25","160713",TRUE,"Positive"
"Kirkcaldy","2021-10-25","176988",TRUE,"Positive"
"Kirkcaldy","2021-03-26","38506",TRUE,"Positive"
"Kirkcaldy","2021-04-27","14655",TRUE,"Positive"
"Kirkcaldy","2021-05-27","10273",TRUE,"Positive"
"Kirkcaldy","2021-07-27","136756",TRUE,"Positive"
"Kirkcaldy","2021-09-28","317908",TRUE,"Positive"
"Kirkcaldy","2021-01-29","46997",TRUE,"Positive"
"Kirkcaldy","2021-04-29","8400",TRUE,"Positive (DNQ)"
"Kirkcaldy","2021-06-29","228325",TRUE,"Positive"
"Kirkcaldy","2021-10-29","105940",TRUE,"Positive"
"Kirkcaldy","2021-07-30","185980",TRUE,"Positive"
"Kirkcaldy","2021-08-31","211211",TRUE,"Positive"
"Kirkwall","2021-03-01","0",TRUE,"Negative"
"Kirkwall","2021-07-01","4933",TRUE,"Positive (DNQ)"
"Kirkwall","2021-09-01","22317",TRUE,"Positive"
"Kirkwall","2020-12-01","0",TRUE,"Negative"
"Kirkwall","2021-12-01","15416",TRUE,"Positive"
"Kirkwall","2021-02-02","0",TRUE,"Negative"
"Kirkwall","2020-09-02","0",TRUE,"Negative"
"Kirkwall","2020-11-02","0",TRUE,"Negative"
"Kirkwall","2021-11-02","8765",TRUE,"Positive (DNQ)"
"Kirkwall","2020-12-02","0",TRUE,"Negative"
"Kirkwall","2021-02-03","0",TRUE,"Negative"
"Kirkwall","2021-03-03","0",TRUE,"Negative"
"Kirkwall","2021-06-03","0",TRUE,"Negative"
"Kirkwall","2021-08-03","12762",TRUE,"Positive"
"Kirkwall","2021-03-04","758",TRUE,"Weak Positive"
"Kirkwall","2021-05-04","0",TRUE,"Negative"
"Kirkwall","2021-08-04","25372",TRUE,"Positive"
"Kirkwall","2020-11-04","0",TRUE,"Negative"
"Kirkwall","2021-11-04","25876",TRUE,"Positive"
"Kirkwall","2021-01-05","497",TRUE,"Weak Positive"
"Kirkwall","2021-01-06","452",TRUE,"Weak Positive"
"Kirkwall","2021-04-06","0",TRUE,"Negative"
"Kirkwall","2021-05-06","0",TRUE,"Negative"
"Kirkwall","2021-07-06","9605",TRUE,"Positive"
"Kirkwall","2021-01-07","1062",TRUE,"Weak Positive"
"Kirkwall","2021-04-07","0",TRUE,"Negative"
"Kirkwall","2021-10-07","17800",TRUE,"Positive"
"Kirkwall","2020-12-07","0",TRUE,"Negative"
"Kirkwall","2021-03-08","0",TRUE,"Negative"
"Kirkwall","2021-04-08","0",TRUE,"Negative"
"Kirkwall","2021-06-08","6437",TRUE,"Positive (DNQ)"
"Kirkwall","2021-07-08","13430",TRUE,"Positive"
"Kirkwall","2020-12-08","374",TRUE,"Weak Positive"
"Kirkwall","2021-12-08","7235",TRUE,"Positive (DNQ)"
"Kirkwall","2021-02-09","0",TRUE,"Negative"
"Kirkwall","2021-03-09","0",TRUE,"Negative"
"Kirkwall","2021-06-09","0",TRUE,"Negative"
"Kirkwall","2020-09-09","0",TRUE,"Negative"
"Kirkwall","2021-09-09","73920",TRUE,"Positive"
"Kirkwall","2021-11-09","36319",TRUE,"Positive"
"Kirkwall","2020-12-09","318",TRUE,"Weak Positive"
"Kirkwall","2021-12-09","8845",TRUE,"Positive (DNQ)"
"Kirkwall","2021-02-10","0",TRUE,"Negative"
"Kirkwall","2021-11-10","40174",TRUE,"Positive"
"Kirkwall","2021-01-11","1982",TRUE,"Positive (DNQ)"
"Kirkwall","2020-11-11","0",TRUE,"Negative"
"Kirkwall","2021-01-12","559",TRUE,"Weak Positive"
"Kirkwall","2021-04-12","0",TRUE,"Negative"
"Kirkwall","2021-05-12","0",TRUE,"Negative"
"Kirkwall","2021-08-12","5910",TRUE,"Weak Positive"
"Kirkwall","2020-10-12","0",TRUE,"Negative"
"Kirkwall","2021-10-12","12850",TRUE,"Positive"
"Kirkwall","2020-11-12","0",TRUE,"Negative"
"Kirkwall","2021-04-13","0",TRUE,"Negative"
"Kirkwall","2021-05-13","700",TRUE,"Weak Positive"
"Kirkwall","2021-07-13","58392",TRUE,"Positive"
"Kirkwall","2021-01-14","0",TRUE,"Negative"
"Kirkwall","2021-04-14","968",TRUE,"Weak Positive"
"Kirkwall","2020-09-14","0",TRUE,"Negative"
"Kirkwall","2021-02-15","0",TRUE,"Negative"
"Kirkwall","2021-03-15","0",TRUE,"Negative"
"Kirkwall","2021-06-15","3470",TRUE,"Positive (DNQ)"
"Kirkwall","2020-12-15","0",TRUE,"Negative"
"Kirkwall","2021-12-15","4584",TRUE,"Weak Positive"
"Kirkwall","2021-02-16","380",TRUE,"Weak Positive"
"Kirkwall","2021-03-16","0",TRUE,"Negative"
"Kirkwall","2020-11-16","0",TRUE,"Negative"
"Kirkwall","2020-12-16","0",TRUE,"Negative"
"Kirkwall","2021-02-17","0",TRUE,"Negative"
"Kirkwall","2021-03-17","0",TRUE,"Negative"
"Kirkwall","2021-06-17","2247",TRUE,"Positive (DNQ)"
"Kirkwall","2021-11-17","97096",TRUE,"Positive"
"Kirkwall","2021-01-18","2895",TRUE,"Positive (DNQ)"
"Kirkwall","2021-05-18","0",TRUE,"Negative"
"Kirkwall","2021-08-18","80590",TRUE,"Positive"
"Kirkwall","2020-11-18","0",TRUE,"Negative"
"Kirkwall","2021-11-18","136805",TRUE,"Positive"
"Kirkwall","2021-01-19","1264",TRUE,"Weak Positive"
"Kirkwall","2021-05-19","0",TRUE,"Negative"
"Kirkwall","2021-08-19","53285",TRUE,"Positive"
"Kirkwall","2020-11-19","0",TRUE,"Negative"
"Kirkwall","2021-01-20","516",TRUE,"Weak Positive"
"Kirkwall","2021-07-20","11457",TRUE,"Positive"
"Kirkwall","2021-04-21","0",TRUE,"Negative"
"Kirkwall","2021-06-21","6073",TRUE,"Positive (DNQ)"
"Kirkwall","2020-09-21","517",TRUE,"Weak Positive"
"Kirkwall","2021-09-21","20735",TRUE,"Positive"
"Kirkwall","2021-10-21","19860",TRUE,"Positive"
"Kirkwall","2021-02-22","0",TRUE,"Negative"
"Kirkwall","2021-03-22","0",TRUE,"Negative"
"Kirkwall","2020-10-22","0",TRUE,"Negative"
"Kirkwall","2021-02-23","3480",TRUE,"Positive (DNQ)"
"Kirkwall","2021-03-23","0",TRUE,"Negative"
"Kirkwall","2021-09-23","19378",TRUE,"Positive"
"Kirkwall","2020-11-23","0",TRUE,"Negative"
"Kirkwall","2021-02-24","0",TRUE,"Negative"
"Kirkwall","2021-03-24","0",TRUE,"Negative"
"Kirkwall","2021-05-24","0",TRUE,"Negative"
"Kirkwall","2021-06-24","33033",TRUE,"Positive"
"Kirkwall","2021-08-24","20943",TRUE,"Positive"
"Kirkwall","2020-11-24","0",TRUE,"Negative"
"Kirkwall","2021-11-24","46061",TRUE,"Positive"
"Kirkwall","2021-11-24","32602",TRUE,"Positive"
"Kirkwall","2021-01-25","0",TRUE,"Negative"
"Kirkwall","2020-11-25","0",TRUE,"Negative"
"Kirkwall","2021-01-26","3570",TRUE,"Positive (DNQ)"
"Kirkwall","2021-04-26","0",TRUE,"Negative"
"Kirkwall","2021-04-27",,FALSE,"Analysis Failed"
"Kirkwall","2021-05-27","317",TRUE,"Weak Positive"
"Kirkwall","2021-07-27","18027",TRUE,"Positive"
"Kirkwall","2021-10-27","18938",TRUE,"Positive"
"Kirkwall","2021-04-28","0",TRUE,"Negative"
"Kirkwall","2021-03-29","712",TRUE,"Weak Positive"
"Kirkwall","2021-06-29","13224",TRUE,"Positive"
"Kirkwall","2020-10-29","986",TRUE,"Weak Positive"
"Kirkwall","2021-03-30","0",TRUE,"Negative"
"Kirkwall","2020-09-30","0",TRUE,"Negative"
"Kirkwall","2021-09-30","16365",TRUE,"Positive"
"Kirkwall","2020-11-30","0",TRUE,"Negative"
"Kirkwall","2021-03-31","0",TRUE,"Negative"
"Kirkwall","2021-05-31","0",TRUE,"Negative"
"Lanark","2021-02-01","18103",TRUE,"Positive"
"Lanark","2021-12-01",,FALSE,"Analysis Failed"
"Lanark","2021-04-02","10910",TRUE,"Positive"
"Lanark","2021-03-03","64385",TRUE,"Positive"
"Lanark","2021-06-03","40004",TRUE,"Positive"
"Lanark","2021-04-05","22343",TRUE,"Positive"
"Lanark","2021-10-05","17298",TRUE,"Positive"
"Lanark","2021-11-05","19334",TRUE,"Positive"
"Lanark","2021-05-06","0",TRUE,"Negative"
"Lanark","2021-09-06","791669",TRUE,"Positive"
"Lanark","2021-07-07","11460",TRUE,"Positive"
"Lanark","2021-01-08","63779",TRUE,"Positive"
"Lanark","2021-03-08","58277",TRUE,"Positive"
"Lanark","2021-12-09",,FALSE,"Analysis Failed"
"Lanark","2021-02-11","74165",TRUE,"Positive"
"Lanark","2021-05-11",,FALSE,"Analysis Failed"
"Lanark","2021-06-11","6425",TRUE,"Positive (DNQ)"
"Lanark","2021-11-12","48636",TRUE,"Positive"
"Lanark","2021-07-13","42849",TRUE,"Positive"
"Lanark","2021-01-14","55489",TRUE,"Positive"
"Lanark","2021-02-15","38818",TRUE,"Positive"
"Lanark","2021-06-15","41809",TRUE,"Positive"
"Lanark","2021-09-15",,FALSE,"Analysis Failed"
"Lanark","2021-12-16",,FALSE,"Analysis Failed"
"Lanark","2021-05-17","1195",TRUE,"Weak Positive"
"Lanark","2021-03-18","3126",TRUE,"Positive (DNQ)"
"Lanark","2021-08-18","136108",TRUE,"Positive"
"Lanark","2021-01-19","16013",TRUE,"Positive"
"Lanark","2021-11-19","68979",TRUE,"Positive"
"Lanark","2021-07-21","23777",TRUE,"Positive"
"Lanark","2021-10-21",,FALSE,"Analysis Failed"
"Lanark","2021-09-22",,FALSE,"Analysis Failed"
"Lanark","2021-02-23","184799",TRUE,"Positive"
"Lanark","2021-06-23","51084",TRUE,"Positive"
"Lanark","2021-05-25","2822",TRUE,"Positive (DNQ)"
"Lanark","2021-01-26",,FALSE,"Analysis Failed"
"Lanark","2021-03-26","5706",TRUE,"Positive (DNQ)"
"Lanark","2021-04-27","651",TRUE,"Weak Positive"
"Lanark","2021-07-27","108909",TRUE,"Positive"
"Lanark","2021-12-29","167773",TRUE,"Positive"
"Lanark","2021-06-30","27687",TRUE,"Positive"
"Lanark","2021-08-30","234979",TRUE,"Positive"
"Langholm","2021-06-01","0",TRUE,"Negative"
"Langholm","2021-07-01","225862",TRUE,"Positive"
"Langholm","2021-09-01",,FALSE,"Analysis Failed"
"Langholm","2021-11-01","37790",TRUE,"Positive"
"Langholm","2021-08-02","59976",TRUE,"Positive"
"Langholm","2021-06-03","0",TRUE,"Negative"
"Langholm","2021-11-03","35743",TRUE,"Positive"
"Langholm","2021-05-05","0",TRUE,"Negative"
"Langholm","2021-10-05","4846",TRUE,"Weak Positive"
"Langholm","2021-05-06",,FALSE,"Analysis Failed"
"Langholm","2021-07-06","42788",TRUE,"Positive"
"Langholm","2021-08-06","4318",TRUE,"Weak Positive"
"Langholm","2021-07-07","13506",TRUE,"Positive"
"Langholm","2021-09-07","1636393",TRUE,"Positive"
"Langholm","2021-10-07",,FALSE,"Analysis Failed"
"Langholm","2021-06-08","0",TRUE,"Negative"
"Langholm","2021-11-08","13730",TRUE,"Positive"
"Langholm","2021-08-09","12184",TRUE,"Positive"
"Langholm","2021-09-09",,FALSE,"Analysis Failed"
"Langholm","2021-06-10",,FALSE,"Analysis Failed"
"Langholm","2021-11-10",,FALSE,"Analysis Failed"
"Langholm","2021-12-10","5571",TRUE,"Weak Positive"
"Langholm","2021-08-12","22243",TRUE,"Positive"
"Langholm","2021-07-13","38535",TRUE,"Positive"
"Langholm","2021-09-13","464692",TRUE,"Positive"
"Langholm","2021-11-15","9725",TRUE,"Positive"
"Langholm","2021-12-15","9890",TRUE,"Positive"
"Langholm","2021-06-16","0",TRUE,"Negative"
"Langholm","2021-07-16",,FALSE,"Analysis Failed"
"Langholm","2021-11-17","0",TRUE,"Negative"
"Langholm","2021-05-18","0",TRUE,"Negative"
"Langholm","2021-06-18",,FALSE,"Analysis Failed"
"Langholm","2021-10-19","14774",TRUE,"Positive"
"Langholm","2021-05-20",,FALSE,"Analysis Failed"
"Langholm","2021-08-20",,FALSE,"Analysis Failed"
"Langholm","2021-09-20","412849",TRUE,"Positive"
"Langholm","2021-10-20","57341",TRUE,"Positive"
"Langholm","2021-06-21","0",TRUE,"Negative"
"Langholm","2021-07-21",,FALSE,"Analysis Failed"
"Langholm","2021-11-22","48057",TRUE,"Positive"
"Langholm","2021-06-23","6311",TRUE,"Positive (DNQ)"
"Langholm","2021-08-23","11215",TRUE,"Positive"
"Langholm","2021-11-24","28178",TRUE,"Positive"
"Langholm","2021-05-25","0",TRUE,"Negative"
"Langholm","2021-07-26","172819",TRUE,"Positive"
"Langholm","2021-05-27","0",TRUE,"Negative"
"Langholm","2021-08-27","39693",TRUE,"Positive"
"Langholm","2021-04-28","0",TRUE,"Negative"
"Langholm","2021-07-28","56261",TRUE,"Positive"
"Langholm","2021-10-28",,FALSE,"Analysis Failed"
"Langholm","2021-06-29","125287",TRUE,"Positive"
"Langholm","2021-10-29","27518",TRUE,"Positive"
"Largs","2021-09-01","45449",TRUE,"Positive"
"Largs","2021-11-01","17379",TRUE,"Positive"
"Largs","2021-12-01","72619",TRUE,"Positive"
"Largs","2021-03-02","33858",TRUE,"Positive"
"Largs","2021-06-02","692",TRUE,"Weak Positive"
"Largs","2021-09-02","27529",TRUE,"Positive"
"Largs","2021-03-03","35075",TRUE,"Positive"
"Largs","2021-06-03","0",TRUE,"Negative"
"Largs","2021-11-03","10725",TRUE,"Positive"
"Largs","2021-10-05","13448",TRUE,"Positive"
"Largs","2021-05-06","576",TRUE,"Weak Positive"
"Largs","2021-07-06","13538",TRUE,"Positive"
"Largs","2021-10-06","14262",TRUE,"Positive"
"Largs","2021-04-07","18123",TRUE,"Positive"
"Largs","2021-05-07","1648",TRUE,"Positive (DNQ)"
"Largs","2021-07-07","3172",TRUE,"Weak Positive"
"Largs","2021-09-07","122063",TRUE,"Positive"
"Largs","2021-12-07","39608",TRUE,"Positive"
"Largs","2021-03-08","29929",TRUE,"Positive"
"Largs","2021-04-08","39396",TRUE,"Positive"
"Largs","2021-06-08","0",TRUE,"Negative"
"Largs","2021-03-09","17572",TRUE,"Positive"
"Largs","2021-06-09","0",TRUE,"Negative"
"Largs","2021-09-09","83440",TRUE,"Positive"
"Largs","2021-02-10","13317",TRUE,"Positive"
"Largs","2021-11-10","36994",TRUE,"Positive"
"Largs","2021-11-11","56604",TRUE,"Positive"
"Largs","2021-02-12","24467",TRUE,"Positive"
"Largs","2021-07-12","10009",TRUE,"Positive"
"Largs","2021-05-13","1297",TRUE,"Weak Positive"
"Largs","2021-07-13","23635",TRUE,"Positive"
"Largs","2021-12-13",,FALSE,"Analysis Failed"
"Largs","2021-04-14","22213",TRUE,"Positive"
"Largs","2021-05-14","515",TRUE,"Weak Positive"
"Largs","2021-06-14","17615",TRUE,"Positive"
"Largs","2021-12-14","55971",TRUE,"Positive"
"Largs","2021-06-15","5678",TRUE,"Positive (DNQ)"
"Largs","2021-09-15","105307",TRUE,"Positive"
"Largs","2021-09-16","124552",TRUE,"Positive"
"Largs","2021-02-17","20329",TRUE,"Positive"
"Largs","2021-03-17","992",TRUE,"Weak Positive"
"Largs","2021-05-17","0",TRUE,"Negative"
"Largs","2021-02-18","30948",TRUE,"Positive"
"Largs","2021-05-18","0",TRUE,"Negative"
"Largs","2021-11-18","19402",TRUE,"Positive"
"Largs","2021-07-20","21927",TRUE,"Positive"
"Largs","2021-10-21","12333",TRUE,"Positive"
"Largs","2021-06-22","5915",TRUE,"Positive (DNQ)"
"Largs","2021-10-22","12947",TRUE,"Positive"
"Largs","2021-02-23","5934",TRUE,"Positive (DNQ)"
"Largs","2021-06-23","35465",TRUE,"Positive"
"Largs","2021-07-23","9126",TRUE,"Positive (DNQ)"
"Largs","2021-02-24","6138",TRUE,"Positive (DNQ)"
"Largs","2021-03-24",,FALSE,"Analysis Failed"
"Largs","2021-05-24","0",TRUE,"Negative"
"Largs","2021-09-24","80725",TRUE,"Positive"
"Largs","2021-11-24","36837",TRUE,"Positive"
"Largs","2021-05-25","0",TRUE,"Negative"
"Largs","2021-11-25","58730",TRUE,"Positive"
"Largs","2021-03-26",,FALSE,"Analysis Failed"
"Largs","2021-10-26","30782",TRUE,"Positive"
"Largs","2021-04-27","1832",TRUE,"Positive (DNQ)"
"Largs","2021-07-27","18216",TRUE,"Positive"
"Largs","2021-04-28","1830",TRUE,"Positive (DNQ)"
"Largs","2021-06-28","25401",TRUE,"Positive"
"Largs","2021-10-28","25034",TRUE,"Positive"
"Largs","2021-03-29",,FALSE,"Analysis Failed"
"Largs","2021-06-29","42228",TRUE,"Positive"
"Largs","2021-03-30",,FALSE,"Analysis Failed"
"Largs","2021-11-30","67718",TRUE,"Positive"
"Largs","2021-03-31","1809",TRUE,"Positive (DNQ)"
"Lerwick","2021-03-01","0",TRUE,"Negative"
"Lerwick","2021-12-01",,FALSE,"Analysis Failed"
"Lerwick","2021-02-02","0",TRUE,"Negative"
"Lerwick","2021-08-02","2280",TRUE,"Weak Positive"
"Lerwick","2020-09-02","0",TRUE,"Negative"
"Lerwick","2021-11-02",,FALSE,"Analysis Failed"
"Lerwick","2020-12-02","0",TRUE,"Negative"
"Lerwick","2021-02-03",,FALSE,"Analysis Failed"
"Lerwick","2021-03-03","0",TRUE,"Negative"
"Lerwick","2021-06-03","201",TRUE,"Weak Positive"
"Lerwick","2021-08-03","4131",TRUE,"Weak Positive"
"Lerwick","2020-11-03","0",TRUE,"Negative"
"Lerwick","2021-03-04","0",TRUE,"Negative"
"Lerwick","2021-05-04",,FALSE,"Analysis Failed"
"Lerwick","2021-10-04","0",TRUE,"Negative"
"Lerwick","2021-01-05",,FALSE,"Analysis Failed"
"Lerwick","2021-10-05","0",TRUE,"Negative"
"Lerwick","2021-11-05",,FALSE,"Analysis Failed"
"Lerwick","2021-01-06","642",TRUE,"Weak Positive"
"Lerwick","2021-04-06",,FALSE,"Analysis Failed"
"Lerwick","2021-05-06",,FALSE,"Analysis Failed"
"Lerwick","2021-07-06","4385",TRUE,"Weak Positive"
"Lerwick","2021-09-06","20830",TRUE,"Positive"
"Lerwick","2021-12-06",,FALSE,"Analysis Failed"
"Lerwick","2021-01-07",,FALSE,"Analysis Failed"
"Lerwick","2021-04-07",,FALSE,"Analysis Failed"
"Lerwick","2020-12-07","0",TRUE,"Negative"
"Lerwick","2021-12-07",,FALSE,"Analysis Failed"
"Lerwick","2021-03-08",,FALSE,"Analysis Failed"
"Lerwick","2021-04-08","0",TRUE,"Negative"
"Lerwick","2021-09-08","6093",TRUE,"Weak Positive"
"Lerwick","2021-11-08","1240",TRUE,"Weak Positive"
"Lerwick","2021-02-09","0",TRUE,"Negative"
"Lerwick","2021-03-09",,FALSE,"Analysis Failed"
"Lerwick","2021-03-09",,FALSE,"Analysis Failed"
"Lerwick","2021-06-09","543",TRUE,"Weak Positive"
"Lerwick","2021-08-09","3391",TRUE,"Weak Positive"
"Lerwick","2020-09-09","0",TRUE,"Negative"
"Lerwick","2020-10-09","0",TRUE,"Negative"
"Lerwick","2021-11-09",,FALSE,"Analysis Failed"
"Lerwick","2020-12-09","0",TRUE,"Negative"
"Lerwick","2021-02-10","0",TRUE,"Negative"
"Lerwick","2021-03-10","0",TRUE,"Negative"
"Lerwick","2021-05-10","1962",TRUE,"Positive (DNQ)"
"Lerwick","2021-08-10","2275",TRUE,"Weak Positive"
"Lerwick","2021-01-11",,FALSE,"Analysis Failed"
"Lerwick","2021-05-11","4735",TRUE,"Positive (DNQ)"
"Lerwick","2021-10-11","4253",TRUE,"Weak Positive"
"Lerwick","2020-11-11","0",TRUE,"Negative"
"Lerwick","2021-01-12","20514",TRUE,"Positive"
"Lerwick","2021-04-12","0",TRUE,"Negative"
"Lerwick","2021-07-12","7880",TRUE,"Positive (DNQ)"
"Lerwick","2021-10-12","699",TRUE,"Weak Positive"
"Lerwick","2021-04-13","0",TRUE,"Negative"
"Lerwick","2021-12-13","6591",TRUE,"Weak Positive"
"Lerwick","2021-01-14","0",TRUE,"Negative"
"Lerwick","2021-04-14",,FALSE,"Analysis Failed"
"Lerwick","2021-06-14","6344",TRUE,"Positive (DNQ)"
"Lerwick","2021-09-14","58085",TRUE,"Positive"
"Lerwick","2021-09-14","25749",TRUE,"Positive"
"Lerwick","2020-10-14","5219",TRUE,"Positive (DNQ)"
"Lerwick","2021-03-15","0",TRUE,"Negative"
"Lerwick","2021-06-15","619",TRUE,"Weak Positive"
"Lerwick","2021-11-15","15342",TRUE,"Positive"
"Lerwick","2021-12-15","10196",TRUE,"Positive"
"Lerwick","2021-02-16",,FALSE,"Analysis Failed"
"Lerwick","2021-02-16",,FALSE,"Analysis Failed"
"Lerwick","2021-03-16","0",TRUE,"Negative"
"Lerwick","2021-08-16","0",TRUE,"Negative"
"Lerwick","2021-11-16",,FALSE,"Analysis Failed"
"Lerwick","2020-12-16","0",TRUE,"Negative"
"Lerwick","2021-02-17",,FALSE,"Analysis Failed"
"Lerwick","2021-03-17","0",TRUE,"Negative"
"Lerwick","2021-08-17","0",TRUE,"Negative"
"Lerwick","2021-01-18",,FALSE,"Analysis Failed"
"Lerwick","2021-05-18",,FALSE,"Analysis Failed"
"Lerwick","2021-05-18","0",TRUE,"Negative"
"Lerwick","2021-10-18","1183",TRUE,"Weak Positive"
"Lerwick","2020-11-18","486",TRUE,"Weak Positive"
"Lerwick","2021-01-19","1839",TRUE,"Positive (DNQ)"
"Lerwick","2021-07-19","29466",TRUE,"Positive"
"Lerwick","2021-10-19","1178",TRUE,"Weak Positive"
"Lerwick","2021-01-20","5325",TRUE,"Positive (DNQ)"
"Lerwick","2021-07-20","10938",TRUE,"Positive"
"Lerwick","2021-09-20","15097",TRUE,"Positive"
"Lerwick","2021-04-21","0",TRUE,"Negative"
"Lerwick","2021-06-21",,FALSE,"Analysis Failed"
"Lerwick","2021-02-22","0",TRUE,"Negative"
"Lerwick","2021-03-22","0",TRUE,"Negative"
"Lerwick","2021-09-22","5867",TRUE,"Weak Positive"
"Lerwick","2021-02-23",,FALSE,"Analysis Failed"
"Lerwick","2021-03-23","0",TRUE,"Negative"
"Lerwick","2021-06-23",,FALSE,"Analysis Failed"
"Lerwick","2020-11-23","0",TRUE,"Negative"
"Lerwick","2021-11-23","86054",TRUE,"Positive"
"Lerwick","2021-02-24","0",TRUE,"Negative"
"Lerwick","2021-02-24","0",TRUE,"Negative"
"Lerwick","2021-03-24",,FALSE,"Analysis Failed"
"Lerwick","2021-05-24",,FALSE,"Analysis Failed"
"Lerwick","2021-08-24","3066",TRUE,"Weak Positive"
"Lerwick","2020-09-24","0",TRUE,"Negative"
"Lerwick","2020-11-24","0",TRUE,"Negative"
"Lerwick","2021-11-24",,FALSE,"Analysis Failed"
"Lerwick","2021-01-25",,FALSE,"Analysis Failed"
"Lerwick","2021-05-25",,FALSE,"Analysis Failed"
"Lerwick","2020-11-25","0",TRUE,"Negative"
"Lerwick","2021-01-26","3303",TRUE,"Positive (DNQ)"
"Lerwick","2021-04-26",,FALSE,"Analysis Failed"
"Lerwick","2021-10-26","0",TRUE,"Negative"
"Lerwick","2021-04-27","0",TRUE,"Negative"
"Lerwick","2021-09-27","10147",TRUE,"Positive"
"Lerwick","2021-04-28",,FALSE,"Analysis Failed"
"Lerwick","2021-06-28","5271",TRUE,"Positive (DNQ)"
"Lerwick","2020-10-28","28534",TRUE,"Positive"
"Lerwick","2021-03-29",,FALSE,"Analysis Failed"
"Lerwick","2021-03-29",,FALSE,"Analysis Failed"
"Lerwick","2021-06-29","3797",TRUE,"Positive (DNQ)"
"Lerwick","2021-09-29","4583",TRUE,"Weak Positive"
"Lerwick","2021-11-29",,FALSE,"Analysis Failed"
"Lerwick","2021-12-29","6697",TRUE,"Positive (DNQ)"
"Lerwick","2021-03-30","0",TRUE,"Negative"
"Lerwick","2021-07-30","15315",TRUE,"Positive"
"Lerwick","2020-09-30","0",TRUE,"Negative"
"Lerwick","2021-03-31","0",TRUE,"Negative"
"Lerwick","2021-05-31","4110",TRUE,"Positive (DNQ)"
"Lerwick","2021-08-31","2894",TRUE,"Weak Positive"
"Lesmahagow","2021-04-02","0",TRUE,"Negative"
"Lesmahagow","2021-03-03","50697",TRUE,"Positive"
"Lesmahagow","2021-06-03","0",TRUE,"Negative"
"Lesmahagow","2021-02-04","60888",TRUE,"Positive"
"Lesmahagow","2021-10-05","5670",TRUE,"Weak Positive"
"Lesmahagow","2021-11-05","104721",TRUE,"Positive"
"Lesmahagow","2021-05-06","480",TRUE,"Weak Positive"
"Lesmahagow","2021-09-06","127113",TRUE,"Positive"
"Lesmahagow","2021-12-07","0",TRUE,"Negative"
"Lesmahagow","2021-04-08","0",TRUE,"Negative"
"Lesmahagow","2021-07-09","85544",TRUE,"Positive"
"Lesmahagow","2021-02-10","24175",TRUE,"Positive"
"Lesmahagow","2021-03-11","10079",TRUE,"Positive"
"Lesmahagow","2021-03-11","29348",TRUE,"Positive"
"Lesmahagow","2021-05-11","1315",TRUE,"Weak Positive"
"Lesmahagow","2021-06-11","0",TRUE,"Negative"
"Lesmahagow","2021-01-12","23560",TRUE,"Positive"
"Lesmahagow","2021-11-12","43179",TRUE,"Positive"
"Lesmahagow","2021-07-13","197298",TRUE,"Positive"
"Lesmahagow","2021-12-14","76005",TRUE,"Positive"
"Lesmahagow","2021-02-15","501371",TRUE,"Positive"
"Lesmahagow","2021-06-15","6998",TRUE,"Positive (DNQ)"
"Lesmahagow","2021-09-15","154126",TRUE,"Positive"
"Lesmahagow","2021-05-17","0",TRUE,"Negative"
"Lesmahagow","2021-03-18","3485",TRUE,"Positive (DNQ)"
"Lesmahagow","2021-08-18","19242",TRUE,"Positive"
"Lesmahagow","2021-11-19","188771",TRUE,"Positive"
"Lesmahagow","2021-07-20","47302",TRUE,"Positive"
"Lesmahagow","2021-10-21",,FALSE,"Analysis Failed"
"Lesmahagow","2021-06-22","0",TRUE,"Negative"
"Lesmahagow","2021-02-23","622995",TRUE,"Positive"
"Lesmahagow","2021-05-25","1958",TRUE,"Positive (DNQ)"
"Lesmahagow","2021-03-26",,FALSE,"Analysis Failed"
"Lesmahagow","2021-07-26","51969",TRUE,"Positive"
"Lesmahagow","2021-04-27","5829",TRUE,"Positive (DNQ)"
"Lesmahagow","2021-03-29","2351",TRUE,"Positive (DNQ)"
"Lesmahagow","2021-06-29","6813",TRUE,"Positive (DNQ)"
"Lesmahagow","2021-12-29","187619",TRUE,"Positive"
"Lesmahagow","2021-08-30","508016",TRUE,"Positive"
"Lesmahagow","2021-11-30","126510",TRUE,"Positive"
"Levenmouth","2021-04-01","9821",TRUE,"Positive (DNQ)"
"Levenmouth","2021-06-01","7284",TRUE,"Positive (DNQ)"
"Levenmouth","2021-07-01","229368",TRUE,"Positive"
"Levenmouth","2020-09-01","0",TRUE,"Negative"
"Levenmouth","2021-11-01","45386",TRUE,"Positive"
"Levenmouth","2020-12-01","69431",TRUE,"Positive"
"Levenmouth","2021-12-01","50840",TRUE,"Positive"
"Levenmouth","2021-03-02","11451",TRUE,"Positive"
"Levenmouth","2021-04-02","20009",TRUE,"Positive"
"Levenmouth","2020-10-02","3977",TRUE,"Positive (DNQ)"
"Levenmouth","2020-11-02","48571",TRUE,"Positive"
"Levenmouth","2020-12-02","25636",TRUE,"Positive"
"Levenmouth","2021-02-03","30549",TRUE,"Positive"
"Levenmouth","2020-11-03","39414",TRUE,"Positive"
"Levenmouth","2021-11-03","47429",TRUE,"Positive"
"Levenmouth","2021-06-04","13421",TRUE,"Positive"
"Levenmouth","2020-09-04","0",TRUE,"Negative"
"Levenmouth","2020-11-04","23820",TRUE,"Positive"
"Levenmouth","2021-11-04","73666",TRUE,"Positive"
"Levenmouth","2020-12-04","60716",TRUE,"Positive"
"Levenmouth","2021-01-05","41413",TRUE,"Positive"
"Levenmouth","2021-05-05","4879",TRUE,"Positive (DNQ)"
"Levenmouth","2021-07-05","108549",TRUE,"Positive"
"Levenmouth","2020-10-05","1863",TRUE,"Positive (DNQ)"
"Levenmouth","2021-11-05","59080",TRUE,"Positive"
"Levenmouth","2021-01-06","47753",TRUE,"Positive"
"Levenmouth","2021-04-06","30573",TRUE,"Positive"
"Levenmouth","2020-09-06","0",TRUE,"Negative"
"Levenmouth","2020-10-06","2998",TRUE,"Positive (DNQ)"
"Levenmouth","2020-11-06","21175",TRUE,"Positive"
"Levenmouth","2021-12-06","200528",TRUE,"Positive"
"Levenmouth","2021-01-07","54524",TRUE,"Positive"
"Levenmouth","2021-05-07","6263",TRUE,"Positive (DNQ)"
"Levenmouth","2020-10-07","1983",TRUE,"Positive (DNQ)"
"Levenmouth","2020-12-07","5983",TRUE,"Positive (DNQ)"
"Levenmouth","2021-12-07","95105",TRUE,"Positive"
"Levenmouth","2021-01-08","83009",TRUE,"Positive"
"Levenmouth","2021-04-08","6670",TRUE,"Positive (DNQ)"
"Levenmouth","2021-06-08","3189",TRUE,"Positive (DNQ)"
"Levenmouth","2020-09-08","0",TRUE,"Negative"
"Levenmouth","2021-11-08","125098",TRUE,"Positive"
"Levenmouth","2020-12-08","36778",TRUE,"Positive"
"Levenmouth","2021-12-08",,FALSE,"Analysis Failed"
"Levenmouth","2021-03-09","18743",TRUE,"Positive"
"Levenmouth","2021-07-09",,FALSE,"Analysis Failed"
"Levenmouth","2020-09-09","0",TRUE,"Negative"
"Levenmouth","2020-11-09","26796",TRUE,"Positive"
"Levenmouth","2020-12-09","10013",TRUE,"Positive (DNQ)"
"Levenmouth","2021-02-10","16305",TRUE,"Positive"
"Levenmouth","2021-03-10","4128",TRUE,"Positive (DNQ)"
"Levenmouth","2021-05-10","457",TRUE,"Weak Positive"
"Levenmouth","2020-11-10","32472",TRUE,"Positive"
"Levenmouth","2021-11-10","67756",TRUE,"Positive"
"Levenmouth","2021-12-10","76777",TRUE,"Positive"
"Levenmouth","2021-01-11","80231",TRUE,"Positive"
"Levenmouth","2021-06-11","13210",TRUE,"Positive"
"Levenmouth","2020-09-11","2278",TRUE,"Positive (DNQ)"
"Levenmouth","2021-10-11","154458",TRUE,"Positive"
"Levenmouth","2020-11-11","13816",TRUE,"Positive"
"Levenmouth","2021-11-11","105511",TRUE,"Positive"
"Levenmouth","2020-12-11","21583",TRUE,"Positive"
"Levenmouth","2021-05-12","6034",TRUE,"Positive (DNQ)"
"Levenmouth","2021-10-12","65802",TRUE,"Positive"
"Levenmouth","2021-11-12","138513",TRUE,"Positive"
"Levenmouth","2021-07-13","101504",TRUE,"Positive"
"Levenmouth","2020-10-13","19959",TRUE,"Positive"
"Levenmouth","2020-11-13","18462",TRUE,"Positive"
"Levenmouth","2021-01-14","73453",TRUE,"Positive"
"Levenmouth","2020-09-14","1818",TRUE,"Positive (DNQ)"
"Levenmouth","2020-10-14","61059",TRUE,"Positive"
"Levenmouth","2021-10-14","90397",TRUE,"Positive"
"Levenmouth","2020-12-14","18738",TRUE,"Positive"
"Levenmouth","2021-12-14","184927",TRUE,"Positive"
"Levenmouth","2021-01-15","17525",TRUE,"Positive"
"Levenmouth","2021-04-15","5711",TRUE,"Positive (DNQ)"
"Levenmouth","2021-06-15","14284",TRUE,"Positive"
"Levenmouth","2020-09-15","543",TRUE,"Weak Positive"
"Levenmouth","2021-11-15","203451",TRUE,"Positive"
"Levenmouth","2020-12-15","16308",TRUE,"Positive"
"Levenmouth","2021-12-15","273169",TRUE,"Positive"
"Levenmouth","2021-07-16","102742",TRUE,"Positive"
"Levenmouth","2020-09-16","0",TRUE,"Negative"
"Levenmouth","2020-10-16","44897",TRUE,"Positive"
"Levenmouth","2020-12-16","27712",TRUE,"Positive"
"Levenmouth","2021-03-17","4740",TRUE,"Positive (DNQ)"
"Levenmouth","2021-05-17","2891",TRUE,"Positive (DNQ)"
"Levenmouth","2020-11-17","57337",TRUE,"Positive"
"Levenmouth","2021-11-17","166615",TRUE,"Positive"
"Levenmouth","2021-12-17","233136",TRUE,"Positive"
"Levenmouth","2021-01-18","30332",TRUE,"Positive"
"Levenmouth","2021-06-18","7098",TRUE,"Positive (DNQ)"
"Levenmouth","2020-09-18","3095",TRUE,"Positive (DNQ)"
"Levenmouth","2020-11-18","11732",TRUE,"Positive"
"Levenmouth","2021-11-18","143014",TRUE,"Positive"
"Levenmouth","2021-01-19","25233",TRUE,"Positive"
"Levenmouth","2021-02-19","8027",TRUE,"Positive (DNQ)"
"Levenmouth","2021-03-19","26449",TRUE,"Positive"
"Levenmouth","2020-10-19","49150",TRUE,"Positive"
"Levenmouth","2021-11-19","178551",TRUE,"Positive"
"Levenmouth","2021-01-20","2733",TRUE,"Positive (DNQ)"
"Levenmouth","2021-05-20","15798",TRUE,"Positive"
"Levenmouth","2021-07-20","83904",TRUE,"Positive"
"Levenmouth","2020-10-20","43261",TRUE,"Positive"
"Levenmouth","2020-11-20","39871",TRUE,"Positive"
"Levenmouth","2021-12-20","364916",TRUE,"Positive"
"Levenmouth","2021-01-21","1727",TRUE,"Positive (DNQ)"
"Levenmouth","2020-09-21","15378",TRUE,"Positive"
"Levenmouth","2020-10-21","18415",TRUE,"Positive"
"Levenmouth","2021-01-22","17085",TRUE,"Positive"
"Levenmouth","2020-09-22","4503",TRUE,"Positive (DNQ)"
"Levenmouth","2021-11-22","142885",TRUE,"Positive"
"Levenmouth","2021-06-23","25130",TRUE,"Positive"
"Levenmouth","2021-07-23","191685",TRUE,"Positive"
"Levenmouth","2020-09-23","1339",TRUE,"Positive (DNQ)"
"Levenmouth","2020-10-23","60103",TRUE,"Positive"
"Levenmouth","2020-11-23","43479",TRUE,"Positive"
"Levenmouth","2021-02-24","24858",TRUE,"Positive"
"Levenmouth","2020-09-24","2858",TRUE,"Positive (DNQ)"
"Levenmouth","2020-11-24","72294",TRUE,"Positive"
"Levenmouth","2021-11-24","100279",TRUE,"Positive"
"Levenmouth","2021-02-25","4993",TRUE,"Positive (DNQ)"
"Levenmouth","2021-03-25","24999",TRUE,"Positive"
"Levenmouth","2021-05-25","738",TRUE,"Weak Positive"
"Levenmouth","2021-06-25","29483",TRUE,"Positive"
"Levenmouth","2020-09-25","8153",TRUE,"Positive (DNQ)"
"Levenmouth","2021-11-25",,FALSE,"Analysis Failed"
"Levenmouth","2021-03-26","18293",TRUE,"Positive"
"Levenmouth","2020-10-26","38552",TRUE,"Positive"
"Levenmouth","2021-04-27","870",TRUE,"Weak Positive"
"Levenmouth","2021-05-27","3433",TRUE,"Positive (DNQ)"
"Levenmouth","2020-10-27","15031",TRUE,"Positive"
"Levenmouth","2020-09-28","19955",TRUE,"Positive"
"Levenmouth","2020-10-28","16281",TRUE,"Positive"
"Levenmouth","2021-01-29","55695",TRUE,"Positive"
"Levenmouth","2021-04-29","8962",TRUE,"Positive (DNQ)"
"Levenmouth","2021-06-29","80114",TRUE,"Positive"
"Levenmouth","2020-12-29","99853",TRUE,"Positive"
"Levenmouth","2021-12-29",,FALSE,"Analysis Failed"
"Levenmouth","2020-09-30","17007",TRUE,"Positive"
"Levenmouth","2020-10-30","127570",TRUE,"Positive"
"Levenmouth","2020-11-30","115157",TRUE,"Positive"
"Levenmouth","2021-11-30",,FALSE,"Analysis Failed"
"Linlithgow","2021-03-01","634",TRUE,"Weak Positive"
"Linlithgow","2021-07-01","80632",TRUE,"Positive"
"Linlithgow","2021-10-01","238065",TRUE,"Positive"
"Linlithgow","2021-03-02","664",TRUE,"Weak Positive"
"Linlithgow","2021-04-02",,TRUE,"Positive (DNQ)"
"Linlithgow","2021-06-02","2101",TRUE,"Positive (DNQ)"
"Linlithgow","2021-11-02","165780",TRUE,"Positive"
"Linlithgow","2021-02-03","1270",TRUE,"Weak Positive"
"Linlithgow","2021-09-03","139321",TRUE,"Positive"
"Linlithgow","2021-02-04","9883",TRUE,"Positive (DNQ)"
"Linlithgow","2021-05-04","0",TRUE,"Negative"
"Linlithgow","2021-11-04","227682",TRUE,"Positive"
"Linlithgow","2021-01-05","64024",TRUE,"Positive"
"Linlithgow","2021-05-05","531",TRUE,"Weak Positive"
"Linlithgow","2021-10-05","168375",TRUE,"Positive"
"Linlithgow","2021-04-06","1274",TRUE,"Weak Positive"
"Linlithgow","2021-07-06","139404",TRUE,"Positive"
"Linlithgow","2021-04-07","2201",TRUE,"Positive (DNQ)"
"Linlithgow","2021-06-07","21279",TRUE,"Positive"
"Linlithgow","2021-12-07","185592",TRUE,"Positive"
"Linlithgow","2021-07-08","117424",TRUE,"Positive"
"Linlithgow","2021-09-08","412222",TRUE,"Positive"
"Linlithgow","2021-06-09","36127",TRUE,"Positive"
"Linlithgow","2021-08-09","81914",TRUE,"Positive"
"Linlithgow","2021-12-09","303559",TRUE,"Positive"
"Linlithgow","2021-05-10","2115",TRUE,"Positive (DNQ)"
"Linlithgow","2021-01-11","27134",TRUE,"Positive"
"Linlithgow","2021-02-11","15174",TRUE,"Positive"
"Linlithgow","2021-03-11","7238",TRUE,"Positive (DNQ)"
"Linlithgow","2021-05-11","1290",TRUE,"Weak Positive"
"Linlithgow","2021-02-12","2137",TRUE,"Positive (DNQ)"
"Linlithgow","2021-03-12","8203",TRUE,"Positive (DNQ)"
"Linlithgow","2021-07-12","288059",TRUE,"Positive"
"Linlithgow","2021-04-13","3907",TRUE,"Positive (DNQ)"
"Linlithgow","2021-04-14","619",TRUE,"Weak Positive"
"Linlithgow","2021-06-14","7178",TRUE,"Positive (DNQ)"
"Linlithgow","2021-09-14","454071",TRUE,"Positive"
"Linlithgow","2020-12-14","12650",TRUE,"Positive"
"Linlithgow","2021-12-14","166939",TRUE,"Positive"
"Linlithgow","2021-02-16","1564",TRUE,"Positive (DNQ)"
"Linlithgow","2021-06-16","5862",TRUE,"Positive (DNQ)"
"Linlithgow","2021-09-16","415630",TRUE,"Positive"
"Linlithgow","2021-11-16","79016",TRUE,"Positive"
"Linlithgow","2021-12-16","155938",TRUE,"Positive"
"Linlithgow","2021-03-17","3376",TRUE,"Positive (DNQ)"
"Linlithgow","2021-02-18","3852",TRUE,"Positive (DNQ)"
"Linlithgow","2021-03-18","4345",TRUE,"Positive (DNQ)"
"Linlithgow","2021-08-18","37191",TRUE,"Positive"
"Linlithgow","2021-11-18","157565",TRUE,"Positive"
"Linlithgow","2021-05-19","7943",TRUE,"Positive (DNQ)"
"Linlithgow","2021-07-20","94085",TRUE,"Positive"
"Linlithgow","2021-10-20","115496",TRUE,"Positive"
"Linlithgow","2021-12-20","715235",TRUE,"Positive"
"Linlithgow","2021-05-21","37723",TRUE,"Positive"
"Linlithgow","2021-06-21","28681",TRUE,"Positive"
"Linlithgow","2020-12-21","13809",TRUE,"Positive"
"Linlithgow","2021-01-22","21614",TRUE,"Positive"
"Linlithgow","2021-10-22","356472",TRUE,"Positive"
"Linlithgow","2021-03-23","4182",TRUE,"Positive (DNQ)"
"Linlithgow","2021-06-23","17194",TRUE,"Positive"
"Linlithgow","2021-09-23","323506",TRUE,"Positive"
"Linlithgow","2021-11-23","194010",TRUE,"Positive"
"Linlithgow","2021-02-24","1713",TRUE,"Positive (DNQ)"
"Linlithgow","2021-11-25","272219",TRUE,"Positive"
"Linlithgow","2021-02-26","906",TRUE,"Weak Positive"
"Linlithgow","2021-04-26","481",TRUE,"Weak Positive"
"Linlithgow","2021-01-27","6939",TRUE,"Positive (DNQ)"
"Linlithgow","2021-05-27","1478",TRUE,"Positive (DNQ)"
"Linlithgow","2021-07-27","68277",TRUE,"Positive"
"Linlithgow","2021-10-27","52524",TRUE,"Positive"
"Linlithgow","2021-04-28","388",TRUE,"Weak Positive"
"Linlithgow","2021-05-28","0",TRUE,"Negative"
"Linlithgow","2021-06-28","35775",TRUE,"Positive"
"Linlithgow","2021-10-28","21195",TRUE,"Positive"
"Linlithgow","2021-01-29","8544",TRUE,"Positive (DNQ)"
"Linlithgow","2021-03-29","13631",TRUE,"Positive"
"Linlithgow","2021-03-29","18453",TRUE,"Positive"
"Linlithgow","2021-07-29","52014",TRUE,"Positive"
"Linlithgow","2021-11-30","387211",TRUE,"Positive"
"Linlithgow","2021-05-31","429",TRUE,"Weak Positive"
"Linlithgow","2021-08-31","182539",TRUE,"Positive"
"Loch Ryan","2021-11-01",,FALSE,"Analysis Failed"
"Loch Ryan","2021-09-02","306961",TRUE,"Positive"
"Loch Ryan","2021-08-03","13265",TRUE,"Positive"
"Loch Ryan","2021-11-03","8999",TRUE,"Positive (DNQ)"
"Loch Ryan","2021-06-04","0",TRUE,"Negative"
"Loch Ryan","2021-12-06","2507",TRUE,"Weak Positive"
"Loch Ryan","2021-06-07","0",TRUE,"Negative"
"Loch Ryan","2021-07-07","35095",TRUE,"Positive"
"Loch Ryan","2021-10-07","31416",TRUE,"Positive"
"Loch Ryan","2021-09-08","145548",TRUE,"Positive"
"Loch Ryan","2021-12-08","2645",TRUE,"Weak Positive"
"Loch Ryan","2021-07-09","41841",TRUE,"Positive"
"Loch Ryan","2021-09-09","131273",TRUE,"Positive"
"Loch Ryan","2021-06-10","1103",TRUE,"Weak Positive"
"Loch Ryan","2021-08-12","3882",TRUE,"Weak Positive"
"Loch Ryan","2021-11-12",,FALSE,"Analysis Failed"
"Loch Ryan","2021-08-13","26738",TRUE,"Positive"
"Loch Ryan","2021-09-13","94822",TRUE,"Positive"
"Loch Ryan","2021-12-13","10703",TRUE,"Positive"
"Loch Ryan","2021-09-14","62498",TRUE,"Positive"
"Loch Ryan","2021-06-15","1072",TRUE,"Weak Positive"
"Loch Ryan","2021-11-15","13579",TRUE,"Positive"
"Loch Ryan","2021-12-15","19300",TRUE,"Positive"
"Loch Ryan","2021-06-16","490",TRUE,"Weak Positive"
"Loch Ryan","2021-07-16","4753",TRUE,"Weak Positive"
"Loch Ryan","2021-08-16","3080",TRUE,"Weak Positive"
"Loch Ryan","2021-11-16","9097",TRUE,"Positive (DNQ)"
"Loch Ryan","2021-07-20","36739",TRUE,"Positive"
"Loch Ryan","2021-08-20","33368",TRUE,"Positive"
"Loch Ryan","2021-09-20","25195",TRUE,"Positive"
"Loch Ryan","2021-06-22","2508",TRUE,"Positive (DNQ)"
"Loch Ryan","2021-11-22","67804",TRUE,"Positive"
"Loch Ryan","2021-07-23","12153",TRUE,"Positive"
"Loch Ryan","2021-11-23","116065",TRUE,"Positive"
"Loch Ryan","2021-08-24","32169",TRUE,"Positive"
"Loch Ryan","2021-06-25","2498",TRUE,"Positive (DNQ)"
"Loch Ryan","2021-07-27","43393",TRUE,"Positive"
"Loch Ryan","2021-08-27","120420",TRUE,"Positive"
"Loch Ryan","2021-10-27","12837",TRUE,"Positive"
"Loch Ryan","2021-07-28","5629",TRUE,"Weak Positive"
"Loch Ryan","2021-04-29","730",TRUE,"Weak Positive"
"Loch Ryan","2021-08-31","130772",TRUE,"Positive"
"Lockerbie","2021-07-01","35228",TRUE,"Positive"
"Lockerbie","2020-09-01","0",TRUE,"Negative"
"Lockerbie","2021-09-01","224498",TRUE,"Positive"
"Lockerbie","2020-10-01","0",TRUE,"Negative"
"Lockerbie","2021-11-01",,FALSE,"Analysis Failed"
"Lockerbie","2021-12-01",,FALSE,"Analysis Failed"
"Lockerbie","2021-03-02","0",TRUE,"Negative"
"Lockerbie","2021-06-02","0",TRUE,"Negative"
"Lockerbie","2021-09-02","181569",TRUE,"Positive"
"Lockerbie","2020-10-02","1742",TRUE,"Positive (DNQ)"
"Lockerbie","2020-11-02","2979",TRUE,"Positive (DNQ)"
"Lockerbie","2020-12-02","0",TRUE,"Negative"
"Lockerbie","2021-06-03","0",TRUE,"Negative"
"Lockerbie","2021-08-03","11581",TRUE,"Positive"
"Lockerbie","2021-11-03","3927",TRUE,"Weak Positive"
"Lockerbie","2021-03-04","0",TRUE,"Negative"
"Lockerbie","2020-12-04","445",TRUE,"Weak Positive"
"Lockerbie","2021-02-05","0",TRUE,"Negative"
"Lockerbie","2021-05-05","0",TRUE,"Negative"
"Lockerbie","2021-07-05","150459",TRUE,"Positive"
"Lockerbie","2021-08-05","128092",TRUE,"Positive"
"Lockerbie","2020-10-05","0",TRUE,"Negative"
"Lockerbie","2021-10-05","2357",TRUE,"Weak Positive"
"Lockerbie","2021-02-06","2095",TRUE,"Positive (DNQ)"
"Lockerbie","2021-04-06","0",TRUE,"Negative"
"Lockerbie","2020-10-06","0",TRUE,"Negative"
"Lockerbie","2021-01-07","15945",TRUE,"Positive"
"Lockerbie","2021-06-07","532",TRUE,"Weak Positive"
"Lockerbie","2021-07-07","45736",TRUE,"Positive"
"Lockerbie","2020-09-07","9209",TRUE,"Positive (DNQ)"
"Lockerbie","2021-09-07",,FALSE,"Analysis Failed"
"Lockerbie","2021-10-07","1668",TRUE,"Weak Positive"
"Lockerbie","2021-12-07","6311",TRUE,"Weak Positive"
"Lockerbie","2021-01-08","19756",TRUE,"Positive"
"Lockerbie","2021-02-08","1413",TRUE,"Positive (DNQ)"
"Lockerbie","2021-03-08","0",TRUE,"Negative"
"Lockerbie","2021-04-08","0",TRUE,"Negative"
"Lockerbie","2021-11-08","89255",TRUE,"Positive"
"Lockerbie","2021-02-09","1630",TRUE,"Weak Positive"
"Lockerbie","2021-09-09","494480",TRUE,"Positive"
"Lockerbie","2021-03-10","2189",TRUE,"Positive (DNQ)"
"Lockerbie","2021-05-10","0",TRUE,"Negative"
"Lockerbie","2021-06-10",,FALSE,"Analysis Failed"
"Lockerbie","2021-08-10","60015",TRUE,"Positive"
"Lockerbie","2020-11-10","11803",TRUE,"Positive"
"Lockerbie","2021-11-10","9254",TRUE,"Positive (DNQ)"
"Lockerbie","2021-12-10","18642",TRUE,"Positive"
"Lockerbie","2021-08-11","50005",TRUE,"Positive"
"Lockerbie","2020-09-11","0",TRUE,"Negative"
"Lockerbie","2020-12-11","1350",TRUE,"Positive (DNQ)"
"Lockerbie","2021-04-12","379",TRUE,"Weak Positive"
"Lockerbie","2021-05-12","0",TRUE,"Negative"
"Lockerbie","2020-10-12","4844",TRUE,"Positive (DNQ)"
"Lockerbie","2021-10-12","98894",TRUE,"Positive"
"Lockerbie","2020-11-12","207612",TRUE,"Positive"
"Lockerbie","2021-01-13","8695",TRUE,"Positive (DNQ)"
"Lockerbie","2021-07-13","6773",TRUE,"Positive (DNQ)"
"Lockerbie","2021-09-13","433831",TRUE,"Positive"
"Lockerbie","2020-10-13","3145",TRUE,"Positive (DNQ)"
"Lockerbie","2021-10-13","62774",TRUE,"Positive"
"Lockerbie","2021-01-14","6241",TRUE,"Positive (DNQ)"
"Lockerbie","2021-04-14","0",TRUE,"Negative"
"Lockerbie","2020-09-14","0",TRUE,"Negative"
"Lockerbie","2021-09-14","119921",TRUE,"Positive"
"Lockerbie","2020-10-14","6296",TRUE,"Positive (DNQ)"
"Lockerbie","2021-12-14","19527",TRUE,"Positive"
"Lockerbie","2021-03-15","0",TRUE,"Negative"
"Lockerbie","2021-06-15","678",TRUE,"Weak Positive"
"Lockerbie","2020-09-15","0",TRUE,"Negative"
"Lockerbie","2021-10-15","54010",TRUE,"Positive"
"Lockerbie","2021-11-15","154719",TRUE,"Positive"
"Lockerbie","2020-09-16","0",TRUE,"Negative"
"Lockerbie","2020-10-16","6594",TRUE,"Positive (DNQ)"
"Lockerbie","2020-12-16","2173",TRUE,"Positive (DNQ)"
"Lockerbie","2021-03-17","1028",TRUE,"Weak Positive"
"Lockerbie","2021-05-17","0",TRUE,"Negative"
"Lockerbie","2021-08-17","178935",TRUE,"Positive"
"Lockerbie","2021-11-17","78694",TRUE,"Positive"
"Lockerbie","2021-12-17","98279",TRUE,"Positive"
"Lockerbie","2021-06-18","0",TRUE,"Negative"
"Lockerbie","2020-09-18","605",TRUE,"Weak Positive"
"Lockerbie","2021-10-18","41774",TRUE,"Positive"
"Lockerbie","2020-11-18","2238",TRUE,"Positive (DNQ)"
"Lockerbie","2021-01-19","0",TRUE,"Negative"
"Lockerbie","2021-05-19","0",TRUE,"Negative"
"Lockerbie","2021-07-19","10002",TRUE,"Positive"
"Lockerbie","2021-08-19","202616",TRUE,"Positive"
"Lockerbie","2020-10-19","3249",TRUE,"Positive (DNQ)"
"Lockerbie","2021-09-20","69017",TRUE,"Positive"
"Lockerbie","2021-10-20","13409",TRUE,"Positive"
"Lockerbie","2020-11-20","1435",TRUE,"Positive (DNQ)"
"Lockerbie","2021-12-20","267439",TRUE,"Positive"
"Lockerbie","2021-02-21","0",TRUE,"Negative"
"Lockerbie","2021-07-21","59426",TRUE,"Positive"
"Lockerbie","2020-09-21","1015",TRUE,"Weak Positive"
"Lockerbie","2021-09-21","99205",TRUE,"Positive"
"Lockerbie","2021-01-22","6255",TRUE,"Positive (DNQ)"
"Lockerbie","2021-02-22",,FALSE,"Analysis Failed"
"Lockerbie","2021-06-22","0",TRUE,"Negative"
"Lockerbie","2020-09-22","0",TRUE,"Negative"
"Lockerbie","2021-11-22","72362",TRUE,"Positive"
"Lockerbie","2021-02-23","0",TRUE,"Negative"
"Lockerbie","2021-03-23","0",TRUE,"Negative"
"Lockerbie","2020-09-23","0",TRUE,"Negative"
"Lockerbie","2021-02-24",,FALSE,"Analysis Failed"
"Lockerbie","2021-05-24","0",TRUE,"Negative"
"Lockerbie","2021-06-24","0",TRUE,"Negative"
"Lockerbie","2021-08-24","61367",TRUE,"Positive"
"Lockerbie","2020-11-24","31715",TRUE,"Positive"
"Lockerbie","2021-11-24","14722",TRUE,"Positive"
"Lockerbie","2021-03-25","0",TRUE,"Negative"
"Lockerbie","2020-09-25","0",TRUE,"Negative"
"Lockerbie","2021-01-26","6488",TRUE,"Positive (DNQ)"
"Lockerbie","2021-04-26","0",TRUE,"Negative"
"Lockerbie","2021-08-26","414502",TRUE,"Positive"
"Lockerbie","2021-05-27","0",TRUE,"Negative"
"Lockerbie","2021-09-27","147935",TRUE,"Positive"
"Lockerbie","2020-10-27","3595",TRUE,"Positive (DNQ)"
"Lockerbie","2020-11-27","9022",TRUE,"Positive (DNQ)"
"Lockerbie","2020-09-28","0",TRUE,"Negative"
"Lockerbie","2021-09-28","53943",TRUE,"Positive"
"Lockerbie","2021-10-28","113863",TRUE,"Positive"
"Lockerbie","2021-01-29","29497",TRUE,"Positive"
"Lockerbie","2021-03-29","0",TRUE,"Negative"
"Lockerbie","2020-09-29","1086",TRUE,"Weak Positive"
"Lockerbie","2021-03-31","0",TRUE,"Negative"
"Lossiemouth","2021-03-01","10973",TRUE,"Positive"
"Lossiemouth","2021-09-01","110748",TRUE,"Positive"
"Lossiemouth","2021-04-02","4776",TRUE,"Positive (DNQ)"
"Lossiemouth","2021-06-02","5031",TRUE,"Positive (DNQ)"
"Lossiemouth","2021-08-02","37348",TRUE,"Positive"
"Lossiemouth","2021-11-02","40378",TRUE,"Positive"
"Lossiemouth","2021-02-03",,FALSE,"Analysis Failed"
"Lossiemouth","2021-03-03","1936",TRUE,"Positive (DNQ)"
"Lossiemouth","2021-05-03","37648",TRUE,"Positive"
"Lossiemouth","2021-09-03","521331",TRUE,"Positive"
"Lossiemouth","2021-06-04","0",TRUE,"Negative"
"Lossiemouth","2021-08-04","82538",TRUE,"Positive"
"Lossiemouth","2021-10-04",,FALSE,"Analysis Failed"
"Lossiemouth","2021-11-04",,FALSE,"Analysis Failed"
"Lossiemouth","2021-02-05",,FALSE,"Analysis Failed"
"Lossiemouth","2021-03-05","1932",TRUE,"Positive (DNQ)"
"Lossiemouth","2021-05-05","8874",TRUE,"Positive (DNQ)"
"Lossiemouth","2021-07-05","64576",TRUE,"Positive"
"Lossiemouth","2021-04-06","1876",TRUE,"Positive (DNQ)"
"Lossiemouth","2021-08-06","35202",TRUE,"Positive"
"Lossiemouth","2021-10-06","108357",TRUE,"Positive"
"Lossiemouth","2021-04-07","21323",TRUE,"Positive"
"Lossiemouth","2021-05-07","14453",TRUE,"Positive"
"Lossiemouth","2021-06-07","0",TRUE,"Negative"
"Lossiemouth","2021-07-07","39971",TRUE,"Positive"
"Lossiemouth","2021-12-07",,FALSE,"Analysis Failed"
"Lossiemouth","2021-02-08","17978",TRUE,"Positive"
"Lossiemouth","2021-03-08","5001",TRUE,"Positive (DNQ)"
"Lossiemouth","2021-09-08","135212",TRUE,"Positive"
"Lossiemouth","2021-04-09","6618",TRUE,"Positive (DNQ)"
"Lossiemouth","2021-06-09","0",TRUE,"Negative"
"Lossiemouth","2021-07-09","93299",TRUE,"Positive"
"Lossiemouth","2021-08-09","35159",TRUE,"Positive"
"Lossiemouth","2021-11-09",,FALSE,"Analysis Failed"
"Lossiemouth","2021-12-09",,FALSE,"Analysis Failed"
"Lossiemouth","2021-02-10",,FALSE,"Analysis Failed"
"Lossiemouth","2021-03-10","0",TRUE,"Negative"
"Lossiemouth","2021-05-10","14334",TRUE,"Positive"
"Lossiemouth","2021-06-11",,FALSE,"Analysis Failed"
"Lossiemouth","2021-08-11","28810",TRUE,"Positive"
"Lossiemouth","2021-10-11","107941",TRUE,"Positive"
"Lossiemouth","2021-11-11",,FALSE,"Analysis Failed"
"Lossiemouth","2021-02-12","2009",TRUE,"Positive (DNQ)"
"Lossiemouth","2021-03-12","3402",TRUE,"Positive (DNQ)"
"Lossiemouth","2021-04-12","8051",TRUE,"Positive (DNQ)"
"Lossiemouth","2021-07-12","37498",TRUE,"Positive"
"Lossiemouth","2021-05-13","13727",TRUE,"Positive"
"Lossiemouth","2021-08-13","47761",TRUE,"Positive"
"Lossiemouth","2021-09-13","177441",TRUE,"Positive"
"Lossiemouth","2021-10-13",,FALSE,"Analysis Failed"
"Lossiemouth","2021-04-14","9485",TRUE,"Positive"
"Lossiemouth","2021-05-14","4679",TRUE,"Positive (DNQ)"
"Lossiemouth","2021-06-14","3021",TRUE,"Positive (DNQ)"
"Lossiemouth","2021-12-14",,FALSE,"Analysis Failed"
"Lossiemouth","2021-02-15","5176",TRUE,"Positive (DNQ)"
"Lossiemouth","2021-03-15","419",TRUE,"Weak Positive"
"Lossiemouth","2021-10-15","136566",TRUE,"Positive"
"Lossiemouth","2021-04-16","16041",TRUE,"Positive"
"Lossiemouth","2021-06-16","3132",TRUE,"Positive (DNQ)"
"Lossiemouth","2021-07-16","103265",TRUE,"Positive"
"Lossiemouth","2021-08-16","154932",TRUE,"Positive"
"Lossiemouth","2021-12-16",,FALSE,"Analysis Failed"
"Lossiemouth","2021-02-17","3080",TRUE,"Positive (DNQ)"
"Lossiemouth","2021-03-17",,FALSE,"Analysis Failed"
"Lossiemouth","2021-05-17","10620",TRUE,"Positive"
"Lossiemouth","2021-09-17","217101",TRUE,"Positive"
"Lossiemouth","2021-06-18","689",TRUE,"Weak Positive"
"Lossiemouth","2021-08-18","59783",TRUE,"Positive"
"Lossiemouth","2021-10-18",,FALSE,"Analysis Failed"
"Lossiemouth","2021-11-18",,FALSE,"Analysis Failed"
"Lossiemouth","2021-02-19",,FALSE,"Analysis Failed"
"Lossiemouth","2021-03-19","2149",TRUE,"Positive (DNQ)"
"Lossiemouth","2021-04-19","9209",TRUE,"Positive (DNQ)"
"Lossiemouth","2021-05-19","2284",TRUE,"Positive (DNQ)"
"Lossiemouth","2021-07-20","69143",TRUE,"Positive"
"Lossiemouth","2021-08-20","36339",TRUE,"Positive"
"Lossiemouth","2021-09-20","69181",TRUE,"Positive"
"Lossiemouth","2021-10-20",,FALSE,"Analysis Failed"
"Lossiemouth","2021-04-21","5151",TRUE,"Positive (DNQ)"
"Lossiemouth","2021-05-21","6535",TRUE,"Positive (DNQ)"
"Lossiemouth","2021-06-21","4454",TRUE,"Positive (DNQ)"
"Lossiemouth","2021-02-22",,FALSE,"Analysis Failed"
"Lossiemouth","2021-03-22","4351",TRUE,"Positive (DNQ)"
"Lossiemouth","2021-10-22",,FALSE,"Analysis Failed"
"Lossiemouth","2021-02-23",,FALSE,"Analysis Failed"
"Lossiemouth","2021-04-23","16397",TRUE,"Positive"
"Lossiemouth","2021-06-23",,FALSE,"Analysis Failed"
"Lossiemouth","2021-07-23","70235",TRUE,"Positive"
"Lossiemouth","2021-08-23","83177",TRUE,"Positive"
"Lossiemouth","2021-11-23",,FALSE,"Analysis Failed"
"Lossiemouth","2021-02-24",,FALSE,"Analysis Failed"
"Lossiemouth","2021-03-24","1476",TRUE,"Positive (DNQ)"
"Lossiemouth","2021-05-24","5590",TRUE,"Positive (DNQ)"
"Lossiemouth","2021-06-25","3307",TRUE,"Positive (DNQ)"
"Lossiemouth","2021-08-25","68700",TRUE,"Positive"
"Lossiemouth","2021-10-25",,FALSE,"Analysis Failed"
"Lossiemouth","2021-11-25",,FALSE,"Analysis Failed"
"Lossiemouth","2021-02-26","15532",TRUE,"Positive"
"Lossiemouth","2021-03-26","14567",TRUE,"Positive"
"Lossiemouth","2021-04-26","13905",TRUE,"Positive"
"Lossiemouth","2021-05-26","3580",TRUE,"Positive (DNQ)"
"Lossiemouth","2021-07-26","127224",TRUE,"Positive"
"Lossiemouth","2021-08-27","87522",TRUE,"Positive"
"Lossiemouth","2021-10-27",,FALSE,"Analysis Failed"
"Lossiemouth","2021-04-28","3979",TRUE,"Positive (DNQ)"
"Lossiemouth","2021-05-28","862",TRUE,"Weak Positive"
"Lossiemouth","2021-06-28","6192",TRUE,"Positive (DNQ)"
"Lossiemouth","2021-07-28","52826",TRUE,"Positive"
"Lossiemouth","2021-03-29","20490",TRUE,"Positive"
"Lossiemouth","2021-10-29",,FALSE,"Analysis Failed"
"Lossiemouth","2021-04-30","10075",TRUE,"Positive"
"Lossiemouth","2021-07-30",,FALSE,"Analysis Failed"
"Lossiemouth","2021-08-30","256676",TRUE,"Positive"
"Lossiemouth","2021-11-30",,FALSE,"Analysis Failed"
"Lossiemouth","2021-03-31","3775",TRUE,"Positive (DNQ)"
"Lossiemouth","2021-05-31","0",TRUE,"Negative"
"Mauldslie","2021-02-01","108092",TRUE,"Positive"
"Mauldslie","2021-04-02","16854",TRUE,"Positive"
"Mauldslie","2021-03-03","35917",TRUE,"Positive"
"Mauldslie","2021-06-03","2155",TRUE,"Positive (DNQ)"
"Mauldslie","2021-10-05","86799",TRUE,"Positive"
"Mauldslie","2021-11-05","88347",TRUE,"Positive"
"Mauldslie","2021-05-06","4809",TRUE,"Positive (DNQ)"
"Mauldslie","2021-01-08","57581",TRUE,"Positive"
"Mauldslie","2021-03-08","14402",TRUE,"Positive"
"Mauldslie","2021-07-09","90578",TRUE,"Positive"
"Mauldslie","2021-02-10","16401",TRUE,"Positive"
"Mauldslie","2021-04-10","18240",TRUE,"Positive"
"Mauldslie","2021-01-11","118803",TRUE,"Positive"
"Mauldslie","2021-05-11","13612",TRUE,"Positive"
"Mauldslie","2021-06-11","10347",TRUE,"Positive (DNQ)"
"Mauldslie","2021-11-12","200547",TRUE,"Positive"
"Mauldslie","2021-02-15","72378",TRUE,"Positive"
"Mauldslie","2021-06-15","96411",TRUE,"Positive"
"Mauldslie","2021-12-16","75454",TRUE,"Positive"
"Mauldslie","2021-05-17","14924",TRUE,"Positive"
"Mauldslie","2021-03-18","7695",TRUE,"Positive (DNQ)"
"Mauldslie","2021-01-19","102175",TRUE,"Positive"
"Mauldslie","2021-11-19","97619",TRUE,"Positive"
"Mauldslie","2021-12-20","912198",TRUE,"Positive"
"Mauldslie","2021-07-21","188219",TRUE,"Positive"
"Mauldslie","2021-10-21","133213",TRUE,"Positive"
"Mauldslie","2021-02-23","17976",TRUE,"Positive"
"Mauldslie","2021-08-23","324400",TRUE,"Positive"
"Mauldslie","2021-05-25","8646",TRUE,"Positive (DNQ)"
"Mauldslie","2021-06-25","48573",TRUE,"Positive"
"Mauldslie","2021-01-26","12821",TRUE,"Positive"
"Mauldslie","2021-03-26","20132",TRUE,"Positive"
"Mauldslie","2021-04-27","8033",TRUE,"Positive (DNQ)"
"Mauldslie","2021-07-27","122225",TRUE,"Positive"
"Mauldslie","2021-06-30","20158",TRUE,"Positive"
"Mauldslie","2021-08-30","940753",TRUE,"Positive"
"Maybole","2021-03-01","440",TRUE,"Weak Positive"
"Maybole","2021-06-02","0",TRUE,"Negative"
"Maybole","2021-02-03","2116",TRUE,"Positive (DNQ)"
"Maybole","2021-04-06","0",TRUE,"Negative"
"Maybole","2021-07-06","46072",TRUE,"Positive"
"Maybole","2021-10-06","5148",TRUE,"Weak Positive"
"Maybole","2021-12-06","137081",TRUE,"Positive"
"Maybole","2021-01-07",,FALSE,"Analysis Failed"
"Maybole","2021-05-07","0",TRUE,"Negative"
"Maybole","2021-03-08","0",TRUE,"Negative"
"Maybole","2021-09-08","386705",TRUE,"Positive"
"Maybole","2021-06-09","5454",TRUE,"Positive (DNQ)"
"Maybole","2021-05-10","1246",TRUE,"Weak Positive"
"Maybole","2021-02-11","20933",TRUE,"Positive"
"Maybole","2021-04-12","418",TRUE,"Weak Positive"
"Maybole","2021-11-12","217192",TRUE,"Positive"
"Maybole","2021-07-13","46217",TRUE,"Positive"
"Maybole","2021-09-13","564251",TRUE,"Positive"
"Maybole","2021-01-14","6536",TRUE,"Positive (DNQ)"
"Maybole","2021-03-15","25856",TRUE,"Positive"
"Maybole","2021-06-16","28477",TRUE,"Positive"
"Maybole","2021-01-19","13034",TRUE,"Positive"
"Maybole","2021-02-19","523",TRUE,"Weak Positive"
"Maybole","2021-05-19","409",TRUE,"Weak Positive"
"Maybole","2021-07-20","10520",TRUE,"Positive"
"Maybole","2021-09-20","108128",TRUE,"Positive"
"Maybole","2021-12-20","335410",TRUE,"Positive"
"Maybole","2021-03-22","0",TRUE,"Negative"
"Maybole","2021-06-22","4654",TRUE,"Positive (DNQ)"
"Maybole","2021-11-22","237482",TRUE,"Positive"
"Maybole","2021-02-23","0",TRUE,"Negative"
"Maybole","2021-05-26","0",TRUE,"Negative"
"Maybole","2021-04-28","0",TRUE,"Negative"
"Maybole","2021-06-29","85800",TRUE,"Positive"
"Maybole","2021-03-30","1033",TRUE,"Weak Positive"
"Maybole","2021-08-31","411579",TRUE,"Positive"
"Meadowhead","2021-02-01","80131",TRUE,"Positive"
"Meadowhead","2021-03-01","25290",TRUE,"Positive"
"Meadowhead","2020-09-01","3172",TRUE,"Positive (DNQ)"
"Meadowhead","2021-09-01","464704",TRUE,"Positive"
"Meadowhead","2020-10-01","24566",TRUE,"Positive"
"Meadowhead","2021-10-01","74660",TRUE,"Positive"
"Meadowhead","2021-11-01","23705",TRUE,"Positive"
"Meadowhead","2021-12-01","82569",TRUE,"Positive"
"Meadowhead","2021-04-02","15917",TRUE,"Positive"
"Meadowhead","2021-06-02","32919",TRUE,"Positive"
"Meadowhead","2021-08-02","92033",TRUE,"Positive"
"Meadowhead","2020-11-02","25865",TRUE,"Positive"
"Meadowhead","2021-11-02","51300",TRUE,"Positive"
"Meadowhead","2021-02-03","29514",TRUE,"Positive"
"Meadowhead","2021-03-03","29724",TRUE,"Positive"
"Meadowhead","2021-09-03","770952",TRUE,"Positive"
"Meadowhead","2021-11-03","94075",TRUE,"Positive"
"Meadowhead","2021-01-04","93689",TRUE,"Positive"
"Meadowhead","2021-06-04","44275",TRUE,"Positive"
"Meadowhead","2021-08-04","28935",TRUE,"Positive"
"Meadowhead","2021-10-04","162395",TRUE,"Positive"
"Meadowhead","2021-02-05","29877",TRUE,"Positive"
"Meadowhead","2021-03-05","6970",TRUE,"Positive (DNQ)"
"Meadowhead","2021-05-05","4585",TRUE,"Positive (DNQ)"
"Meadowhead","2021-11-05","107429",TRUE,"Positive"
"Meadowhead","2021-01-06","87302",TRUE,"Positive"
"Meadowhead","2021-04-06","24404",TRUE,"Positive"
"Meadowhead","2021-08-06","76507",TRUE,"Positive"
"Meadowhead","2021-09-06",,FALSE,"Analysis Failed"
"Meadowhead","2021-10-06","85748",TRUE,"Positive"
"Meadowhead","2020-11-06","25602",TRUE,"Positive"
"Meadowhead","2020-12-06","3775",TRUE,"Positive (DNQ)"
"Meadowhead","2021-12-06","147548",TRUE,"Positive"
"Meadowhead","2021-04-07","15625",TRUE,"Positive"
"Meadowhead","2021-05-07","5771",TRUE,"Positive (DNQ)"
"Meadowhead","2021-06-07","64184",TRUE,"Positive"
"Meadowhead","2021-07-07","63068",TRUE,"Positive"
"Meadowhead","2020-09-07","0",TRUE,"Negative"
"Meadowhead","2020-10-07","32713",TRUE,"Positive"
"Meadowhead","2021-10-07","52148",TRUE,"Positive"
"Meadowhead","2021-12-07","73091",TRUE,"Positive"
"Meadowhead","2021-01-08","152021",TRUE,"Positive"
"Meadowhead","2021-02-08","65437",TRUE,"Positive"
"Meadowhead","2021-03-08","28038",TRUE,"Positive"
"Meadowhead","2021-09-08","452018",TRUE,"Positive"
"Meadowhead","2021-10-08","69751",TRUE,"Positive"
"Meadowhead","2021-11-08","119217",TRUE,"Positive"
"Meadowhead","2021-12-08","17991",TRUE,"Positive"
"Meadowhead","2021-04-09","8805",TRUE,"Positive (DNQ)"
"Meadowhead","2021-06-09","74122",TRUE,"Positive"
"Meadowhead","2021-07-09","86269",TRUE,"Positive"
"Meadowhead","2021-08-09","26286",TRUE,"Positive"
"Meadowhead","2021-11-09","81920",TRUE,"Positive"
"Meadowhead","2021-12-09","47933",TRUE,"Positive"
"Meadowhead","2021-02-10","106919",TRUE,"Positive"
"Meadowhead","2021-03-10","14514",TRUE,"Positive"
"Meadowhead","2021-05-10","10292",TRUE,"Positive"
"Meadowhead","2021-09-10","366461",TRUE,"Positive"
"Meadowhead","2021-11-10","17365",TRUE,"Positive"
"Meadowhead","2021-01-11","100033",TRUE,"Positive"
"Meadowhead","2021-06-11","97333",TRUE,"Positive"
"Meadowhead","2021-08-11","35610",TRUE,"Positive"
"Meadowhead","2021-10-11","99295",TRUE,"Positive"
"Meadowhead","2021-02-12","149047",TRUE,"Positive"
"Meadowhead","2021-03-12","21303",TRUE,"Positive"
"Meadowhead","2021-04-12","5634",TRUE,"Positive (DNQ)"
"Meadowhead","2021-05-12","4361",TRUE,"Positive (DNQ)"
"Meadowhead","2021-07-12","54884",TRUE,"Positive"
"Meadowhead","2020-11-12","77373",TRUE,"Positive"
"Meadowhead","2021-11-12","105399",TRUE,"Positive"
"Meadowhead","2021-01-13","104826",TRUE,"Positive"
"Meadowhead","2021-08-13","116202",TRUE,"Positive"
"Meadowhead","2021-09-13","1096829",TRUE,"Positive"
"Meadowhead","2020-10-13","28078",TRUE,"Positive"
"Meadowhead","2021-10-13","130180",TRUE,"Positive"
"Meadowhead","2021-12-13","77321",TRUE,"Positive"
"Meadowhead","2021-04-14","13638",TRUE,"Positive"
"Meadowhead","2021-05-14",,FALSE,"Analysis Failed"
"Meadowhead","2021-06-14","27584",TRUE,"Positive"
"Meadowhead","2020-09-14","888",TRUE,"Weak Positive"
"Meadowhead","2020-12-14","39395",TRUE,"Positive"
"Meadowhead","2021-12-14","188161",TRUE,"Positive"
"Meadowhead","2021-01-15","21266",TRUE,"Positive"
"Meadowhead","2021-02-15","59257",TRUE,"Positive"
"Meadowhead","2021-03-15","7733",TRUE,"Positive (DNQ)"
"Meadowhead","2021-10-15","119520",TRUE,"Positive"
"Meadowhead","2021-11-15","94760",TRUE,"Positive"
"Meadowhead","2021-12-15","79288",TRUE,"Positive"
"Meadowhead","2021-06-16","8809",TRUE,"Positive (DNQ)"
"Meadowhead","2021-07-16","103493",TRUE,"Positive"
"Meadowhead","2021-08-16","208545",TRUE,"Positive"
"Meadowhead","2020-12-16","33427",TRUE,"Positive"
"Meadowhead","2021-12-16","68483",TRUE,"Positive"
"Meadowhead","2021-02-17","17907",TRUE,"Positive"
"Meadowhead","2021-03-17","27639",TRUE,"Positive"
"Meadowhead","2021-05-17","11484",TRUE,"Positive"
"Meadowhead","2021-09-17","112508",TRUE,"Positive"
"Meadowhead","2021-11-17","54634",TRUE,"Positive"
"Meadowhead","2021-01-18","57504",TRUE,"Positive"
"Meadowhead","2021-06-18","40804",TRUE,"Positive"
"Meadowhead","2021-08-18","117571",TRUE,"Positive"
"Meadowhead","2021-10-18","61023",TRUE,"Positive"
"Meadowhead","2021-11-18","66641",TRUE,"Positive"
"Meadowhead","2021-02-19","47969",TRUE,"Positive"
"Meadowhead","2021-03-19","11061",TRUE,"Positive"
"Meadowhead","2021-05-19","16459",TRUE,"Positive"
"Meadowhead","2021-07-19","72079",TRUE,"Positive"
"Meadowhead","2020-10-19","67947",TRUE,"Positive"
"Meadowhead","2021-11-19","70709",TRUE,"Positive"
"Meadowhead","2021-01-20","5337",TRUE,"Positive (DNQ)"
"Meadowhead","2021-08-20","291981",TRUE,"Positive"
"Meadowhead","2021-10-20","31767",TRUE,"Positive"
"Meadowhead","2021-12-20","181318",TRUE,"Positive"
"Meadowhead","2021-05-21","38073",TRUE,"Positive"
"Meadowhead","2021-06-21","54526",TRUE,"Positive"
"Meadowhead","2021-07-21","116706",TRUE,"Positive"
"Meadowhead","2020-09-21","6162",TRUE,"Positive (DNQ)"
"Meadowhead","2021-01-22","53672",TRUE,"Positive"
"Meadowhead","2021-02-22",,FALSE,"Analysis Failed"
"Meadowhead","2021-03-22","39682",TRUE,"Positive"
"Meadowhead","2021-09-22",,FALSE,"Analysis Failed"
"Meadowhead","2021-10-22","83718",TRUE,"Positive"
"Meadowhead","2021-11-22","167710",TRUE,"Positive"
"Meadowhead","2021-04-23","7998",TRUE,"Positive (DNQ)"
"Meadowhead","2021-07-23","112241",TRUE,"Positive"
"Meadowhead","2021-08-23","178647",TRUE,"Positive"
"Meadowhead","2021-11-23","146446",TRUE,"Positive"
"Meadowhead","2021-02-24","11118",TRUE,"Positive"
"Meadowhead","2021-03-24","20146",TRUE,"Positive"
"Meadowhead","2021-05-24","13853",TRUE,"Positive"
"Meadowhead","2021-06-24","43082",TRUE,"Positive"
"Meadowhead","2021-09-24","232561",TRUE,"Positive"
"Meadowhead","2020-11-24","24106",TRUE,"Positive"
"Meadowhead","2021-11-24","48975",TRUE,"Positive"
"Meadowhead","2021-01-25","69566",TRUE,"Positive"
"Meadowhead","2021-06-25","103714",TRUE,"Positive"
"Meadowhead","2020-09-25","5637",TRUE,"Positive (DNQ)"
"Meadowhead","2021-10-25",,FALSE,"Analysis Failed"
"Meadowhead","2021-11-25","121908",TRUE,"Positive"
"Meadowhead","2021-02-26","26210",TRUE,"Positive"
"Meadowhead","2021-03-26",,FALSE,"Analysis Failed"
"Meadowhead","2021-03-26","14672",TRUE,"Positive"
"Meadowhead","2021-05-26","19884",TRUE,"Positive"
"Meadowhead","2021-07-26","116969",TRUE,"Positive"
"Meadowhead","2021-08-26","67322",TRUE,"Positive"
"Meadowhead","2020-10-26","9637",TRUE,"Positive (DNQ)"
"Meadowhead","2021-01-27","17698",TRUE,"Positive"
"Meadowhead","2021-08-27","521953",TRUE,"Positive"
"Meadowhead","2021-09-27","336200",TRUE,"Positive"
"Meadowhead","2021-10-27","140850",TRUE,"Positive"
"Meadowhead","2021-04-28","17398",TRUE,"Positive"
"Meadowhead","2021-05-28","19628",TRUE,"Positive"
"Meadowhead","2021-06-28","54177",TRUE,"Positive"
"Meadowhead","2021-07-28","62732",TRUE,"Positive"
"Meadowhead","2021-01-29","43347",TRUE,"Positive"
"Meadowhead","2021-03-29",,FALSE,"Analysis Failed"
"Meadowhead","2021-03-29","13954",TRUE,"Positive"
"Meadowhead","2021-09-29","211548",TRUE,"Positive"
"Meadowhead","2021-10-29","34638",TRUE,"Positive"
"Meadowhead","2021-11-29","63855",TRUE,"Positive"
"Meadowhead","2020-12-29","136934",TRUE,"Positive"
"Meadowhead","2021-12-29","374463",TRUE,"Positive"
"Meadowhead","2021-04-30","4017",TRUE,"Positive (DNQ)"
"Meadowhead","2021-07-30","59954",TRUE,"Positive"
"Meadowhead","2021-08-30","981122",TRUE,"Positive"
"Meadowhead","2020-11-30","77370",TRUE,"Positive"
"Meadowhead","2021-11-30","168801",TRUE,"Positive"
"Meadowhead","2021-03-31","15011",TRUE,"Positive"
"Meadowhead","2021-05-31","30418",TRUE,"Positive"
"Meadowhead - Kilmarnock HMP","2021-09-01","54490",TRUE,"Positive"
"Meadowhead - Kilmarnock HMP","2021-10-01","5151107",TRUE,"Positive"
"Meadowhead - Kilmarnock HMP","2021-11-01","40809",TRUE,"Positive"
"Meadowhead - Kilmarnock HMP","2021-06-02","8352",TRUE,"Positive (DNQ)"
"Meadowhead - Kilmarnock HMP","2021-07-02","14353",TRUE,"Positive"
"Meadowhead - Kilmarnock HMP","2021-11-03","63292",TRUE,"Positive"
"Meadowhead - Kilmarnock HMP","2021-07-05",,FALSE,"Analysis Failed"
"Meadowhead - Kilmarnock HMP","2021-12-06","21067",TRUE,"Positive"
"Meadowhead - Kilmarnock HMP","2021-06-07","3169",TRUE,"Positive (DNQ)"
"Meadowhead - Kilmarnock HMP","2021-07-08","49762",TRUE,"Positive"
"Meadowhead - Kilmarnock HMP","2021-09-08","297567",TRUE,"Positive"
"Meadowhead - Kilmarnock HMP","2021-10-08",,FALSE,"Analysis Failed"
"Meadowhead - Kilmarnock HMP","2021-11-08","246918",TRUE,"Positive"
"Meadowhead - Kilmarnock HMP","2021-12-08","2348",TRUE,"Weak Positive"
"Meadowhead - Kilmarnock HMP","2021-06-09","683",TRUE,"Weak Positive"
"Meadowhead - Kilmarnock HMP","2021-08-09","9206",TRUE,"Positive (DNQ)"
"Meadowhead - Kilmarnock HMP","2021-09-10",,FALSE,"Analysis Failed"
"Meadowhead - Kilmarnock HMP","2021-11-10","1632",TRUE,"Weak Positive"
"Meadowhead - Kilmarnock HMP","2021-08-11","1030",TRUE,"Weak Positive"
"Meadowhead - Kilmarnock HMP","2021-07-12","122035",TRUE,"Positive"
"Meadowhead - Kilmarnock HMP","2021-10-12","67180",TRUE,"Positive"
"Meadowhead - Kilmarnock HMP","2021-05-13","3254",TRUE,"Positive (DNQ)"
"Meadowhead - Kilmarnock HMP","2021-12-13","5501",TRUE,"Weak Positive"
"Meadowhead - Kilmarnock HMP","2021-05-14","9203",TRUE,"Positive (DNQ)"
"Meadowhead - Kilmarnock HMP","2021-10-14",,FALSE,"Analysis Failed"
"Meadowhead - Kilmarnock HMP","2021-06-15","7275",TRUE,"Positive (DNQ)"
"Meadowhead - Kilmarnock HMP","2021-11-15","11805",TRUE,"Positive"
"Meadowhead - Kilmarnock HMP","2021-12-15","9569",TRUE,"Positive"
"Meadowhead - Kilmarnock HMP","2021-08-16","0",TRUE,"Negative"
"Meadowhead - Kilmarnock HMP","2021-05-17","7909",TRUE,"Positive (DNQ)"
"Meadowhead - Kilmarnock HMP","2021-06-17",,FALSE,"Analysis Failed"
"Meadowhead - Kilmarnock HMP","2021-11-17","6202",TRUE,"Weak Positive"
"Meadowhead - Kilmarnock HMP","2021-05-18","41352",TRUE,"Positive"
"Meadowhead - Kilmarnock HMP","2021-08-18","4583",TRUE,"Weak Positive"
"Meadowhead - Kilmarnock HMP","2021-10-18","13966",TRUE,"Positive"
"Meadowhead - Kilmarnock HMP","2021-05-19","2646",TRUE,"Positive (DNQ)"
"Meadowhead - Kilmarnock HMP","2021-05-20","2691",TRUE,"Positive (DNQ)"
"Meadowhead - Kilmarnock HMP","2021-07-20","8052",TRUE,"Positive (DNQ)"
"Meadowhead - Kilmarnock HMP","2021-05-21","2384",TRUE,"Positive (DNQ)"
"Meadowhead - Kilmarnock HMP","2021-07-21","143673",TRUE,"Positive"
"Meadowhead - Kilmarnock HMP","2021-11-22","184182",TRUE,"Positive"
"Meadowhead - Kilmarnock HMP","2021-06-23",,FALSE,"Analysis Failed"
"Meadowhead - Kilmarnock HMP","2021-08-23",,FALSE,"Analysis Failed"
"Meadowhead - Kilmarnock HMP","2021-05-24","3801",TRUE,"Positive (DNQ)"
"Meadowhead - Kilmarnock HMP","2021-09-24",,FALSE,"Analysis Failed"
"Meadowhead - Kilmarnock HMP","2021-11-24","108524",TRUE,"Positive"
"Meadowhead - Kilmarnock HMP","2021-06-25","687",TRUE,"Weak Positive"
"Meadowhead - Kilmarnock HMP","2021-08-25","14879",TRUE,"Positive"
"Meadowhead - Kilmarnock HMP","2021-10-25","315466",TRUE,"Positive"
"Meadowhead - Kilmarnock HMP","2021-05-26","3058",TRUE,"Positive (DNQ)"
"Meadowhead - Kilmarnock HMP","2021-07-26","55456",TRUE,"Positive"
"Meadowhead - Kilmarnock HMP","2021-10-27","585320",TRUE,"Positive"
"Meadowhead - Kilmarnock HMP","2021-09-28",,FALSE,"Analysis Failed"
"Meadowhead - Kilmarnock HMP","2021-06-29","465317",TRUE,"Positive"
"Meadowhead - Kilmarnock HMP","2021-07-29","41543",TRUE,"Positive"
"Meadowhead - Kilmarnock HMP","2021-11-29","22774",TRUE,"Positive"
"Meadowhead - Kilmarnock HMP","2021-08-30","135908",TRUE,"Positive"
"Meadowhead - Kilmarnock HMP","2021-05-31","1422",TRUE,"Positive (DNQ)"
"Montrose","2021-12-01","58070",TRUE,"Positive"
"Montrose","2021-11-02","133917",TRUE,"Positive"
"Montrose","2021-11-04","82004",TRUE,"Positive"
"Montrose","2021-12-07","23010",TRUE,"Positive"
"Montrose","2021-11-09","98408",TRUE,"Positive"
"Montrose","2021-12-09","40342",TRUE,"Positive"
"Montrose","2021-11-11","44772",TRUE,"Positive"
"Montrose","2021-12-14","23350",TRUE,"Positive"
"Montrose","2021-12-16","21031",TRUE,"Positive"
"Montrose","2021-11-18","264169",TRUE,"Positive"
"Montrose","2021-12-20","124611",TRUE,"Positive"
"Montrose","2021-11-23","249927",TRUE,"Positive"
"Montrose","2021-11-25",,FALSE,"Analysis Failed"
"Montrose","2021-11-29","143166",TRUE,"Positive"
"Muirkirk","2021-03-02","3741",TRUE,"Positive (DNQ)"
"Muirkirk","2021-03-03","11361",TRUE,"Positive"
"Muirkirk","2021-05-05","976",TRUE,"Weak Positive"
"Muirkirk","2021-04-06",,FALSE,"Analysis Failed"
"Muirkirk","2021-05-07","0",TRUE,"Negative"
"Muirkirk","2021-03-08","2054",TRUE,"Positive (DNQ)"
"Muirkirk","2021-04-08","13998",TRUE,"Positive"
"Muirkirk","2021-03-09","4088",TRUE,"Positive (DNQ)"
"Muirkirk","2021-02-10","49531",TRUE,"Positive"
"Muirkirk","2021-02-11","10106",TRUE,"Positive"
"Muirkirk","2021-04-12","92630",TRUE,"Positive"
"Muirkirk","2021-03-15","0",TRUE,"Negative"
"Muirkirk","2021-02-17","3649",TRUE,"Positive (DNQ)"
"Muirkirk","2021-02-19","1198",TRUE,"Weak Positive"
"Muirkirk","2021-03-19",,FALSE,"Analysis Failed"
"Muirkirk","2021-03-19","0",TRUE,"Negative"
"Muirkirk","2021-03-22","818",TRUE,"Weak Positive"
"Muirkirk","2021-02-23",,FALSE,"Analysis Failed"
"Muirkirk","2021-02-23","4967",TRUE,"Positive (DNQ)"
"Muirkirk","2021-03-23","16568",TRUE,"Positive"
"Muirkirk","2021-02-24","830",TRUE,"Weak Positive"
"Muirkirk","2021-04-28","336",TRUE,"Weak Positive"
"Muirkirk","2021-04-29","297",TRUE,"Weak Positive"
"Muirkirk","2021-03-30","0",TRUE,"Negative"
"Muirkirk","2021-03-30",,FALSE,"Analysis Failed"
"Muirkirk","2021-03-31",,FALSE,"Analysis Failed"
"Nairn","2021-02-01","1697",TRUE,"Positive (DNQ)"
"Nairn","2021-04-01","798",TRUE,"Weak Positive"
"Nairn","2021-07-01","87833",TRUE,"Positive"
"Nairn","2020-12-01","0",TRUE,"Negative"
"Nairn","2021-12-01","119229",TRUE,"Positive"
"Nairn","2021-03-02","437",TRUE,"Weak Positive"
"Nairn","2021-08-02","19621",TRUE,"Positive"
"Nairn","2020-09-02","0",TRUE,"Negative"
"Nairn","2021-09-02","83704",TRUE,"Positive"
"Nairn","2021-06-03","0",TRUE,"Negative"
"Nairn","2021-08-03","92568",TRUE,"Positive"
"Nairn","2020-11-03","2390",TRUE,"Positive (DNQ)"
"Nairn","2021-11-03",,FALSE,"Analysis Failed"
"Nairn","2021-01-05","14404",TRUE,"Positive"
"Nairn","2021-05-05","0",TRUE,"Negative"
"Nairn","2021-10-05","20942",TRUE,"Positive"
"Nairn","2021-04-06","6607",TRUE,"Positive (DNQ)"
"Nairn","2021-07-06","205558",TRUE,"Positive"
"Nairn","2021-12-07",,FALSE,"Analysis Failed"
"Nairn","2021-02-08","115707",TRUE,"Positive"
"Nairn","2020-12-08","0",TRUE,"Negative"
"Nairn","2021-06-09","9999",TRUE,"Positive (DNQ)"
"Nairn","2021-08-09","18659",TRUE,"Positive"
"Nairn","2020-09-09","0",TRUE,"Negative"
"Nairn","2021-09-09","51333",TRUE,"Positive"
"Nairn","2020-10-09","8924",TRUE,"Positive (DNQ)"
"Nairn","2020-11-09","835",TRUE,"Weak Positive"
"Nairn","2021-11-09","75567",TRUE,"Positive"
"Nairn","2021-03-10",,FALSE,"Analysis Failed"
"Nairn","2021-01-11","32871",TRUE,"Positive"
"Nairn","2021-05-12","685",TRUE,"Weak Positive"
"Nairn","2021-07-12","59509",TRUE,"Positive"
"Nairn","2021-09-13","119155",TRUE,"Positive"
"Nairn","2021-04-14","0",TRUE,"Negative"
"Nairn","2020-09-14","0",TRUE,"Negative"
"Nairn","2021-10-14","197413",TRUE,"Positive"
"Nairn","2021-12-14","31833",TRUE,"Positive"
"Nairn","2021-02-16","5226",TRUE,"Positive (DNQ)"
"Nairn","2021-03-16","4870",TRUE,"Positive (DNQ)"
"Nairn","2020-12-16","0",TRUE,"Negative"
"Nairn","2021-06-17","1608",TRUE,"Positive (DNQ)"
"Nairn","2021-05-18","402",TRUE,"Weak Positive"
"Nairn","2021-10-18","45240",TRUE,"Positive"
"Nairn","2020-11-18","0",TRUE,"Negative"
"Nairn","2021-11-18","36775",TRUE,"Positive"
"Nairn","2021-01-19","5079",TRUE,"Positive"
"Nairn","2021-07-20","10311",TRUE,"Positive"
"Nairn","2020-10-21","4410",TRUE,"Positive (DNQ)"
"Nairn","2021-02-22","2871",TRUE,"Positive (DNQ)"
"Nairn","2020-09-23","0",TRUE,"Negative"
"Nairn","2021-03-24","1176",TRUE,"Weak Positive"
"Nairn","2021-01-25",,FALSE,"Analysis Failed"
"Nairn","2021-06-25","51612",TRUE,"Positive"
"Nairn","2021-10-25","98417",TRUE,"Positive"
"Nairn","2020-11-25","907",TRUE,"Weak Positive"
"Nairn","2021-04-26","0",TRUE,"Negative"
"Nairn","2021-08-26","204045",TRUE,"Positive"
"Nairn","2021-05-27",,FALSE,"Analysis Failed"
"Nairn","2020-10-28","6535",TRUE,"Positive (DNQ)"
"Nairn","2020-09-29","33918",TRUE,"Positive"
"Nairn","2021-09-29","16606",TRUE,"Positive"
"Neilston","2021-03-01","6824",TRUE,"Positive (DNQ)"
"Neilston","2021-06-01","4585",TRUE,"Positive (DNQ)"
"Neilston","2021-11-01","14035",TRUE,"Positive"
"Neilston","2021-03-02","0",TRUE,"Negative"
"Neilston","2021-09-03","314772",TRUE,"Positive"
"Neilston","2021-10-04","15240",TRUE,"Positive"
"Neilston","2021-05-05","0",TRUE,"Negative"
"Neilston","2021-11-05","166564",TRUE,"Positive"
"Neilston","2021-05-06","832",TRUE,"Weak Positive"
"Neilston","2021-09-06","258666",TRUE,"Positive"
"Neilston","2021-10-06","7384",TRUE,"Positive (DNQ)"
"Neilston","2021-12-06",,FALSE,"Analysis Failed"
"Neilston","2021-04-07","716",TRUE,"Weak Positive"
"Neilston","2021-09-07","159998",TRUE,"Positive"
"Neilston","2021-04-08","794",TRUE,"Weak Positive"
"Neilston","2021-06-08","1802",TRUE,"Positive (DNQ)"
"Neilston","2021-03-09","64433",TRUE,"Positive"
"Neilston","2021-06-09","10726",TRUE,"Positive (DNQ)"
"Neilston","2021-07-09","268356",TRUE,"Positive"
"Neilston","2021-11-09","12491",TRUE,"Positive"
"Neilston","2021-03-10","21229",TRUE,"Positive"
"Neilston","2021-05-11","0",TRUE,"Negative"
"Neilston","2021-07-12","96823",TRUE,"Positive"
"Neilston","2021-11-12","32893",TRUE,"Positive"
"Neilston","2021-04-13","656",TRUE,"Weak Positive"
"Neilston","2021-05-13","0",TRUE,"Negative"
"Neilston","2021-06-14","11411",TRUE,"Positive (DNQ)"
"Neilston","2021-03-15","2715",TRUE,"Positive (DNQ)"
"Neilston","2021-04-15","2861",TRUE,"Positive (DNQ)"
"Neilston","2021-11-15","120329",TRUE,"Positive"
"Neilston","2021-02-16","1677",TRUE,"Positive (DNQ)"
"Neilston","2021-03-16","2168",TRUE,"Positive (DNQ)"
"Neilston","2021-11-16","50748",TRUE,"Positive"
"Neilston","2021-02-17","3433",TRUE,"Positive (DNQ)"
"Neilston","2021-05-17","0",TRUE,"Negative"
"Neilston","2021-06-17","2214",TRUE,"Positive (DNQ)"
"Neilston","2021-09-17","191262",TRUE,"Positive"
"Neilston","2021-05-18","8995",TRUE,"Positive (DNQ)"
"Neilston","2021-07-20","36638",TRUE,"Positive"
"Neilston","2021-07-21","192820",TRUE,"Positive"
"Neilston","2021-10-21","31965",TRUE,"Positive"
"Neilston","2021-06-22","5832",TRUE,"Positive (DNQ)"
"Neilston","2021-10-22","99929",TRUE,"Positive"
"Neilston","2021-11-22","13856",TRUE,"Positive"
"Neilston","2021-02-23","2158",TRUE,"Positive (DNQ)"
"Neilston","2021-02-24","1512",TRUE,"Weak Positive"
"Neilston","2021-03-24","2306",TRUE,"Positive (DNQ)"
"Neilston","2021-05-24","4758",TRUE,"Positive (DNQ)"
"Neilston","2021-06-24","25787",TRUE,"Positive"
"Neilston","2021-11-24","114137",TRUE,"Positive"
"Neilston","2021-03-25","2152",TRUE,"Positive (DNQ)"
"Neilston","2021-05-25","550",TRUE,"Weak Positive"
"Neilston","2021-04-26","565",TRUE,"Weak Positive"
"Neilston","2021-10-26","99886",TRUE,"Positive"
"Neilston","2021-07-27","84256",TRUE,"Positive"
"Neilston","2021-06-28","20177",TRUE,"Positive"
"Neilston","2021-09-29","123312",TRUE,"Positive"
"Neilston","2021-10-29","8000",TRUE,"Positive (DNQ)"
"Neilston","2021-03-30","0",TRUE,"Negative"
"Neilston","2021-03-30",,FALSE,"Analysis Failed"
"Neilston","2021-06-30","13452",TRUE,"Positive"
"Neilston","2021-08-30","892676",TRUE,"Positive"
"Neilston","2021-03-31",,FALSE,"Analysis Failed"
"Newbridge","2021-11-01","52851",TRUE,"Positive"
"Newbridge","2021-11-03","116248",TRUE,"Positive"
"Newbridge","2021-11-05","125769",TRUE,"Positive"
"Newbridge","2021-12-06","246695",TRUE,"Positive"
"Newbridge","2021-11-08","163308",TRUE,"Positive"
"Newbridge","2021-12-08","44478",TRUE,"Positive"
"Newbridge","2021-11-10","80106",TRUE,"Positive"
"Newbridge","2021-12-10","63951",TRUE,"Positive"
"Newbridge","2021-11-12","146986",TRUE,"Positive"
"Newbridge","2021-11-15","82841",TRUE,"Positive"
"Newbridge","2021-12-15","348403",TRUE,"Positive"
"Newbridge","2021-12-17","175210",TRUE,"Positive"
"Newbridge","2021-11-19","91449",TRUE,"Positive"
"Newbridge","2021-12-20",,FALSE,"Analysis Failed"
"Newbridge","2021-11-22","182735",TRUE,"Positive"
"Newbridge","2021-11-24","253943",TRUE,"Positive"
"Newbridge","2021-11-29","99098",TRUE,"Positive"
"Newburgh","2021-03-01","6725",TRUE,"Positive (DNQ)"
"Newburgh","2021-04-01","3797",TRUE,"Positive (DNQ)"
"Newburgh","2021-09-01","124866",TRUE,"Positive"
"Newburgh","2021-12-01","31475",TRUE,"Positive"
"Newburgh","2021-03-02","2443",TRUE,"Positive (DNQ)"
"Newburgh","2021-06-03","1750",TRUE,"Positive (DNQ)"
"Newburgh","2021-11-03","10574",TRUE,"Positive"
"Newburgh","2021-02-04","661",TRUE,"Weak Positive"
"Newburgh","2021-05-04","0",TRUE,"Negative"
"Newburgh","2021-10-04","74020",TRUE,"Positive"
"Newburgh","2021-02-05","801",TRUE,"Weak Positive"
"Newburgh","2021-07-05","22083",TRUE,"Positive"
"Newburgh","2021-11-05","50724",TRUE,"Positive"
"Newburgh","2021-05-06","229",TRUE,"Weak Positive"
"Newburgh","2021-06-07","440",TRUE,"Weak Positive"
"Newburgh","2021-09-07","159324",TRUE,"Positive"
"Newburgh","2021-04-08","151",TRUE,"Weak Positive"
"Newburgh","2021-12-08","44660",TRUE,"Positive"
"Newburgh","2021-03-09","4403",TRUE,"Positive (DNQ)"
"Newburgh","2021-04-09","0",TRUE,"Negative"
"Newburgh","2021-07-09",,FALSE,"Analysis Failed"
"Newburgh","2021-09-09","51240",TRUE,"Positive"
"Newburgh","2021-03-10","9444",TRUE,"Positive (DNQ)"
"Newburgh","2021-05-10","0",TRUE,"Negative"
"Newburgh","2021-06-10","0",TRUE,"Negative"
"Newburgh","2021-11-10","26023",TRUE,"Positive"
"Newburgh","2021-12-10","137206",TRUE,"Positive"
"Newburgh","2021-02-11","0",TRUE,"Negative"
"Newburgh","2021-02-12","0",TRUE,"Negative"
"Newburgh","2021-11-12","18989",TRUE,"Positive"
"Newburgh","2021-07-13","44580",TRUE,"Positive"
"Newburgh","2021-09-13","122725",TRUE,"Positive"
"Newburgh","2021-12-13","121476",TRUE,"Positive"
"Newburgh","2021-04-14","0",TRUE,"Negative"
"Newburgh","2021-05-14","230",TRUE,"Weak Positive"
"Newburgh","2021-06-14","556",TRUE,"Weak Positive"
"Newburgh","2021-02-16","1617",TRUE,"Weak Positive"
"Newburgh","2021-07-16","109049",TRUE,"Positive"
"Newburgh","2021-02-17","2368",TRUE,"Positive (DNQ)"
"Newburgh","2021-03-17","742",TRUE,"Weak Positive"
"Newburgh","2021-06-17","2331",TRUE,"Positive (DNQ)"
"Newburgh","2021-11-17","128940",TRUE,"Positive"
"Newburgh","2021-12-17","35819",TRUE,"Positive"
"Newburgh","2021-03-18","794",TRUE,"Weak Positive"
"Newburgh","2021-05-19","0",TRUE,"Negative"
"Newburgh","2021-08-19","14581",TRUE,"Positive"
"Newburgh","2021-10-19","56723",TRUE,"Positive"
"Newburgh","2021-11-19","1209219",TRUE,"Positive"
"Newburgh","2021-05-21","0",TRUE,"Negative"
"Newburgh","2021-10-21","26815",TRUE,"Positive"
"Newburgh","2021-03-22","0",TRUE,"Negative"
"Newburgh","2021-06-22","26253",TRUE,"Positive"
"Newburgh","2021-09-22","49166",TRUE,"Positive"
"Newburgh","2021-02-23","23949",TRUE,"Positive"
"Newburgh","2021-03-23","1509",TRUE,"Weak Positive"
"Newburgh","2021-06-24","30472",TRUE,"Positive"
"Newburgh","2021-11-24","85846",TRUE,"Positive"
"Newburgh","2021-02-25","11251",TRUE,"Positive"
"Newburgh","2021-05-25","0",TRUE,"Negative"
"Newburgh","2021-05-27","0",TRUE,"Negative"
"Newburgh","2021-08-27","66043",TRUE,"Positive"
"Newburgh","2021-09-27","302367",TRUE,"Positive"
"Newburgh","2021-10-27","158030",TRUE,"Positive"
"Newburgh","2021-04-28","324",TRUE,"Weak Positive"
"Newburgh","2021-01-29","3500",TRUE,"Positive (DNQ)"
"Newburgh","2021-10-29","240398",TRUE,"Positive"
"Newburgh","2021-03-30","7463",TRUE,"Positive (DNQ)"
"Newburgh","2021-04-30","0",TRUE,"Negative"
"Newburgh","2021-06-30","38383",TRUE,"Positive"
"Newburgh","2021-08-30","189284",TRUE,"Positive"
"Newburgh","2021-05-31","1440",TRUE,"Positive (DNQ)"
"New Cumnock","2021-03-01","28861",TRUE,"Positive"
"New Cumnock","2021-06-02","1624",TRUE,"Positive (DNQ)"
"New Cumnock","2021-02-03","482346",TRUE,"Positive"
"New Cumnock","2021-11-05","74673",TRUE,"Positive"
"New Cumnock","2021-04-06","0",TRUE,"Negative"
"New Cumnock","2021-07-06","151587",TRUE,"Positive"
"New Cumnock","2021-09-06","347746",TRUE,"Positive"
"New Cumnock","2021-01-07","205163",TRUE,"Positive"
"New Cumnock","2021-05-07","3577",TRUE,"Positive (DNQ)"
"New Cumnock","2021-12-07","62919",TRUE,"Positive"
"New Cumnock","2021-03-08","6608",TRUE,"Positive (DNQ)"
"New Cumnock","2021-06-09","18370",TRUE,"Positive"
"New Cumnock","2021-05-10","19173",TRUE,"Positive"
"New Cumnock","2021-02-11","25722",TRUE,"Positive"
"New Cumnock","2021-01-14","9265",TRUE,"Positive (DNQ)"
"New Cumnock","2021-12-14","19273",TRUE,"Positive"
"New Cumnock","2021-03-15","5450",TRUE,"Positive (DNQ)"
"New Cumnock","2021-09-15","296846",TRUE,"Positive"
"New Cumnock","2021-06-16","22739",TRUE,"Positive"
"New Cumnock","2021-07-16","132253",TRUE,"Positive"
"New Cumnock","2021-11-17","53581",TRUE,"Positive"
"New Cumnock","2021-10-18","37705",TRUE,"Positive"
"New Cumnock","2021-01-19","17094",TRUE,"Positive"
"New Cumnock","2021-02-19","10246",TRUE,"Positive"
"New Cumnock","2021-05-19","56283",TRUE,"Positive"
"New Cumnock","2021-07-20","85509",TRUE,"Positive"
"New Cumnock","2021-03-22","4210",TRUE,"Positive (DNQ)"
"New Cumnock","2021-06-22","9565",TRUE,"Positive (DNQ)"
"New Cumnock","2021-02-23","33908",TRUE,"Positive"
"New Cumnock","2021-05-26","4061",TRUE,"Positive (DNQ)"
"New Cumnock","2021-07-26","55360",TRUE,"Positive"
"New Cumnock","2021-10-27","7031",TRUE,"Positive (DNQ)"
"New Cumnock","2021-06-29","145337",TRUE,"Positive"
"New Cumnock","2021-09-29",,FALSE,"Analysis Failed"
"New Cumnock","2021-03-30","0",TRUE,"Negative"
"New Cumnock","2021-08-30","85136",TRUE,"Positive"
"Newport & Tayport","2021-03-01","3040",TRUE,"Positive (DNQ)"
"Newport & Tayport","2021-09-01","514188",TRUE,"Positive"
"Newport & Tayport","2021-12-01","237783",TRUE,"Positive"
"Newport & Tayport","2021-03-02","4674",TRUE,"Positive (DNQ)"
"Newport & Tayport","2021-06-03","7654",TRUE,"Positive (DNQ)"
"Newport & Tayport","2021-11-03","88609",TRUE,"Positive"
"Newport & Tayport","2021-02-04","3013",TRUE,"Positive (DNQ)"
"Newport & Tayport","2021-05-04","0",TRUE,"Negative"
"Newport & Tayport","2021-08-04","23651",TRUE,"Positive"
"Newport & Tayport","2021-10-04","157049",TRUE,"Positive"
"Newport & Tayport","2021-07-05","155651",TRUE,"Positive"
"Newport & Tayport","2021-11-05","17055",TRUE,"Positive"
"Newport & Tayport","2021-06-07","35475",TRUE,"Positive"
"Newport & Tayport","2021-09-07","1681048",TRUE,"Positive"
"Newport & Tayport","2021-04-08","0",TRUE,"Negative"
"Newport & Tayport","2021-03-09","27777",TRUE,"Positive"
"Newport & Tayport","2021-04-09","0",TRUE,"Negative"
"Newport & Tayport","2021-07-09",,FALSE,"Analysis Failed"
"Newport & Tayport","2021-03-10","20357",TRUE,"Positive"
"Newport & Tayport","2021-05-10","0",TRUE,"Negative"
"Newport & Tayport","2021-06-10","16023",TRUE,"Positive"
"Newport & Tayport","2021-11-10","8078",TRUE,"Positive (DNQ)"
"Newport & Tayport","2021-12-10","16563",TRUE,"Positive"
"Newport & Tayport","2021-02-12","918",TRUE,"Weak Positive"
"Newport & Tayport","2021-11-12","5785",TRUE,"Weak Positive"
"Newport & Tayport","2021-07-13","41859",TRUE,"Positive"
"Newport & Tayport","2021-09-13","166184",TRUE,"Positive"
"Newport & Tayport","2021-12-13","164187",TRUE,"Positive"
"Newport & Tayport","2021-04-14","0",TRUE,"Negative"
"Newport & Tayport","2021-05-14","279",TRUE,"Weak Positive"
"Newport & Tayport","2021-06-14","5291",TRUE,"Positive (DNQ)"
"Newport & Tayport","2021-02-16","1280",TRUE,"Weak Positive"
"Newport & Tayport","2021-07-16","39206",TRUE,"Positive"
"Newport & Tayport","2021-02-17","4839",TRUE,"Positive (DNQ)"
"Newport & Tayport","2021-03-17","1564",TRUE,"Positive (DNQ)"
"Newport & Tayport","2021-06-17","40440",TRUE,"Positive"
"Newport & Tayport","2021-12-17","157826",TRUE,"Positive"
"Newport & Tayport","2021-03-18","1674",TRUE,"Positive (DNQ)"
"Newport & Tayport","2021-05-19","0",TRUE,"Negative"
"Newport & Tayport","2021-07-19","21799",TRUE,"Positive"
"Newport & Tayport","2021-08-19","29280",TRUE,"Positive"
"Newport & Tayport","2021-10-19","21839",TRUE,"Positive"
"Newport & Tayport","2021-11-19","46423",TRUE,"Positive"
"Newport & Tayport","2021-09-20","54061",TRUE,"Positive"
"Newport & Tayport","2021-05-21","2899",TRUE,"Positive (DNQ)"
"Newport & Tayport","2021-10-21","31479",TRUE,"Positive"
"Newport & Tayport","2021-03-22","4032",TRUE,"Positive (DNQ)"
"Newport & Tayport","2021-06-22","56129",TRUE,"Positive"
"Newport & Tayport","2021-09-22","131536",TRUE,"Positive"
"Newport & Tayport","2021-02-23","10422",TRUE,"Positive"
"Newport & Tayport","2021-03-23","8460",TRUE,"Positive (DNQ)"
"Newport & Tayport","2021-06-24","80817",TRUE,"Positive"
"Newport & Tayport","2021-11-24","137656",TRUE,"Positive"
"Newport & Tayport","2021-02-25","14309",TRUE,"Positive"
"Newport & Tayport","2021-05-25","0",TRUE,"Negative"
"Newport & Tayport","2021-07-26","28150",TRUE,"Positive"
"Newport & Tayport","2021-05-27","0",TRUE,"Negative"
"Newport & Tayport","2021-09-27","242750",TRUE,"Positive"
"Newport & Tayport","2021-10-27","196175",TRUE,"Positive"
"Newport & Tayport","2021-04-28","0",TRUE,"Negative"
"Newport & Tayport","2021-06-28","52625",TRUE,"Positive"
"Newport & Tayport","2021-01-29","2522",TRUE,"Positive (DNQ)"
"Newport & Tayport","2021-10-29","210655",TRUE,"Positive"
"Newport & Tayport","2021-03-30","196",TRUE,"Weak Positive"
"Newport & Tayport","2021-04-30","0",TRUE,"Negative"
"Newport & Tayport","2021-06-30","101462",TRUE,"Positive"
"Newport & Tayport","2021-08-30","353522",TRUE,"Positive"
"Newport & Tayport","2021-05-31","11864",TRUE,"Positive"
"Newtown St Boswell","2021-03-01","6077",TRUE,"Positive (DNQ)"
"Newtown St Boswell","2021-06-01","17541",TRUE,"Positive"
"Newtown St Boswell","2021-10-01",,FALSE,"Analysis Failed"
"Newtown St Boswell","2021-11-01","70767",TRUE,"Positive"
"Newtown St Boswell","2021-03-02","907",TRUE,"Weak Positive"
"Newtown St Boswell","2021-04-02","0",TRUE,"Negative"
"Newtown St Boswell","2021-06-02","3797",TRUE,"Positive (DNQ)"
"Newtown St Boswell","2021-08-02","4726",TRUE,"Weak Positive"
"Newtown St Boswell","2021-05-04","0",TRUE,"Negative"
"Newtown St Boswell","2021-10-04","61759",TRUE,"Positive"
"Newtown St Boswell","2021-07-05","13530",TRUE,"Positive"
"Newtown St Boswell","2021-11-05","101475",TRUE,"Positive"
"Newtown St Boswell","2021-04-06","0",TRUE,"Negative"
"Newtown St Boswell","2021-07-06","56241",TRUE,"Positive"
"Newtown St Boswell","2021-12-06","24690",TRUE,"Positive"
"Newtown St Boswell","2021-06-07","1973",TRUE,"Positive (DNQ)"
"Newtown St Boswell","2021-03-08","18947",TRUE,"Positive"
"Newtown St Boswell","2021-04-08","0",TRUE,"Negative"
"Newtown St Boswell","2021-11-08",,FALSE,"Analysis Failed"
"Newtown St Boswell","2021-03-09","3949",TRUE,"Positive (DNQ)"
"Newtown St Boswell","2021-11-09",,FALSE,"Analysis Failed"
"Newtown St Boswell","2021-12-09","5179",TRUE,"Weak Positive"
"Newtown St Boswell","2021-05-10","0",TRUE,"Negative"
"Newtown St Boswell","2021-08-10","0",TRUE,"Negative"
"Newtown St Boswell","2021-09-10","29672",TRUE,"Positive"
"Newtown St Boswell","2021-02-11","1773",TRUE,"Weak Positive"
"Newtown St Boswell","2021-06-11","553",TRUE,"Weak Positive"
"Newtown St Boswell","2021-04-12","0",TRUE,"Negative"
"Newtown St Boswell","2021-07-12","44874",TRUE,"Positive"
"Newtown St Boswell","2021-07-13","27343",TRUE,"Positive"
"Newtown St Boswell","2021-08-13",,FALSE,"Analysis Failed"
"Newtown St Boswell","2021-09-13","61803",TRUE,"Positive"
"Newtown St Boswell","2021-12-13","9449",TRUE,"Positive"
"Newtown St Boswell","2021-05-14","436",TRUE,"Weak Positive"
"Newtown St Boswell","2021-06-14","2283",TRUE,"Positive (DNQ)"
"Newtown St Boswell","2021-02-15","0",TRUE,"Negative"
"Newtown St Boswell","2021-03-15","0",TRUE,"Negative"
"Newtown St Boswell","2021-06-15","2899",TRUE,"Positive (DNQ)"
"Newtown St Boswell","2021-11-15","408359",TRUE,"Positive"
"Newtown St Boswell","2021-02-16","0",TRUE,"Negative"
"Newtown St Boswell","2021-03-16","0",TRUE,"Negative"
"Newtown St Boswell","2021-08-16",,FALSE,"Analysis Failed"
"Newtown St Boswell","2021-05-17","3690",TRUE,"Positive (DNQ)"
"Newtown St Boswell","2021-09-17","78036",TRUE,"Positive"
"Newtown St Boswell","2021-12-17","0",TRUE,"Negative"
"Newtown St Boswell","2021-10-18","7404",TRUE,"Positive (DNQ)"
"Newtown St Boswell","2021-07-20","630565",TRUE,"Positive"
"Newtown St Boswell","2021-08-20","19250",TRUE,"Positive"
"Newtown St Boswell","2021-05-21",,FALSE,"Analysis Failed"
"Newtown St Boswell","2021-06-21","494",TRUE,"Weak Positive"
"Newtown St Boswell","2021-07-21","224665",TRUE,"Positive"
"Newtown St Boswell","2021-10-22","318044",TRUE,"Positive"
"Newtown St Boswell","2021-11-22","187982",TRUE,"Positive"
"Newtown St Boswell","2021-06-23","310",TRUE,"Weak Positive"
"Newtown St Boswell","2021-08-23","75880",TRUE,"Positive"
"Newtown St Boswell","2021-05-24","2548",TRUE,"Positive (DNQ)"
"Newtown St Boswell","2021-02-25","3108",TRUE,"Positive (DNQ)"
"Newtown St Boswell","2021-03-25","0",TRUE,"Negative"
"Newtown St Boswell","2021-11-25","326685",TRUE,"Positive"
"Newtown St Boswell","2021-02-26","10014",TRUE,"Positive"
"Newtown St Boswell","2021-03-26",,FALSE,"Analysis Failed"
"Newtown St Boswell","2021-04-26","0",TRUE,"Negative"
"Newtown St Boswell","2021-07-26","211159",TRUE,"Positive"
"Newtown St Boswell","2021-08-27",,FALSE,"Analysis Failed"
"Newtown St Boswell","2021-09-27","431808",TRUE,"Positive"
"Newtown St Boswell","2021-05-28","0",TRUE,"Negative"
"Newtown St Boswell","2021-06-28","4017",TRUE,"Positive (DNQ)"
"Newtown St Boswell","2021-10-28","46918",TRUE,"Positive"
"Newtown St Boswell","2021-06-29","9892",TRUE,"Positive (DNQ)"
"Newtown St Boswell","2021-07-29","1951",TRUE,"Weak Positive"
"Newtown St Boswell","2021-10-29",,FALSE,"Analysis Failed"
"Newtown St Boswell","2021-04-30","0",TRUE,"Negative"
"Newtown St Boswell","2021-08-30","58960",TRUE,"Positive"
"Newtown St Boswell","2021-03-31","0",TRUE,"Negative"
"Nigg","2021-04-01","7898",TRUE,"Positive (DNQ)"
"Nigg","2021-07-01","269398",TRUE,"Positive"
"Nigg","2020-09-01","1512",TRUE,"Positive (DNQ)"
"Nigg","2021-11-01","53948",TRUE,"Positive"
"Nigg","2021-12-01","85015",TRUE,"Positive"
"Nigg","2021-02-02","28319",TRUE,"Positive"
"Nigg","2021-04-02","11972",TRUE,"Positive"
"Nigg","2021-09-02","323955",TRUE,"Positive"
"Nigg","2020-10-02","10102",TRUE,"Positive (DNQ)"
"Nigg","2020-11-02","15855",TRUE,"Positive"
"Nigg","2021-11-02","127365",TRUE,"Positive"
"Nigg","2021-02-03","29425",TRUE,"Positive"
"Nigg","2021-05-03","4053",TRUE,"Positive (DNQ)"
"Nigg","2021-06-03","11498",TRUE,"Positive"
"Nigg","2021-08-03","125918",TRUE,"Positive"
"Nigg","2021-11-03","49238",TRUE,"Positive"
"Nigg","2021-01-04","120575",TRUE,"Positive"
"Nigg","2021-03-04","7699",TRUE,"Positive (DNQ)"
"Nigg","2020-09-04","800",TRUE,"Weak Positive"
"Nigg","2021-01-05","131541",TRUE,"Positive"
"Nigg","2021-02-05","13591",TRUE,"Positive"
"Nigg","2021-03-05","5105",TRUE,"Positive (DNQ)"
"Nigg","2021-04-05","5922",TRUE,"Positive (DNQ)"
"Nigg","2021-08-05","49917",TRUE,"Positive"
"Nigg","2020-10-05","5268",TRUE,"Positive (DNQ)"
"Nigg","2021-11-05","100811",TRUE,"Positive"
"Nigg","2021-04-06","7951",TRUE,"Positive (DNQ)"
"Nigg","2021-07-06","554704",TRUE,"Positive"
"Nigg","2021-09-06","462190",TRUE,"Positive"
"Nigg","2020-10-06","9746",TRUE,"Positive (DNQ)"
"Nigg","2021-10-06","75153",TRUE,"Positive"
"Nigg","2020-11-06","5397",TRUE,"Positive (DNQ)"
"Nigg","2021-12-06","116772",TRUE,"Positive"
"Nigg","2020-09-07","830",TRUE,"Weak Positive"
"Nigg","2021-09-07","1602754",TRUE,"Positive"
"Nigg","2020-10-07","4867",TRUE,"Positive (DNQ)"
"Nigg","2020-12-07","34455",TRUE,"Positive"
"Nigg","2021-12-07","61996",TRUE,"Positive"
"Nigg","2021-03-08","12048",TRUE,"Positive"
"Nigg","2021-04-08","18660",TRUE,"Positive"
"Nigg","2021-06-08","29561",TRUE,"Positive"
"Nigg","2020-09-08","0",TRUE,"Negative"
"Nigg","2021-10-08","80327",TRUE,"Positive"
"Nigg","2021-11-08","214934",TRUE,"Positive"
"Nigg","2021-12-08","54684",TRUE,"Positive"
"Nigg","2021-02-09","22815",TRUE,"Positive"
"Nigg","2021-03-09","12143",TRUE,"Positive"
"Nigg","2021-07-09","226162",TRUE,"Positive"
"Nigg","2021-08-09","55537",TRUE,"Positive"
"Nigg","2020-09-09","0",TRUE,"Negative"
"Nigg","2021-11-09","158977",TRUE,"Positive"
"Nigg","2021-05-10","5483",TRUE,"Positive (DNQ)"
"Nigg","2021-06-10","20339",TRUE,"Positive"
"Nigg","2021-11-10","62300",TRUE,"Positive"
"Nigg","2021-01-11","107569",TRUE,"Positive"
"Nigg","2021-02-11","11507",TRUE,"Positive"
"Nigg","2020-09-11","846",TRUE,"Weak Positive"
"Nigg","2021-11-11","173670",TRUE,"Positive"
"Nigg","2021-01-12","69637",TRUE,"Positive"
"Nigg","2021-02-12","17577",TRUE,"Positive"
"Nigg","2021-03-12","6038",TRUE,"Positive (DNQ)"
"Nigg","2021-07-12","85230",TRUE,"Positive"
"Nigg","2021-08-12","53761",TRUE,"Positive"
"Nigg","2020-10-12","11710",TRUE,"Positive"
"Nigg","2021-04-13","13861",TRUE,"Positive"
"Nigg","2021-10-13","60384",TRUE,"Positive"
"Nigg","2021-06-14","37010",TRUE,"Positive"
"Nigg","2020-09-14","2154",TRUE,"Positive (DNQ)"
"Nigg","2021-09-14","32555",TRUE,"Positive"
"Nigg","2020-10-14","8563",TRUE,"Positive (DNQ)"
"Nigg","2020-12-14","28570",TRUE,"Positive"
"Nigg","2021-12-14","120461",TRUE,"Positive"
"Nigg","2021-02-15","14025",TRUE,"Positive"
"Nigg","2021-04-15","21574",TRUE,"Positive"
"Nigg","2020-09-15","1030",TRUE,"Weak Positive"
"Nigg","2021-10-15","182558",TRUE,"Positive"
"Nigg","2021-11-15","278749",TRUE,"Positive"
"Nigg","2021-12-15","181970",TRUE,"Positive"
"Nigg","2021-02-16","9576",TRUE,"Positive (DNQ)"
"Nigg","2021-03-16","14252",TRUE,"Positive"
"Nigg","2020-09-16","1280",TRUE,"Weak Positive"
"Nigg","2020-10-16","13901",TRUE,"Positive"
"Nigg","2020-11-16","11976",TRUE,"Positive"
"Nigg","2021-12-16","144371",TRUE,"Positive"
"Nigg","2021-05-17","2183",TRUE,"Positive (DNQ)"
"Nigg","2021-06-17","16343",TRUE,"Positive"
"Nigg","2021-08-17","93208",TRUE,"Positive"
"Nigg","2021-09-17","55452",TRUE,"Positive"
"Nigg","2021-12-17","252782",TRUE,"Positive"
"Nigg","2021-01-18","76954",TRUE,"Positive"
"Nigg","2021-03-18","14950",TRUE,"Positive"
"Nigg","2021-05-18","1082",TRUE,"Weak Positive"
"Nigg","2020-09-18","5649",TRUE,"Positive (DNQ)"
"Nigg","2021-01-19","82667",TRUE,"Positive"
"Nigg","2021-03-19","16306",TRUE,"Positive"
"Nigg","2021-07-19","85604",TRUE,"Positive"
"Nigg","2021-08-19","149671",TRUE,"Positive"
"Nigg","2020-10-19","6842",TRUE,"Positive (DNQ)"
"Nigg","2021-11-19",,FALSE,"Analysis Failed"
"Nigg","2021-07-20","199382",TRUE,"Positive"
"Nigg","2021-09-20","179838",TRUE,"Positive"
"Nigg","2021-10-20","66253",TRUE,"Positive"
"Nigg","2021-12-20","354486",TRUE,"Positive"
"Nigg","2020-09-21","3054",TRUE,"Positive (DNQ)"
"Nigg","2021-10-21","104275",TRUE,"Positive"
"Nigg","2021-02-22","11073",TRUE,"Positive"
"Nigg","2021-04-22","3573",TRUE,"Positive (DNQ)"
"Nigg","2020-09-22","2735",TRUE,"Positive (DNQ)"
"Nigg","2021-02-23",,TRUE,"Positive (DNQ)"
"Nigg","2021-03-23","22657",TRUE,"Positive"
"Nigg","2021-06-23","129637",TRUE,"Positive"
"Nigg","2020-09-23","775",TRUE,"Weak Positive"
"Nigg","2021-09-23","90081",TRUE,"Positive"
"Nigg","2021-11-23","191237",TRUE,"Positive"
"Nigg","2021-05-24","9085",TRUE,"Positive (DNQ)"
"Nigg","2021-08-24","85523",TRUE,"Positive"
"Nigg","2020-11-24","33705",TRUE,"Positive"
"Nigg","2021-11-24","246553",TRUE,"Positive"
"Nigg","2021-03-25","10294",TRUE,"Positive"
"Nigg","2021-05-25","1517",TRUE,"Positive (DNQ)"
"Nigg","2021-06-25","113672",TRUE,"Positive"
"Nigg","2020-09-25","8030",TRUE,"Positive (DNQ)"
"Nigg","2021-10-25","194661",TRUE,"Positive"
"Nigg","2021-11-25","370626",TRUE,"Positive"
"Nigg","2021-01-26","40813",TRUE,"Positive"
"Nigg","2021-02-26","11164",TRUE,"Positive"
"Nigg","2021-03-26","11340",TRUE,"Positive"
"Nigg","2021-07-26","113430",TRUE,"Positive"
"Nigg","2021-08-26","458116",TRUE,"Positive"
"Nigg","2020-10-26","13326",TRUE,"Positive"
"Nigg","2021-10-26","76521",TRUE,"Positive"
"Nigg","2021-04-27","2857",TRUE,"Positive (DNQ)"
"Nigg","2021-07-27","96573",TRUE,"Positive"
"Nigg","2021-10-27","119172",TRUE,"Positive"
"Nigg","2021-05-28","7798",TRUE,"Positive (DNQ)"
"Nigg","2020-09-28","9301",TRUE,"Positive (DNQ)"
"Nigg","2021-09-28","161357",TRUE,"Positive"
"Nigg","2021-01-29","32344",TRUE,"Positive"
"Nigg","2021-04-29","3066",TRUE,"Positive (DNQ)"
"Nigg","2020-09-29","10456",TRUE,"Positive (DNQ)"
"Nigg","2021-10-29","46591",TRUE,"Positive"
"Nigg","2021-11-29","172938",TRUE,"Positive"
"Nigg","2021-12-29","755786",TRUE,"Positive"
"Nigg","2021-03-30","2041",TRUE,"Positive (DNQ)"
"Nigg","2021-08-30","576531",TRUE,"Positive"
"Nigg","2020-09-30","7368",TRUE,"Positive (DNQ)"
"Nigg","2021-09-30","303137",TRUE,"Positive"
"Nigg","2020-11-30","16258",TRUE,"Positive"
"Nigg","2021-11-30","206977",TRUE,"Positive"
"Nigg","2021-05-31","15632",TRUE,"Positive"
"Nigg","2020-12-31","171256",TRUE,"Positive"
"Nigg - Aberdeen RI","2021-10-08","3353",TRUE,"Weak Positive"
"Nigg - Aberdeen RI","2021-10-12","0",TRUE,"Negative"
"Nigg - Torry","2021-04-02","2039",TRUE,"Positive (DNQ)"
"Nigg - Torry","2021-04-06","0",TRUE,"Negative"
"Nigg - Torry","2021-05-07","1011",TRUE,"Weak Positive"
"Nigg - Torry","2021-04-09","23775",TRUE,"Positive"
"Nigg - Torry","2021-05-11","0",TRUE,"Negative"
"Nigg - Torry","2021-04-13","47928",TRUE,"Positive"
"Nigg - Torry","2021-05-14","0",TRUE,"Negative"
"Nigg - Torry","2021-03-16","28146",TRUE,"Positive"
"Nigg - Torry","2021-04-16","2184",TRUE,"Positive (DNQ)"
"Nigg - Torry","2021-03-17","2504",TRUE,"Positive (DNQ)"
"Nigg - Torry","2021-03-18","108128",TRUE,"Positive"
"Nigg - Torry","2021-03-19","1721",TRUE,"Positive (DNQ)"
"Nigg - Torry","2021-04-19","4695",TRUE,"Positive (DNQ)"
"Nigg - Torry","2021-03-20",,FALSE,"Analysis Failed"
"Nigg - Torry","2021-05-21","0",TRUE,"Negative"
"Nigg - Torry","2021-03-23","2380",TRUE,"Positive (DNQ)"
"Nigg - Torry","2021-04-23","4706",TRUE,"Positive (DNQ)"
"Nigg - Torry","2021-05-25",,FALSE,"Analysis Failed"
"Nigg - Torry","2021-03-26","1884",TRUE,"Positive (DNQ)"
"Nigg - Torry","2021-04-27","0",TRUE,"Negative"
"Nigg - Torry","2021-05-28","0",TRUE,"Negative"
"Nigg - Torry","2021-03-30",,FALSE,"Analysis Failed"
"Nigg - Torry","2021-04-30","0",TRUE,"Negative"
"Oban","2021-12-06","32141",TRUE,"Positive"
"Oban","2021-12-08","12104",TRUE,"Positive"
"Paisley","2021-03-01","58566",TRUE,"Positive"
"Paisley","2021-06-01","22987",TRUE,"Positive"
"Paisley","2021-11-01","20551",TRUE,"Positive"
"Paisley","2021-12-01","69835",TRUE,"Positive"
"Paisley","2021-03-02","21638",TRUE,"Positive"
"Paisley","2021-08-02","98567",TRUE,"Positive"
"Paisley","2021-11-02","10139",TRUE,"Positive"
"Paisley","2021-09-03","782909",TRUE,"Positive"
"Paisley","2021-11-03","32956",TRUE,"Positive"
"Paisley","2021-10-04","64517",TRUE,"Positive"
"Paisley","2021-04-05","4290",TRUE,"Positive (DNQ)"
"Paisley","2021-07-05","219487",TRUE,"Positive"
"Paisley","2021-11-05","92489",TRUE,"Positive"
"Paisley","2021-04-06","3068",TRUE,"Positive (DNQ)"
"Paisley","2021-05-06","9755",TRUE,"Positive (DNQ)"
"Paisley","2021-09-06","517483",TRUE,"Positive"
"Paisley","2021-10-06","55590",TRUE,"Positive"
"Paisley","2021-12-06","68190",TRUE,"Positive"
"Paisley","2021-06-07","27442",TRUE,"Positive"
"Paisley","2021-07-07","135639",TRUE,"Positive"
"Paisley","2021-12-07","13162",TRUE,"Positive"
"Paisley","2021-06-08","20551",TRUE,"Positive"
"Paisley","2021-11-08","163802",TRUE,"Positive"
"Paisley","2021-12-08","88615",TRUE,"Positive"
"Paisley","2021-03-09","84886",TRUE,"Positive"
"Paisley","2021-03-10","34285",TRUE,"Positive"
"Paisley","2021-11-10","38923",TRUE,"Positive"
"Paisley","2021-12-10","77137",TRUE,"Positive"
"Paisley","2021-05-11","3621",TRUE,"Positive (DNQ)"
"Paisley","2021-08-11","6887",TRUE,"Positive (DNQ)"
"Paisley","2021-10-11","83067",TRUE,"Positive"
"Paisley","2021-11-11","49012",TRUE,"Positive"
"Paisley","2021-07-12","194404",TRUE,"Positive"
"Paisley","2021-11-12","74611",TRUE,"Positive"
"Paisley","2021-12-13","105633",TRUE,"Positive"
"Paisley","2021-04-14","10464",TRUE,"Positive"
"Paisley","2021-05-14","4593",TRUE,"Positive (DNQ)"
"Paisley","2021-09-14","212774",TRUE,"Positive"
"Paisley","2021-10-14","141208",TRUE,"Positive"
"Paisley","2021-12-14","127465",TRUE,"Positive"
"Paisley","2021-03-15","15823",TRUE,"Positive"
"Paisley","2021-06-15","32570",TRUE,"Positive"
"Paisley","2021-09-15","264992",TRUE,"Positive"
"Paisley","2021-11-15","211427",TRUE,"Positive"
"Paisley","2021-02-16","64694",TRUE,"Positive"
"Paisley","2021-03-16","35811",TRUE,"Positive"
"Paisley","2021-06-16","19826",TRUE,"Positive"
"Paisley","2021-12-16","160123",TRUE,"Positive"
"Paisley","2021-02-17","16073",TRUE,"Positive"
"Paisley","2021-05-17","1958",TRUE,"Positive (DNQ)"
"Paisley","2021-12-17","365657",TRUE,"Positive"
"Paisley","2021-05-18","2469",TRUE,"Positive (DNQ)"
"Paisley","2021-11-18","82984",TRUE,"Positive"
"Paisley","2021-07-19","215196",TRUE,"Positive"
"Paisley","2021-11-19","180589",TRUE,"Positive"
"Paisley","2021-08-20","282408",TRUE,"Positive"
"Paisley","2021-09-20","201641",TRUE,"Positive"
"Paisley","2021-10-20","25713",TRUE,"Positive"
"Paisley","2021-12-20","352615",TRUE,"Positive"
"Paisley","2021-06-21","26905",TRUE,"Positive"
"Paisley","2021-09-21","156575",TRUE,"Positive"
"Paisley","2021-10-21","50657",TRUE,"Positive"
"Paisley","2021-02-22","23764",TRUE,"Positive"
"Paisley","2021-06-22","42097",TRUE,"Positive"
"Paisley","2021-11-23","80433",TRUE,"Positive"
"Paisley","2021-02-24","26164",TRUE,"Positive"
"Paisley","2021-03-24","52551",TRUE,"Positive"
"Paisley","2021-11-24","73874",TRUE,"Positive"
"Paisley","2021-03-25","20223",TRUE,"Positive"
"Paisley","2021-05-25","16156",TRUE,"Positive"
"Paisley","2021-11-25","100605",TRUE,"Positive"
"Paisley","2021-04-26","1176",TRUE,"Weak Positive"
"Paisley","2021-05-26","25320",TRUE,"Positive"
"Paisley","2021-07-26","164320",TRUE,"Positive"
"Paisley","2021-10-26","31238",TRUE,"Positive"
"Paisley","2021-07-27","57826",TRUE,"Positive"
"Paisley","2021-04-28","9049",TRUE,"Positive (DNQ)"
"Paisley","2021-06-28","82772",TRUE,"Positive"
"Paisley","2021-09-28","57305",TRUE,"Positive"
"Paisley","2021-03-29","4180",TRUE,"Positive (DNQ)"
"Paisley","2021-10-29","43938",TRUE,"Positive"
"Paisley","2021-11-29","105577",TRUE,"Positive"
"Paisley","2021-12-29","469200",TRUE,"Positive"
"Paisley","2021-03-30","3124",TRUE,"Positive (DNQ)"
"Paisley","2021-08-30","916470",TRUE,"Positive"
"Paisley","2021-11-30",,FALSE,"Analysis Failed"
"Paisley","2021-05-31","52745",TRUE,"Positive"
"Paisley - Airport","2021-05-05","632",TRUE,"Weak Positive"
"Paisley - Airport","2021-04-06","66165",TRUE,"Positive"
"Paisley - Airport","2021-04-07","5390",TRUE,"Positive (DNQ)"
"Paisley - Airport","2021-05-07","0",TRUE,"Negative"
"Paisley - Airport","2021-04-08","1193",TRUE,"Weak Positive"
"Paisley - Airport","2021-04-09","23082",TRUE,"Positive"
"Paisley - Airport","2021-04-10","8107",TRUE,"Positive (DNQ)"
"Paisley - Airport","2021-05-11","727",TRUE,"Weak Positive"
"Paisley - Airport","2021-05-13","1089",TRUE,"Weak Positive"
"Paisley - Airport","2021-04-14","14850",TRUE,"Positive"
"Paisley - Airport","2021-04-16","3930",TRUE,"Positive (DNQ)"
"Paisley - Airport","2021-05-18","40029",TRUE,"Positive"
"Paisley - Airport","2021-05-20","63049",TRUE,"Positive"
"Paisley - Airport","2021-04-26","1644",TRUE,"Positive (DNQ)"
"Paisley - Airport","2021-04-29","708",TRUE,"Weak Positive"
"Paisley - Blackhall","2021-06-01","37716",TRUE,"Positive"
"Paisley - Blackhall","2021-07-01","339584",TRUE,"Positive"
"Paisley - Blackhall","2021-11-02","45557",TRUE,"Positive"
"Paisley - Blackhall","2021-06-03","53523",TRUE,"Positive"
"Paisley - Blackhall","2021-08-03","35673",TRUE,"Positive"
"Paisley - Blackhall","2021-09-03","628750",TRUE,"Positive"
"Paisley - Blackhall","2021-11-04","157442",TRUE,"Positive"
"Paisley - Blackhall","2021-05-05","611",TRUE,"Weak Positive"
"Paisley - Blackhall","2021-07-05","38653",TRUE,"Positive"
"Paisley - Blackhall","2021-08-05","96397",TRUE,"Positive"
"Paisley - Blackhall","2021-04-06","2280",TRUE,"Positive (DNQ)"
"Paisley - Blackhall","2021-04-07","997",TRUE,"Weak Positive"
"Paisley - Blackhall","2021-05-07","0",TRUE,"Negative"
"Paisley - Blackhall","2021-10-07","89740",TRUE,"Positive"
"Paisley - Blackhall","2021-04-08","12564",TRUE,"Positive"
"Paisley - Blackhall","2021-06-08","38513",TRUE,"Positive"
"Paisley - Blackhall","2021-07-08","173908",TRUE,"Positive"
"Paisley - Blackhall","2021-04-09","85196",TRUE,"Positive"
"Paisley - Blackhall","2021-09-09","333293",TRUE,"Positive"
"Paisley - Blackhall","2021-11-09","250419",TRUE,"Positive"
"Paisley - Blackhall","2021-06-10",,FALSE,"Analysis Failed"
"Paisley - Blackhall","2021-08-10","9092",TRUE,"Positive (DNQ)"
"Paisley - Blackhall","2021-05-11","0",TRUE,"Negative"
"Paisley - Blackhall","2021-11-11","60389",TRUE,"Positive"
"Paisley - Blackhall","2021-04-12","17328",TRUE,"Positive"
"Paisley - Blackhall","2021-07-12","131070",TRUE,"Positive"
"Paisley - Blackhall","2021-08-12","17357",TRUE,"Positive"
"Paisley - Blackhall","2021-05-13","4499",TRUE,"Positive (DNQ)"
"Paisley - Blackhall","2021-09-13","339762",TRUE,"Positive"
"Paisley - Blackhall","2021-04-14","11100",TRUE,"Positive"
"Paisley - Blackhall","2021-06-14","26327",TRUE,"Positive"
"Paisley - Blackhall","2021-12-14","71105",TRUE,"Positive"
"Paisley - Blackhall","2021-04-16","2472",TRUE,"Positive (DNQ)"
"Paisley - Blackhall","2021-11-16","85745",TRUE,"Positive"
"Paisley - Blackhall","2021-12-16","191286",TRUE,"Positive"
"Paisley - Blackhall","2021-06-17","134247",TRUE,"Positive"
"Paisley - Blackhall","2021-08-17","123699",TRUE,"Positive"
"Paisley - Blackhall","2021-05-18","2049",TRUE,"Positive (DNQ)"
"Paisley - Blackhall","2021-11-18","77341",TRUE,"Positive"
"Paisley - Blackhall","2021-07-19","196506",TRUE,"Positive"
"Paisley - Blackhall","2021-08-19","160410",TRUE,"Positive"
"Paisley - Blackhall","2021-10-19","24877",TRUE,"Positive"
"Paisley - Blackhall","2021-05-20","75992",TRUE,"Positive"
"Paisley - Blackhall","2021-09-20",,FALSE,"Analysis Failed"
"Paisley - Blackhall","2021-06-21","46678",TRUE,"Positive"
"Paisley - Blackhall","2021-11-23","296669",TRUE,"Positive"
"Paisley - Blackhall","2021-06-24","2092592",TRUE,"Positive"
"Paisley - Blackhall","2021-08-24","223024",TRUE,"Positive"
"Paisley - Blackhall","2021-05-25","280691",TRUE,"Positive"
"Paisley - Blackhall","2021-11-25",,FALSE,"Analysis Failed"
"Paisley - Blackhall","2021-04-26","3760",TRUE,"Positive (DNQ)"
"Paisley - Blackhall","2021-08-26",,FALSE,"Analysis Failed"
"Paisley - Blackhall","2021-10-26","8917",TRUE,"Positive (DNQ)"
"Paisley - Blackhall","2021-05-27","47193",TRUE,"Positive"
"Paisley - Blackhall","2021-06-28","218742",TRUE,"Positive"
"Paisley - Blackhall","2021-07-28","19373",TRUE,"Positive"
"Paisley - Blackhall","2021-10-28","1997",TRUE,"Weak Positive"
"Paisley - Blackhall","2021-04-29","6351",TRUE,"Positive (DNQ)"
"Paisley - Blackhall","2021-07-30","55410",TRUE,"Positive"
"Paisley - Blackhall","2021-08-31",,FALSE,"Analysis Failed"
"Paisley - Brediland","2021-06-01","0",TRUE,"Negative"
"Paisley - Brediland","2021-07-01","38290",TRUE,"Positive"
"Paisley - Brediland","2021-11-02","0",TRUE,"Negative"
"Paisley - Brediland","2021-06-03","902",TRUE,"Weak Positive"
"Paisley - Brediland","2021-08-03","0",TRUE,"Negative"
"Paisley - Brediland","2021-09-03","11238",TRUE,"Positive"
"Paisley - Brediland","2021-11-04","0",TRUE,"Negative"
"Paisley - Brediland","2021-05-05","0",TRUE,"Negative"
"Paisley - Brediland","2021-07-05","0",TRUE,"Negative"
"Paisley - Brediland","2021-08-05","81013",TRUE,"Positive"
"Paisley - Brediland","2021-04-06","0",TRUE,"Negative"
"Paisley - Brediland","2021-04-07","9434",TRUE,"Positive (DNQ)"
"Paisley - Brediland","2021-05-07","0",TRUE,"Negative"
"Paisley - Brediland","2021-10-07","107762",TRUE,"Positive"
"Paisley - Brediland","2021-12-07","12024",TRUE,"Positive"
"Paisley - Brediland","2021-04-08","0",TRUE,"Negative"
"Paisley - Brediland","2021-06-08","14265",TRUE,"Positive"
"Paisley - Brediland","2021-07-08","16740",TRUE,"Positive"
"Paisley - Brediland","2021-04-09","0",TRUE,"Negative"
"Paisley - Brediland","2021-09-09","2380",TRUE,"Weak Positive"
"Paisley - Brediland","2021-11-09","9162",TRUE,"Positive (DNQ)"
"Paisley - Brediland","2021-04-10","0",TRUE,"Negative"
"Paisley - Brediland","2021-06-10","11010",TRUE,"Positive (DNQ)"
"Paisley - Brediland","2021-08-10","1195",TRUE,"Weak Positive"
"Paisley - Brediland","2021-05-11","1193",TRUE,"Weak Positive"
"Paisley - Brediland","2021-11-11","45603",TRUE,"Positive"
"Paisley - Brediland","2021-07-12","10008",TRUE,"Positive"
"Paisley - Brediland","2021-08-12","1568",TRUE,"Weak Positive"
"Paisley - Brediland","2021-05-13","0",TRUE,"Negative"
"Paisley - Brediland","2021-09-13","15914",TRUE,"Positive"
"Paisley - Brediland","2021-04-14","0",TRUE,"Negative"
"Paisley - Brediland","2021-06-14","0",TRUE,"Negative"
"Paisley - Brediland","2021-12-14","2198",TRUE,"Weak Positive"
"Paisley - Brediland","2021-04-16","517",TRUE,"Weak Positive"
"Paisley - Brediland","2021-11-16","21696",TRUE,"Positive"
"Paisley - Brediland","2021-12-16","79",TRUE,"Weak Positive"
"Paisley - Brediland","2021-06-17","487",TRUE,"Weak Positive"
"Paisley - Brediland","2021-08-17","0",TRUE,"Negative"
"Paisley - Brediland","2021-05-18","2843",TRUE,"Positive (DNQ)"
"Paisley - Brediland","2021-11-18","16353",TRUE,"Positive"
"Paisley - Brediland","2021-07-19","4994",TRUE,"Weak Positive"
"Paisley - Brediland","2021-08-19","0",TRUE,"Negative"
"Paisley - Brediland","2021-10-19","0",TRUE,"Negative"
"Paisley - Brediland","2021-05-20","552689",TRUE,"Positive"
"Paisley - Brediland","2021-09-20","0",TRUE,"Negative"
"Paisley - Brediland","2021-06-21","108332",TRUE,"Positive"
"Paisley - Brediland","2021-09-23","1660",TRUE,"Weak Positive"
"Paisley - Brediland","2021-11-23","14224",TRUE,"Positive"
"Paisley - Brediland","2021-06-24","0",TRUE,"Negative"
"Paisley - Brediland","2021-08-24","10199",TRUE,"Positive"
"Paisley - Brediland","2021-05-25","14415",TRUE,"Positive"
"Paisley - Brediland","2021-11-25","15489",TRUE,"Positive"
"Paisley - Brediland","2021-04-26","0",TRUE,"Negative"
"Paisley - Brediland","2021-08-26","8717",TRUE,"Positive (DNQ)"
"Paisley - Brediland","2021-10-26","1459",TRUE,"Weak Positive"
"Paisley - Brediland","2021-05-27","810",TRUE,"Weak Positive"
"Paisley - Brediland","2021-06-28","0",TRUE,"Negative"
"Paisley - Brediland","2021-07-28","1100",TRUE,"Weak Positive"
"Paisley - Brediland","2021-10-28","0",TRUE,"Negative"
"Paisley - Brediland","2021-04-29","0",TRUE,"Negative"
"Paisley - Brediland","2021-07-30","8391",TRUE,"Positive (DNQ)"
"Paisley - Brediland","2021-08-31",,FALSE,"Analysis Failed"
"Peebles","2020-09-01","0",TRUE,"Negative"
"Peebles","2020-12-01","5026",TRUE,"Positive (DNQ)"
"Peebles","2021-03-02","464",TRUE,"Weak Positive"
"Peebles","2021-09-02","72992",TRUE,"Positive"
"Peebles","2021-06-03","0",TRUE,"Negative"
"Peebles","2020-11-03","0",TRUE,"Negative"
"Peebles","2021-11-03","30275",TRUE,"Positive"
"Peebles","2021-08-04","98077",TRUE,"Positive"
"Peebles","2021-02-05","0",TRUE,"Negative"
"Peebles","2021-05-05","0",TRUE,"Negative"
"Peebles","2021-01-06","9128",TRUE,"Positive (DNQ)"
"Peebles","2020-10-06","0",TRUE,"Negative"
"Peebles","2021-10-06","10",TRUE,"Weak Positive"
"Peebles","2021-07-07","46968",TRUE,"Positive"
"Peebles","2020-09-08","0",TRUE,"Negative"
"Peebles","2021-09-08","28456",TRUE,"Positive"
"Peebles","2020-12-08","4847",TRUE,"Positive (DNQ)"
"Peebles","2021-03-09","322",TRUE,"Weak Positive"
"Peebles","2021-06-10","622",TRUE,"Weak Positive"
"Peebles","2020-11-10","3550",TRUE,"Positive (DNQ)"
"Peebles","2021-12-10","22306",TRUE,"Positive"
"Peebles","2021-01-12","20568",TRUE,"Positive"
"Peebles","2021-02-12","2821",TRUE,"Positive (DNQ)"
"Peebles","2021-05-12","0",TRUE,"Negative"
"Peebles","2021-08-12","15065",TRUE,"Positive"
"Peebles","2021-10-12","37029",TRUE,"Positive"
"Peebles","2021-11-12","25382",TRUE,"Positive"
"Peebles","2021-10-13","70004",TRUE,"Positive"
"Peebles","2021-04-14","0",TRUE,"Negative"
"Peebles","2020-10-14","1967",TRUE,"Positive (DNQ)"
"Peebles","2020-09-15","3201",TRUE,"Positive (DNQ)"
"Peebles","2020-12-15","2234",TRUE,"Positive (DNQ)"
"Peebles","2021-02-16",,FALSE,"Analysis Failed"
"Peebles","2021-03-16","0",TRUE,"Negative"
"Peebles","2020-11-17","5049",TRUE,"Positive (DNQ)"
"Peebles","2021-01-19","4058",TRUE,"Positive"
"Peebles","2021-05-19","637",TRUE,"Weak Positive"
"Peebles","2021-11-19","102401",TRUE,"Positive"
"Peebles","2021-08-20","48722",TRUE,"Positive"
"Peebles","2021-10-20","34595",TRUE,"Positive"
"Peebles","2021-07-21","14299",TRUE,"Positive"
"Peebles","2020-10-21","69418",TRUE,"Positive"
"Peebles","2021-09-22","1234",TRUE,"Weak Positive"
"Peebles","2021-06-23","7420",TRUE,"Positive (DNQ)"
"Peebles","2021-03-24","0",TRUE,"Negative"
"Peebles","2020-11-24","6007",TRUE,"Positive (DNQ)"
"Peebles","2021-08-25","32348",TRUE,"Positive"
"Peebles","2020-09-25","7537",TRUE,"Positive (DNQ)"
"Peebles","2021-01-26","0",TRUE,"Negative"
"Peebles","2021-02-26","2184",TRUE,"Positive (DNQ)"
"Peebles","2021-05-26","0",TRUE,"Negative"
"Peebles","2020-10-27","2374",TRUE,"Positive (DNQ)"
"Peebles","2021-04-28","3279",TRUE,"Positive (DNQ)"
"Peebles","2021-07-28","67972",TRUE,"Positive"
"Peebles","2020-09-29","2820",TRUE,"Positive (DNQ)"
"Peebles","2021-09-29","1787",TRUE,"Weak Positive"
"Peebles","2020-12-29","3456",TRUE,"Positive (DNQ)"
"Peebles","2021-06-30","8945",TRUE,"Positive (DNQ)"
"Peebles","2021-03-31","0",TRUE,"Negative"
"Penicuik","2021-06-01","30379",TRUE,"Positive"
"Penicuik","2021-03-02","20328",TRUE,"Positive"
"Penicuik","2021-09-02","684361",TRUE,"Positive"
"Penicuik","2021-11-02","61952",TRUE,"Positive"
"Penicuik","2021-05-05","27256",TRUE,"Positive"
"Penicuik","2021-07-05","367658",TRUE,"Positive"
"Penicuik","2021-04-08","0",TRUE,"Negative"
"Penicuik","2021-06-08","102458",TRUE,"Positive"
"Penicuik","2021-09-08",,FALSE,"Analysis Failed"
"Penicuik","2021-03-09","5891",TRUE,"Positive (DNQ)"
"Penicuik","2021-05-11","8965",TRUE,"Positive (DNQ)"
"Penicuik","2021-10-11","224338",TRUE,"Positive"
"Penicuik","2021-11-11","104546",TRUE,"Positive"
"Penicuik","2021-07-12","469573",TRUE,"Positive"
"Penicuik","2021-04-14","18341",TRUE,"Positive"
"Penicuik","2021-09-15","423665",TRUE,"Positive"
"Penicuik","2021-02-16","185357",TRUE,"Positive"
"Penicuik","2021-03-16","44102",TRUE,"Positive"
"Penicuik","2021-12-17","243452",TRUE,"Positive"
"Penicuik","2021-06-18","50799",TRUE,"Positive"
"Penicuik","2021-11-18","193434",TRUE,"Positive"
"Penicuik","2021-05-19","196734",TRUE,"Positive"
"Penicuik","2021-10-19","78643",TRUE,"Positive"
"Penicuik","2021-09-22",,FALSE,"Analysis Failed"
"Penicuik","2021-03-23","14165",TRUE,"Positive"
"Penicuik","2021-05-25","90792",TRUE,"Positive"
"Penicuik","2021-06-25","112360",TRUE,"Positive"
"Penicuik","2021-11-25","161565",TRUE,"Positive"
"Penicuik","2021-02-26","1973",TRUE,"Positive (DNQ)"
"Penicuik","2021-07-26","105297",TRUE,"Positive"
"Penicuik","2021-08-27","541256",TRUE,"Positive"
"Penicuik","2021-10-27","227946",TRUE,"Positive"
"Penicuik","2021-04-28","1202",TRUE,"Weak Positive"
"Penicuik","2021-09-28","268702",TRUE,"Positive"
"Penicuik","2021-03-29","4615",TRUE,"Positive (DNQ)"
"Penicuik","2021-06-29","263935",TRUE,"Positive"
"Persley","2021-11-01","180763",TRUE,"Positive"
"Persley","2021-11-05","546993",TRUE,"Positive"
"Persley","2021-11-09","436904",TRUE,"Positive"
"Persley","2021-12-09","87794",TRUE,"Positive"
"Persley","2021-11-11","132011",TRUE,"Positive"
"Persley","2021-12-14","119445",TRUE,"Positive"
"Persley","2021-11-18","265738",TRUE,"Positive"
"Persley","2021-11-22","295004",TRUE,"Positive"
"Persley","2021-11-24","393598",TRUE,"Positive"
"Persley","2021-11-29","191887",TRUE,"Positive"
"Persley - Northfield","2021-04-02","0",TRUE,"Negative"
"Persley - Northfield","2021-04-06","13572",TRUE,"Positive"
"Persley - Northfield","2021-05-07","1637",TRUE,"Positive (DNQ)"
"Persley - Northfield","2021-04-09","8931",TRUE,"Positive (DNQ)"
"Persley - Northfield","2021-05-11","1442",TRUE,"Positive (DNQ)"
"Persley - Northfield","2021-04-13","6864",TRUE,"Positive (DNQ)"
"Persley - Northfield","2021-05-14","0",TRUE,"Negative"
"Persley - Northfield","2021-03-16","8312",TRUE,"Positive (DNQ)"
"Persley - Northfield","2021-04-16","15051",TRUE,"Positive"
"Persley - Northfield","2021-03-17","1029",TRUE,"Weak Positive"
"Persley - Northfield","2021-03-18","115136",TRUE,"Positive"
"Persley - Northfield","2021-05-18","2501",TRUE,"Positive (DNQ)"
"Persley - Northfield","2021-03-19",,FALSE,"Analysis Failed"
"Persley - Northfield","2021-03-20",,FALSE,"Analysis Failed"
"Persley - Northfield","2021-05-21","0",TRUE,"Negative"
"Persley - Northfield","2021-03-23",,FALSE,"Analysis Failed"
"Persley - Northfield","2021-04-23","372083",TRUE,"Positive"
"Persley - Northfield","2021-03-24","0",TRUE,"Negative"
"Persley - Northfield","2021-05-25","0",TRUE,"Negative"
"Persley - Northfield","2021-03-26","6495",TRUE,"Positive (DNQ)"
"Persley - Northfield","2021-04-27","4067",TRUE,"Positive (DNQ)"
"Persley - Northfield","2021-05-28","0",TRUE,"Negative"
"Persley - Northfield","2021-03-30","197",TRUE,"Weak Positive"
"Persley - Northfield","2021-04-30","6207",TRUE,"Positive (DNQ)"
"Perth","2021-11-01","82261",TRUE,"Positive"
"Perth","2021-12-01","151952",TRUE,"Positive"
"Perth","2021-04-02","5255",TRUE,"Positive (DNQ)"
"Perth","2021-06-02","12449",TRUE,"Positive"
"Perth","2021-09-02","179722",TRUE,"Positive"
"Perth","2021-03-03","6449",TRUE,"Positive (DNQ)"
"Perth","2021-11-03","85454",TRUE,"Positive"
"Perth","2021-05-04","3660",TRUE,"Positive (DNQ)"
"Perth","2021-06-04","53529",TRUE,"Positive"
"Perth","2021-11-05","41312",TRUE,"Positive"
"Perth","2021-03-06","7382",TRUE,"Positive (DNQ)"
"Perth","2021-09-06","379192",TRUE,"Positive"
"Perth","2021-10-06","30576",TRUE,"Positive"
"Perth","2021-12-06","217507",TRUE,"Positive"
"Perth","2021-05-07","4180",TRUE,"Positive (DNQ)"
"Perth","2021-07-07","16452",TRUE,"Positive"
"Perth","2021-03-08","10320",TRUE,"Positive"
"Perth","2021-04-08","4500",TRUE,"Positive (DNQ)"
"Perth","2021-06-08","28567",TRUE,"Positive"
"Perth","2021-10-08","172394",TRUE,"Positive"
"Perth","2021-11-08","290252",TRUE,"Positive"
"Perth","2021-12-08","37494",TRUE,"Positive"
"Perth","2021-04-09","4411",TRUE,"Positive (DNQ)"
"Perth","2021-07-09","62631",TRUE,"Positive"
"Perth","2021-09-09","183120",TRUE,"Positive"
"Perth","2021-12-09","36997",TRUE,"Positive"
"Perth","2021-05-10","5719",TRUE,"Positive (DNQ)"
"Perth","2021-06-10","51884",TRUE,"Positive"
"Perth","2021-11-10","245404",TRUE,"Positive"
"Perth","2021-10-11","71647",TRUE,"Positive"
"Perth","2021-03-12","14889",TRUE,"Positive"
"Perth","2021-11-12","131789",TRUE,"Positive"
"Perth","2021-04-13","3387",TRUE,"Positive (DNQ)"
"Perth","2021-07-13","108607",TRUE,"Positive"
"Perth","2021-09-13","347199",TRUE,"Positive"
"Perth","2021-10-13","138245",TRUE,"Positive"
"Perth","2021-05-14","5329",TRUE,"Positive (DNQ)"
"Perth","2021-06-14","61809",TRUE,"Positive"
"Perth","2021-04-15","10286",TRUE,"Positive"
"Perth","2021-11-15","224053",TRUE,"Positive"
"Perth","2021-12-15","111934",TRUE,"Positive"
"Perth","2021-03-16","11316",TRUE,"Positive"
"Perth","2021-06-16","44032",TRUE,"Positive"
"Perth","2021-07-16","154051",TRUE,"Positive"
"Perth","2021-09-16","348284",TRUE,"Positive"
"Perth","2021-12-17","130173",TRUE,"Positive"
"Perth","2021-02-18","38159",TRUE,"Positive"
"Perth","2021-10-18","90661",TRUE,"Positive"
"Perth","2021-02-19","9532",TRUE,"Positive (DNQ)"
"Perth","2021-03-19","17233",TRUE,"Positive"
"Perth","2021-05-19","804",TRUE,"Weak Positive"
"Perth","2021-07-19","41362",TRUE,"Positive"
"Perth","2021-08-19","170479",TRUE,"Positive"
"Perth","2021-11-19","184285",TRUE,"Positive"
"Perth","2021-09-20","141973",TRUE,"Positive"
"Perth","2021-12-20","40483",TRUE,"Positive"
"Perth","2021-05-21","1759",TRUE,"Positive (DNQ)"
"Perth","2021-10-21","166234",TRUE,"Positive"
"Perth","2021-03-22","9807",TRUE,"Positive (DNQ)"
"Perth","2021-11-22","127538",TRUE,"Positive"
"Perth","2021-03-23","7189",TRUE,"Positive (DNQ)"
"Perth","2021-06-23","51963",TRUE,"Positive"
"Perth","2021-07-23","86259",TRUE,"Positive"
"Perth","2021-09-23","190398",TRUE,"Positive"
"Perth","2021-02-24","27473",TRUE,"Positive"
"Perth","2021-05-24","4248",TRUE,"Positive (DNQ)"
"Perth","2021-11-24","203941",TRUE,"Positive"
"Perth","2021-02-25","28022",TRUE,"Positive"
"Perth","2021-06-25","40900",TRUE,"Positive"
"Perth","2021-07-26","66584",TRUE,"Positive"
"Perth","2021-10-26","267717",TRUE,"Positive"
"Perth","2021-09-27","519797",TRUE,"Positive"
"Perth","2021-05-28","18971",TRUE,"Positive"
"Perth","2021-06-28","65651",TRUE,"Positive"
"Perth","2021-10-28","132198",TRUE,"Positive"
"Perth","2021-04-29","9254",TRUE,"Positive (DNQ)"
"Perth","2021-11-29","184422",TRUE,"Positive"
"Perth","2021-12-29","146215",TRUE,"Positive"
"Perth","2021-07-30","49455",TRUE,"Positive"
"Perth","2021-08-30","591290",TRUE,"Positive"
"Perth","2021-03-31","2509",TRUE,"Positive (DNQ)"
"Peterhead","2021-02-01","142942",TRUE,"Positive"
"Peterhead","2021-10-01","56782",TRUE,"Positive"
"Peterhead","2021-11-01","48826",TRUE,"Positive"
"Peterhead","2021-02-02","40017",TRUE,"Positive"
"Peterhead","2021-03-02","546",TRUE,"Weak Positive"
"Peterhead","2021-04-02","1181",TRUE,"Weak Positive"
"Peterhead","2021-07-02","10232",TRUE,"Positive"
"Peterhead","2021-08-02","8978",TRUE,"Positive (DNQ)"
"Peterhead","2021-09-02","166583",TRUE,"Positive"
"Peterhead","2021-11-02","48473",TRUE,"Positive"
"Peterhead","2021-02-03","32945",TRUE,"Positive"
"Peterhead","2021-03-03","432",TRUE,"Weak Positive"
"Peterhead","2021-05-03","17308",TRUE,"Positive"
"Peterhead","2021-06-03","3514",TRUE,"Positive (DNQ)"
"Peterhead","2021-08-03","1875",TRUE,"Weak Positive"
"Peterhead","2021-09-03","24635",TRUE,"Positive"
"Peterhead","2021-05-04","3427",TRUE,"Positive (DNQ)"
"Peterhead","2021-10-04","36424",TRUE,"Positive"
"Peterhead","2021-03-05",,FALSE,"Analysis Failed"
"Peterhead","2021-04-05","980",TRUE,"Weak Positive"
"Peterhead","2021-04-06","0",TRUE,"Negative"
"Peterhead","2021-09-06","68603",TRUE,"Positive"
"Peterhead","2021-07-07","8217",TRUE,"Positive (DNQ)"
"Peterhead","2021-12-07","41341",TRUE,"Positive"
"Peterhead","2021-03-08","890",TRUE,"Weak Positive"
"Peterhead","2021-02-09","8356",TRUE,"Positive (DNQ)"
"Peterhead","2021-03-09","972",TRUE,"Weak Positive"
"Peterhead","2021-04-09","0",TRUE,"Negative"
"Peterhead","2021-06-09","966",TRUE,"Weak Positive"
"Peterhead","2021-07-09","8325",TRUE,"Positive (DNQ)"
"Peterhead","2021-08-09","36189",TRUE,"Positive"
"Peterhead","2021-05-10","664",TRUE,"Weak Positive"
"Peterhead","2021-02-11","1099",TRUE,"Weak Positive"
"Peterhead","2021-03-11","1118",TRUE,"Weak Positive"
"Peterhead","2021-06-11","0",TRUE,"Negative"
"Peterhead","2021-11-11","16367",TRUE,"Positive"
"Peterhead","2021-02-12","1956",TRUE,"Positive (DNQ)"
"Peterhead","2021-04-12","463",TRUE,"Weak Positive"
"Peterhead","2021-11-12",,FALSE,"Analysis Failed"
"Peterhead","2021-10-13","74474",TRUE,"Positive"
"Peterhead","2021-04-14","281",TRUE,"Weak Positive"
"Peterhead","2021-06-14","0",TRUE,"Negative"
"Peterhead","2021-02-15","5149",TRUE,"Positive (DNQ)"
"Peterhead","2021-10-15","41691",TRUE,"Positive"
"Peterhead","2021-11-15","52702",TRUE,"Positive"
"Peterhead","2021-07-16","9080",TRUE,"Positive (DNQ)"
"Peterhead","2021-03-17","571",TRUE,"Weak Positive"
"Peterhead","2021-05-17","1279",TRUE,"Weak Positive"
"Peterhead","2021-09-17","155660",TRUE,"Positive"
"Peterhead","2021-12-17","69042",TRUE,"Positive"
"Peterhead","2021-02-18","4925",TRUE,"Positive (DNQ)"
"Peterhead","2021-03-18","1430",TRUE,"Positive (DNQ)"
"Peterhead","2021-06-18","839",TRUE,"Weak Positive"
"Peterhead","2021-02-19","1739",TRUE,"Positive (DNQ)"
"Peterhead","2021-03-19","1895",TRUE,"Positive (DNQ)"
"Peterhead","2021-05-19","0",TRUE,"Negative"
"Peterhead","2021-08-19","55751",TRUE,"Positive"
"Peterhead","2021-11-19","46629",TRUE,"Positive"
"Peterhead","2021-09-20","27397",TRUE,"Positive"
"Peterhead","2021-06-21","1141",TRUE,"Weak Positive"
"Peterhead","2021-02-22","7265",TRUE,"Positive (DNQ)"
"Peterhead","2021-03-22","0",TRUE,"Negative"
"Peterhead","2021-04-22","0",TRUE,"Negative"
"Peterhead","2021-10-22","23101",TRUE,"Positive"
"Peterhead","2021-02-23","1527",TRUE,"Weak Positive"
"Peterhead","2021-03-23","855",TRUE,"Weak Positive"
"Peterhead","2021-06-23","7678",TRUE,"Positive (DNQ)"
"Peterhead","2021-07-23","2742",TRUE,"Weak Positive"
"Peterhead","2021-05-24","0",TRUE,"Negative"
"Peterhead","2021-08-24","7292",TRUE,"Positive (DNQ)"
"Peterhead","2021-11-24","43217",TRUE,"Positive"
"Peterhead","2021-01-25","7597",TRUE,"Positive (DNQ)"
"Peterhead","2021-02-25","248",TRUE,"Weak Positive"
"Peterhead","2021-03-25","700",TRUE,"Weak Positive"
"Peterhead","2021-05-25","0",TRUE,"Negative"
"Peterhead","2021-11-25","26721",TRUE,"Positive"
"Peterhead","2021-07-26","13434",TRUE,"Positive"
"Peterhead","2021-08-26","31006",TRUE,"Positive"
"Peterhead","2021-04-27","448",TRUE,"Weak Positive"
"Peterhead","2021-05-27","3294",TRUE,"Positive (DNQ)"
"Peterhead","2021-07-27","12285",TRUE,"Positive"
"Peterhead","2021-06-28","8047",TRUE,"Positive (DNQ)"
"Peterhead","2021-10-28","108966",TRUE,"Positive"
"Peterhead","2021-01-29","4779",TRUE,"Positive (DNQ)"
"Peterhead","2021-03-29","510",TRUE,"Weak Positive"
"Peterhead","2021-04-29","1588",TRUE,"Positive (DNQ)"
"Peterhead","2021-09-29","152820",TRUE,"Positive"
"Peterhead","2021-10-29","103814",TRUE,"Positive"
"Peterhead","2021-12-29","345195",TRUE,"Positive"
"Peterhead","2021-11-30","53696",TRUE,"Positive"
"Peterhead","2021-03-31","1317",TRUE,"Weak Positive"
"Peterhead","2021-05-31","0",TRUE,"Negative"
"Philipshill","2021-03-01","23927",TRUE,"Positive"
"Philipshill","2021-04-01","18068",TRUE,"Positive"
"Philipshill","2021-10-01","91985",TRUE,"Positive"
"Philipshill","2021-11-01","29998",TRUE,"Positive"
"Philipshill","2020-12-01","249169",TRUE,"Positive"
"Philipshill","2021-02-02","57775",TRUE,"Positive"
"Philipshill","2021-07-02","186421",TRUE,"Positive"
"Philipshill","2020-10-02","29868",TRUE,"Positive"
"Philipshill","2020-12-02","35387",TRUE,"Positive"
"Philipshill","2021-11-03","81982",TRUE,"Positive"
"Philipshill","2020-09-04","7845",TRUE,"Positive (DNQ)"
"Philipshill","2020-11-04","42714",TRUE,"Positive"
"Philipshill","2021-11-04","95952",TRUE,"Positive"
"Philipshill","2021-08-05","115310",TRUE,"Positive"
"Philipshill","2021-01-06","81968",TRUE,"Positive"
"Philipshill","2021-05-06","11385",TRUE,"Positive"
"Philipshill","2020-10-06","98134",TRUE,"Positive"
"Philipshill","2021-12-06","103503",TRUE,"Positive"
"Philipshill","2021-04-07","11646",TRUE,"Positive"
"Philipshill","2021-02-08","20998",TRUE,"Positive"
"Philipshill","2021-10-08","147280",TRUE,"Positive"
"Philipshill","2021-11-08","98977",TRUE,"Positive"
"Philipshill","2021-12-08","52019",TRUE,"Positive"
"Philipshill","2021-07-09","147096",TRUE,"Positive"
"Philipshill","2020-11-09","30168",TRUE,"Positive"
"Philipshill","2021-11-09","163454",TRUE,"Positive"
"Philipshill","2020-12-09","16015",TRUE,"Positive"
"Philipshill","2021-06-10","39946",TRUE,"Positive"
"Philipshill","2020-09-10","1612",TRUE,"Positive (DNQ)"
"Philipshill","2021-09-10","553786",TRUE,"Positive"
"Philipshill","2020-11-10","40315",TRUE,"Positive"
"Philipshill","2021-11-10","107315",TRUE,"Positive"
"Philipshill","2021-12-10","132112",TRUE,"Positive"
"Philipshill","2020-11-11","32447",TRUE,"Positive"
"Philipshill","2020-12-11","27694",TRUE,"Positive"
"Philipshill","2021-01-12","105054",TRUE,"Positive"
"Philipshill","2021-03-12","24356",TRUE,"Positive"
"Philipshill","2021-05-13","11815",TRUE,"Positive"
"Philipshill","2021-08-13","160684",TRUE,"Positive"
"Philipshill","2021-12-13",,FALSE,"Analysis Failed"
"Philipshill","2021-06-14","24692",TRUE,"Positive"
"Philipshill","2020-10-14","53886",TRUE,"Positive"
"Philipshill","2021-10-14","133309",TRUE,"Positive"
"Philipshill","2021-04-15","25106",TRUE,"Positive"
"Philipshill","2021-10-15","212735",TRUE,"Positive"
"Philipshill","2021-11-15","70665",TRUE,"Positive"
"Philipshill","2020-12-15","47530",TRUE,"Positive"
"Philipshill","2021-12-15","278825",TRUE,"Positive"
"Philipshill","2021-02-16","21906",TRUE,"Positive"
"Philipshill","2021-03-16","14528",TRUE,"Positive"
"Philipshill","2021-07-16","149783",TRUE,"Positive"
"Philipshill","2021-08-16","145814",TRUE,"Positive"
"Philipshill","2021-09-16","260924",TRUE,"Positive"
"Philipshill","2020-11-16","153337",TRUE,"Positive"
"Philipshill","2021-11-16","123260",TRUE,"Positive"
"Philipshill","2021-05-17","1595",TRUE,"Positive (DNQ)"
"Philipshill","2021-12-17",,FALSE,"Analysis Failed"
"Philipshill","2021-10-18","91182",TRUE,"Positive"
"Philipshill","2021-01-19","56755",TRUE,"Positive"
"Philipshill","2020-09-20","19346",TRUE,"Positive"
"Philipshill","2021-02-22","11823",TRUE,"Positive"
"Philipshill","2021-11-22","175043",TRUE,"Positive"
"Philipshill","2021-07-23","118874",TRUE,"Positive"
"Philipshill","2021-09-23","598237",TRUE,"Positive"
"Philipshill","2020-10-23","98972",TRUE,"Positive"
"Philipshill","2020-11-23","35068",TRUE,"Positive"
"Philipshill","2021-11-23","101187",TRUE,"Positive"
"Philipshill","2021-03-24","20563",TRUE,"Positive"
"Philipshill","2020-09-24","12601",TRUE,"Positive"
"Philipshill","2021-11-24",,FALSE,"Analysis Failed"
"Philipshill","2021-01-25","147037",TRUE,"Positive"
"Philipshill","2021-06-25","48232",TRUE,"Positive"
"Philipshill","2020-11-25","7809",TRUE,"Positive (DNQ)"
"Philipshill","2021-05-26","20816",TRUE,"Positive"
"Philipshill","2020-10-26","119819",TRUE,"Positive"
"Philipshill","2021-10-26","87861",TRUE,"Positive"
"Philipshill","2021-08-27","892467",TRUE,"Positive"
"Philipshill","2021-04-29","25070",TRUE,"Positive"
"Philipshill","2021-11-29","175074",TRUE,"Positive"
"Philipshill","2020-12-29","119652",TRUE,"Positive"
"Philipshill","2021-12-29",,FALSE,"Analysis Failed"
"Philipshill","2021-07-30","338275",TRUE,"Positive"
"Philipshill","2021-08-30","877169",TRUE,"Positive"
"Philipshill","2020-11-30","177194",TRUE,"Positive"
"Philipshill","2021-05-31","46633",TRUE,"Positive"
"Philipshill - Hairmyres Hospital","2021-09-02","0",TRUE,"Negative"
"Philipshill - Hairmyres Hospital","2021-09-30","0",TRUE,"Negative"
"Philipshill - Stewartfield (3606)","2021-04-06","0",TRUE,"Negative"
"Philipshill - Stewartfield (3606)","2021-04-07","0",TRUE,"Negative"
"Philipshill - Stewartfield (3606)","2021-04-08","0",TRUE,"Negative"
"Philipshill - Stewartfield (3606)","2021-04-09","0",TRUE,"Negative"
"Philipshill - Stewartfield (3606)","2021-04-10","683",TRUE,"Weak Positive"
"Philipshill - Stewartfield (3606)","2021-04-14",,FALSE,"Analysis Failed"
"Philipshill - Stewartfield (3606)","2021-04-26","0",TRUE,"Negative"
"Philipshill - Stewartfield (3606)","2021-04-29","0",TRUE,"Negative"
"Philipshill - Stewartfield (7801)","2021-04-06","709",TRUE,"Weak Positive"
"Philipshill - Stewartfield (7801)","2021-04-07",,FALSE,"Analysis Failed"
"Philipshill - Stewartfield (7801)","2021-04-08",,FALSE,"Analysis Failed"
"Philipshill - Stewartfield (7801)","2021-04-09","0",TRUE,"Negative"
"Philipshill - Stewartfield (7801)","2021-04-10","0",TRUE,"Negative"
"Philipshill - Stewartfield (7801)","2021-04-26","8075",TRUE,"Positive (DNQ)"
"Philipshill - Stewartfield (7801)","2021-04-29","813",TRUE,"Weak Positive"
"Sanquhar","2021-09-01",,FALSE,"Analysis Failed"
"Sanquhar","2021-06-02","2770",TRUE,"Positive (DNQ)"
"Sanquhar","2021-11-02","1863",TRUE,"Weak Positive"
"Sanquhar","2021-05-03","6164",TRUE,"Positive (DNQ)"
"Sanquhar","2021-06-04","917",TRUE,"Weak Positive"
"Sanquhar","2021-11-04","7482",TRUE,"Positive (DNQ)"
"Sanquhar","2021-07-06","232422",TRUE,"Positive"
"Sanquhar","2021-09-06","804089",TRUE,"Positive"
"Sanquhar","2021-10-06","60681",TRUE,"Positive"
"Sanquhar","2021-05-07","17919",TRUE,"Positive"
"Sanquhar","2021-06-09","24509",TRUE,"Positive"
"Sanquhar","2021-07-09","129635",TRUE,"Positive"
"Sanquhar","2021-09-10","288263",TRUE,"Positive"
"Sanquhar","2021-05-11","9999",TRUE,"Positive (DNQ)"
"Sanquhar","2021-06-11","340067",TRUE,"Positive"
"Sanquhar","2021-05-12","6487",TRUE,"Positive (DNQ)"
"Sanquhar","2021-07-13","19843",TRUE,"Positive"
"Sanquhar","2021-06-15","30228",TRUE,"Positive"
"Sanquhar","2021-09-15","302385",TRUE,"Positive"
"Sanquhar","2021-07-16","1856",TRUE,"Weak Positive"
"Sanquhar","2021-09-17","62111",TRUE,"Positive"
"Sanquhar","2021-11-17","3808",TRUE,"Weak Positive"
"Sanquhar","2021-12-17","11759",TRUE,"Positive"
"Sanquhar","2021-06-18","269040",TRUE,"Positive"
"Sanquhar","2021-10-18","487",TRUE,"Weak Positive"
"Sanquhar","2021-05-19","7518",TRUE,"Positive (DNQ)"
"Sanquhar","2021-11-19","28139",TRUE,"Positive"
"Sanquhar","2021-07-20","72168",TRUE,"Positive"
"Sanquhar","2021-10-20","19472",TRUE,"Positive"
"Sanquhar","2021-05-21","15127",TRUE,"Positive"
"Sanquhar","2021-06-22","148078",TRUE,"Positive"
"Sanquhar","2021-06-23","34528",TRUE,"Positive"
"Sanquhar","2021-07-23","88189",TRUE,"Positive"
"Sanquhar","2021-08-23","43425",TRUE,"Positive"
"Sanquhar","2021-11-24","368635",TRUE,"Positive"
"Sanquhar","2021-05-26","1704",TRUE,"Positive (DNQ)"
"Sanquhar","2021-07-26","38844",TRUE,"Positive"
"Sanquhar","2021-07-27","30802",TRUE,"Positive"
"Sanquhar","2021-10-27","5958",TRUE,"Weak Positive"
"Sanquhar","2021-05-28","346",TRUE,"Weak Positive"
"Sanquhar","2021-04-29","0",TRUE,"Negative"
"Sanquhar","2021-06-29","44717",TRUE,"Positive"
"Sanquhar","2021-08-30","994160",TRUE,"Positive"
"Seafield","2021-03-01","30240",TRUE,"Positive"
"Seafield","2021-09-01","289746",TRUE,"Positive"
"Seafield","2021-10-01","123845",TRUE,"Positive"
"Seafield","2021-11-01","56952",TRUE,"Positive"
"Seafield","2021-12-01","97887",TRUE,"Positive"
"Seafield","2021-02-02","26853",TRUE,"Positive"
"Seafield","2021-04-02","11869",TRUE,"Positive"
"Seafield","2021-06-02","43477",TRUE,"Positive"
"Seafield","2021-07-02","593905",TRUE,"Positive"
"Seafield","2021-08-02","66816",TRUE,"Positive"
"Seafield","2020-09-02","1691",TRUE,"Positive (DNQ)"
"Seafield","2020-11-02","40763",TRUE,"Positive"
"Seafield","2021-11-02","40396",TRUE,"Positive"
"Seafield","2021-03-03","31697",TRUE,"Positive"
"Seafield","2021-05-03","3798",TRUE,"Positive (DNQ)"
"Seafield","2021-09-03","302165",TRUE,"Positive"
"Seafield","2021-11-03","177377",TRUE,"Positive"
"Seafield","2020-12-03","57888",TRUE,"Positive"
"Seafield","2021-01-04","164158",TRUE,"Positive"
"Seafield","2021-06-04","65618",TRUE,"Positive"
"Seafield","2021-08-04","76029",TRUE,"Positive"
"Seafield","2021-10-04","49605",TRUE,"Positive"
"Seafield","2021-03-05","21962",TRUE,"Positive"
"Seafield","2021-04-05","6983",TRUE,"Positive (DNQ)"
"Seafield","2021-05-05","6249",TRUE,"Positive (DNQ)"
"Seafield","2021-07-05","222905",TRUE,"Positive"
"Seafield","2021-11-05","74512",TRUE,"Positive"
"Seafield","2021-08-06","103126",TRUE,"Positive"
"Seafield","2021-09-06","822089",TRUE,"Positive"
"Seafield","2021-10-06","18367",TRUE,"Positive"
"Seafield","2021-12-06","252364",TRUE,"Positive"
"Seafield","2021-04-07","7381",TRUE,"Positive (DNQ)"
"Seafield","2021-05-07","3187",TRUE,"Positive (DNQ)"
"Seafield","2021-06-07","69104",TRUE,"Positive"
"Seafield","2021-07-07","93973",TRUE,"Positive"
"Seafield","2020-09-07","9357",TRUE,"Positive (DNQ)"
"Seafield","2020-12-07","27505",TRUE,"Positive"
"Seafield","2021-12-07","30637",TRUE,"Positive"
"Seafield","2021-02-08","14852",TRUE,"Positive"
"Seafield","2021-03-08","21841",TRUE,"Positive"
"Seafield","2021-09-08","177617",TRUE,"Positive"
"Seafield","2021-10-08","56572",TRUE,"Positive"
"Seafield","2021-11-08","124125",TRUE,"Positive"
"Seafield","2021-12-08","97494",TRUE,"Positive"
"Seafield","2021-04-09","9517",TRUE,"Positive (DNQ)"
"Seafield","2021-06-09","64953",TRUE,"Positive"
"Seafield","2021-07-09","120122",TRUE,"Positive"
"Seafield","2021-08-09","50610",TRUE,"Positive"
"Seafield","2020-11-09","26283",TRUE,"Positive"
"Seafield","2021-11-09","35926",TRUE,"Positive"
"Seafield","2021-03-10","28488",TRUE,"Positive"
"Seafield","2021-05-10","11405",TRUE,"Positive"
"Seafield","2021-09-10","208899",TRUE,"Positive"
"Seafield","2021-11-10","50723",TRUE,"Positive"
"Seafield","2021-12-10","122124",TRUE,"Positive"
"Seafield","2021-01-11","102807",TRUE,"Positive"
"Seafield","2021-06-11","71760",TRUE,"Positive"
"Seafield","2021-08-11","23229",TRUE,"Positive"
"Seafield","2021-10-11","91725",TRUE,"Positive"
"Seafield","2021-03-12","19116",TRUE,"Positive"
"Seafield","2021-05-12","3207",TRUE,"Positive (DNQ)"
"Seafield","2021-07-12","112773",TRUE,"Positive"
"Seafield","2020-10-12","51873",TRUE,"Positive"
"Seafield","2021-11-12","86909",TRUE,"Positive"
"Seafield","2021-04-13","5504",TRUE,"Positive (DNQ)"
"Seafield","2021-08-13","124069",TRUE,"Positive"
"Seafield","2021-09-13","411607",TRUE,"Positive"
"Seafield","2021-10-13","75370",TRUE,"Positive"
"Seafield","2021-04-14","12265",TRUE,"Positive"
"Seafield","2021-05-14","10470",TRUE,"Positive"
"Seafield","2021-06-14","45871",TRUE,"Positive"
"Seafield","2020-12-14","23828",TRUE,"Positive"
"Seafield","2021-12-14",,FALSE,"Analysis Failed"
"Seafield","2021-02-15","151288",TRUE,"Positive"
"Seafield","2021-10-15","130289",TRUE,"Positive"
"Seafield","2021-11-15","132261",TRUE,"Positive"
"Seafield","2021-12-15","310611",TRUE,"Positive"
"Seafield","2021-03-16","22723",TRUE,"Positive"
"Seafield","2021-06-16","107945",TRUE,"Positive"
"Seafield","2021-07-16","147170",TRUE,"Positive"
"Seafield","2021-08-16","101780",TRUE,"Positive"
"Seafield","2020-11-16","11841",TRUE,"Positive"
"Seafield","2021-11-16","183207",TRUE,"Positive"
"Seafield","2021-05-17","6918",TRUE,"Positive (DNQ)"
"Seafield","2021-09-17","301943",TRUE,"Positive"
"Seafield","2021-11-17","53065",TRUE,"Positive"
"Seafield","2021-12-17","458274",TRUE,"Positive"
"Seafield","2021-01-18","58557",TRUE,"Positive"
"Seafield","2021-03-18","2477",TRUE,"Positive (DNQ)"
"Seafield","2021-06-18","79430",TRUE,"Positive"
"Seafield","2021-08-18","176392",TRUE,"Positive"
"Seafield","2021-10-18","34030",TRUE,"Positive"
"Seafield","2021-03-19","25570",TRUE,"Positive"
"Seafield","2021-05-19","15119",TRUE,"Positive"
"Seafield","2021-07-19","166274",TRUE,"Positive"
"Seafield","2020-10-19","25333",TRUE,"Positive"
"Seafield","2021-11-19","116554",TRUE,"Positive"
"Seafield","2021-08-20","207254",TRUE,"Positive"
"Seafield","2021-09-20","121020",TRUE,"Positive"
"Seafield","2021-10-20","80283",TRUE,"Positive"
"Seafield","2021-12-20","530500",TRUE,"Positive"
"Seafield","2021-05-21","15892",TRUE,"Positive"
"Seafield","2021-06-21","80383",TRUE,"Positive"
"Seafield","2020-09-21","25637",TRUE,"Positive"
"Seafield","2021-02-22","27775",TRUE,"Positive"
"Seafield","2021-03-22","14056",TRUE,"Positive"
"Seafield","2021-04-22","5793",TRUE,"Positive (DNQ)"
"Seafield","2021-09-22","204995",TRUE,"Positive"
"Seafield","2021-10-22","65613",TRUE,"Positive"
"Seafield","2021-11-22","238719",TRUE,"Positive"
"Seafield","2021-02-23","29431",TRUE,"Positive"
"Seafield","2021-07-23","52203",TRUE,"Positive"
"Seafield","2021-08-23","187969",TRUE,"Positive"
"Seafield","2021-11-23","149867",TRUE,"Positive"
"Seafield","2021-03-24","38233",TRUE,"Positive"
"Seafield","2021-05-24","13649",TRUE,"Positive"
"Seafield","2021-09-24","199122",TRUE,"Positive"
"Seafield","2021-11-24","224760",TRUE,"Positive"
"Seafield","2021-01-25","62618",TRUE,"Positive"
"Seafield","2021-08-25","167908",TRUE,"Positive"
"Seafield","2021-10-25","94101",TRUE,"Positive"
"Seafield","2021-03-26","18922",TRUE,"Positive"
"Seafield","2021-05-26","26235",TRUE,"Positive"
"Seafield","2021-07-26","100576",TRUE,"Positive"
"Seafield","2021-08-27","285852",TRUE,"Positive"
"Seafield","2021-09-27","193463",TRUE,"Positive"
"Seafield","2020-10-27","43502",TRUE,"Positive"
"Seafield","2021-10-27","264788",TRUE,"Positive"
"Seafield","2021-04-28","3216",TRUE,"Positive (DNQ)"
"Seafield","2021-05-28","25326",TRUE,"Positive"
"Seafield","2021-06-28","222126",TRUE,"Positive"
"Seafield","2021-07-28","46851",TRUE,"Positive"
"Seafield","2020-09-28","32581",TRUE,"Positive"
"Seafield","2021-03-29","17328",TRUE,"Positive"
"Seafield","2021-09-29","225922",TRUE,"Positive"
"Seafield","2021-10-29","39624",TRUE,"Positive"
"Seafield","2021-11-29","199784",TRUE,"Positive"
"Seafield","2021-12-29","335513",TRUE,"Positive"
"Seafield","2021-08-30",,FALSE,"Analysis Failed"
"Seafield","2021-11-30",,FALSE,"Analysis Failed"
"Seafield","2021-03-31","8796",TRUE,"Positive (DNQ)"
"Seafield","2021-05-31","29298",TRUE,"Positive"
"Seafield - Cockenzie","2021-06-01","0",TRUE,"Negative"
"Seafield - Cockenzie","2021-07-01","480810",TRUE,"Positive"
"Seafield - Cockenzie","2021-06-02","0",TRUE,"Negative"
"Seafield - Cockenzie","2021-11-02","45365",TRUE,"Positive"
"Seafield - Cockenzie","2021-06-03","0",TRUE,"Negative"
"Seafield - Cockenzie","2021-08-03","50824",TRUE,"Positive"
"Seafield - Cockenzie","2021-09-03",,FALSE,"Analysis Failed"
"Seafield - Cockenzie","2021-06-04","2641",TRUE,"Positive (DNQ)"
"Seafield - Cockenzie","2021-11-04","145449",TRUE,"Positive"
"Seafield - Cockenzie","2021-08-05","74274",TRUE,"Positive"
"Seafield - Cockenzie","2021-07-07","64188",TRUE,"Positive"
"Seafield - Cockenzie","2021-12-07","24577",TRUE,"Positive"
"Seafield - Cockenzie","2021-09-08",,FALSE,"Analysis Failed"
"Seafield - Cockenzie","2021-06-09","8150",TRUE,"Positive (DNQ)"
"Seafield - Cockenzie","2021-07-09","47388",TRUE,"Positive"
"Seafield - Cockenzie","2021-08-09","94424",TRUE,"Positive"
"Seafield - Cockenzie","2021-11-09","8330",TRUE,"Positive (DNQ)"
"Seafield - Cockenzie","2021-06-11","11607",TRUE,"Positive (DNQ)"
"Seafield - Cockenzie","2021-08-11",,FALSE,"Analysis Failed"
"Seafield - Cockenzie","2021-11-11",,FALSE,"Analysis Failed"
"Seafield - Cockenzie","2021-12-14","28957",TRUE,"Positive"
"Seafield - Cockenzie","2021-06-16","10251",TRUE,"Positive (DNQ)"
"Seafield - Cockenzie","2021-07-16","512881",TRUE,"Positive"
"Seafield - Cockenzie","2021-08-16","137849",TRUE,"Positive"
"Seafield - Cockenzie","2021-12-16","27132",TRUE,"Positive"
"Seafield - Cockenzie","2021-11-17",,FALSE,"Analysis Failed"
"Seafield - Cockenzie","2021-06-18","21503",TRUE,"Positive"
"Seafield - Cockenzie","2021-11-18","1150761",TRUE,"Positive"
"Seafield - Cockenzie","2021-10-19","40115",TRUE,"Positive"
"Seafield - Cockenzie","2021-06-21","384022",TRUE,"Positive"
"Seafield - Cockenzie","2021-07-21","177830",TRUE,"Positive"
"Seafield - Cockenzie","2021-10-21",,FALSE,"Analysis Failed"
"Seafield - Cockenzie","2021-07-23","34468",TRUE,"Positive"
"Seafield - Cockenzie","2021-08-23",,FALSE,"Analysis Failed"
"Seafield - Cockenzie","2021-11-23",,FALSE,"Analysis Failed"
"Seafield - Cockenzie","2021-06-24","201504",TRUE,"Positive"
"Seafield - Cockenzie","2021-08-25",,FALSE,"Analysis Failed"
"Seafield - Cockenzie","2021-10-25",,FALSE,"Analysis Failed"
"Seafield - Cockenzie","2021-11-25",,FALSE,"Analysis Failed"
"Seafield - Cockenzie","2021-10-26",,FALSE,"Analysis Failed"
"Seafield - Cockenzie","2021-07-27","5989",TRUE,"Weak Positive"
"Seafield - Cockenzie","2021-06-28","1889679",TRUE,"Positive"
"Seafield - Cockenzie","2021-07-29","43637",TRUE,"Positive"
"Seafield - Cockenzie","2021-09-30","44920",TRUE,"Positive"
"Seafield - Cockenzie","2021-05-31","0",TRUE,"Negative"
"Seafield - Cockenzie","2021-08-31","121966",TRUE,"Positive"
"Seafield - Craigmillar","2021-11-01","51220",TRUE,"Positive"
"Seafield - Craigmillar","2021-11-04","4182",TRUE,"Weak Positive"
"Seafield - Craigmillar","2021-12-07","41904",TRUE,"Positive"
"Seafield - Craigmillar","2021-11-09","494679",TRUE,"Positive"
"Seafield - Craigmillar","2021-11-11","2179",TRUE,"Weak Positive"
"Seafield - Craigmillar","2021-12-14","97923",TRUE,"Positive"
"Seafield - Craigmillar","2021-11-16","29108",TRUE,"Positive"
"Seafield - Craigmillar","2021-12-16","42420",TRUE,"Positive"
"Seafield - Craigmillar","2021-11-18",,FALSE,"Analysis Failed"
"Seafield - Craigmillar","2021-11-23","116055",TRUE,"Positive"
"Seafield - Craigmillar","2021-11-25","8415",TRUE,"Positive (DNQ)"
"Seafield - Muirhouse","2021-11-02","5443",TRUE,"Weak Positive"
"Seafield - Muirhouse","2021-11-04",,FALSE,"Analysis Failed"
"Seafield - Muirhouse","2021-12-07","118749",TRUE,"Positive"
"Seafield - Muirhouse","2021-11-09","265478",TRUE,"Positive"
"Seafield - Muirhouse","2021-12-09","43345",TRUE,"Positive"
"Seafield - Muirhouse","2021-11-11",,FALSE,"Analysis Failed"
"Seafield - Muirhouse","2021-12-14",,FALSE,"Analysis Failed"
"Seafield - Muirhouse","2021-11-16",,FALSE,"Analysis Failed"
"Seafield - Muirhouse","2021-12-16","52657",TRUE,"Positive"
"Seafield - Muirhouse","2021-11-18","182575",TRUE,"Positive"
"Seafield - Muirhouse","2021-11-23",,FALSE,"Analysis Failed"
"Seafield - Muirhouse","2021-11-25","473818",TRUE,"Positive"
"Seafield - Restalrig","2021-11-02","95989",TRUE,"Positive"
"Seafield - Restalrig","2021-11-04","322281",TRUE,"Positive"
"Seafield - Restalrig","2021-12-07",,FALSE,"Analysis Failed"
"Seafield - Restalrig","2021-11-09","84082",TRUE,"Positive"
"Seafield - Restalrig","2021-11-11","291986",TRUE,"Positive"
"Seafield - Restalrig","2021-12-14","458335",TRUE,"Positive"
"Seafield - Restalrig","2021-11-16","106440",TRUE,"Positive"
"Seafield - Restalrig","2021-12-16",,FALSE,"Analysis Failed"
"Seafield - Restalrig","2021-11-18","94042",TRUE,"Positive"
"Seafield - Restalrig","2021-11-23","171667",TRUE,"Positive"
"Seafield - Restalrig","2021-11-25","205329",TRUE,"Positive"
"Seafield - Tranent","2021-05-04","0",TRUE,"Negative"
"Seafield - Tranent","2021-05-05","0",TRUE,"Negative"
"Seafield - Tranent","2021-04-12","0",TRUE,"Negative"
"Seafield - Tranent","2021-04-13","0",TRUE,"Negative"
"Seafield - Tranent","2021-04-14","0",TRUE,"Negative"
"Seafield - Tranent","2021-04-15","0",TRUE,"Negative"
"Seafield - Tranent","2021-04-16","0",TRUE,"Negative"
"Seafield - Tranent","2021-04-19","1111",TRUE,"Weak Positive"
"Seafield - Tranent","2021-04-27","0",TRUE,"Negative"
"Seafield - Tranent","2021-04-30","0",TRUE,"Negative"
"Seafield - Western General","2021-09-02",,FALSE,"Analysis Failed"
"Seafield - Western General","2021-10-14",,FALSE,"Analysis Failed"
"Seafield - Western General","2021-09-16",,FALSE,"Analysis Failed"
"Seafield - Western General","2021-11-23",,FALSE,"Analysis Failed"
"Seafield - Western General","2021-11-25",,FALSE,"Analysis Failed"
"Seafield - Western General","2021-10-28","89872",TRUE,"Positive"
"Seafield - Western General","2021-09-30",,FALSE,"Analysis Failed"
"Selkirk","2021-04-01","0",TRUE,"Negative"
"Selkirk","2021-07-01","70591",TRUE,"Positive"
"Selkirk","2021-06-02","0",TRUE,"Negative"
"Selkirk","2021-09-02","89895",TRUE,"Positive"
"Selkirk","2021-11-03","5440",TRUE,"Weak Positive"
"Selkirk","2021-11-04","5946",TRUE,"Weak Positive"
"Selkirk","2021-05-06","0",TRUE,"Negative"
"Selkirk","2021-10-06","12065",TRUE,"Positive"
"Selkirk","2021-04-07","0",TRUE,"Negative"
"Selkirk","2021-05-07","0",TRUE,"Negative"
"Selkirk","2021-07-07","15905",TRUE,"Positive"
"Selkirk","2021-09-08","151848",TRUE,"Positive"
"Selkirk","2021-04-09","2345",TRUE,"Positive (DNQ)"
"Selkirk","2021-09-09","95526",TRUE,"Positive"
"Selkirk","2021-12-10","8305",TRUE,"Positive (DNQ)"
"Selkirk","2021-11-11","15020",TRUE,"Positive"
"Selkirk","2021-05-12","0",TRUE,"Negative"
"Selkirk","2021-11-12","180533",TRUE,"Positive"
"Selkirk","2021-05-13","5136",TRUE,"Positive (DNQ)"
"Selkirk","2021-04-14","0",TRUE,"Negative"
"Selkirk","2021-04-15","0",TRUE,"Negative"
"Selkirk","2021-09-15","13500",TRUE,"Positive"
"Selkirk","2021-05-19","270",TRUE,"Weak Positive"
"Selkirk","2021-11-19","64969",TRUE,"Positive"
"Selkirk","2021-05-20","634",TRUE,"Weak Positive"
"Selkirk","2021-10-20","19789",TRUE,"Positive"
"Selkirk","2021-07-21","20722",TRUE,"Positive"
"Selkirk","2021-10-21","170750",TRUE,"Positive"
"Selkirk","2021-03-24","0",TRUE,"Negative"
"Selkirk","2021-03-25","0",TRUE,"Negative"
"Selkirk","2021-11-25","68583",TRUE,"Positive"
"Selkirk","2021-05-26","0",TRUE,"Negative"
"Selkirk","2021-05-27","0",TRUE,"Negative"
"Selkirk","2021-04-28","0",TRUE,"Negative"
"Selkirk","2021-10-28","86053",TRUE,"Positive"
"Selkirk","2021-04-29","0",TRUE,"Negative"
"Selkirk","2021-09-29","38785",TRUE,"Positive"
"Selkirk","2021-10-29","27596",TRUE,"Positive"
"Selkirk","2021-06-30","26994",TRUE,"Positive"
"Selkirk","2021-07-30","0",TRUE,"Negative"
"Selkirk","2021-03-31","1767",TRUE,"Positive (DNQ)"
"Selkirk","2021-08-31","59180",TRUE,"Positive"
"Shieldhall","2021-02-01","179435",TRUE,"Positive"
"Shieldhall","2021-03-01","60449",TRUE,"Positive"
"Shieldhall","2021-04-01","18066",TRUE,"Positive"
"Shieldhall","2021-06-01","74302",TRUE,"Positive"
"Shieldhall","2021-07-01","148356",TRUE,"Positive"
"Shieldhall","2020-09-01","6517",TRUE,"Positive (DNQ)"
"Shieldhall","2021-11-01","45926",TRUE,"Positive"
"Shieldhall","2020-12-01","68759",TRUE,"Positive"
"Shieldhall","2021-12-01","113596",TRUE,"Positive"
"Shieldhall","2021-02-02","79037",TRUE,"Positive"
"Shieldhall","2021-03-02","64552",TRUE,"Positive"
"Shieldhall","2021-04-02","22691",TRUE,"Positive"
"Shieldhall","2021-08-02","80980",TRUE,"Positive"
"Shieldhall","2020-09-02","10154",TRUE,"Positive (DNQ)"
"Shieldhall","2021-09-02","658446",TRUE,"Positive"
"Shieldhall","2020-10-02","57776",TRUE,"Positive"
"Shieldhall","2020-11-02","17316",TRUE,"Positive"
"Shieldhall","2020-12-02","55110",TRUE,"Positive"
"Shieldhall","2021-02-03","58121",TRUE,"Positive"
"Shieldhall","2021-08-03","65054",TRUE,"Positive"
"Shieldhall","2020-11-03","20457",TRUE,"Positive"
"Shieldhall","2021-11-03","61548",TRUE,"Positive"
"Shieldhall","2020-12-03","61740",TRUE,"Positive"
"Shieldhall","2021-02-04","23211",TRUE,"Positive"
"Shieldhall","2021-03-04","46924",TRUE,"Positive"
"Shieldhall","2020-09-04","10614",TRUE,"Positive (DNQ)"
"Shieldhall","2021-10-04","95399",TRUE,"Positive"
"Shieldhall","2020-11-04","20568",TRUE,"Positive"
"Shieldhall","2021-11-04","96012",TRUE,"Positive"
"Shieldhall","2020-12-04","38967",TRUE,"Positive"
"Shieldhall","2021-01-05","105525",TRUE,"Positive"
"Shieldhall","2021-04-05","25344",TRUE,"Positive"
"Shieldhall","2021-07-05","80961",TRUE,"Positive"
"Shieldhall","2020-10-05","10611",TRUE,"Positive (DNQ)"
"Shieldhall","2021-11-05","85008",TRUE,"Positive"
"Shieldhall","2021-01-06","83293",TRUE,"Positive"
"Shieldhall","2021-04-06","23252",TRUE,"Positive"
"Shieldhall","2021-05-06","3969",TRUE,"Positive (DNQ)"
"Shieldhall","2021-09-06","848635",TRUE,"Positive"
"Shieldhall","2020-10-06","20250",TRUE,"Positive"
"Shieldhall","2021-10-06","67183",TRUE,"Positive"
"Shieldhall","2020-11-06","34501",TRUE,"Positive"
"Shieldhall","2021-12-06","69970",TRUE,"Positive"
"Shieldhall","2021-01-07","126723",TRUE,"Positive"
"Shieldhall","2021-04-07","10594",TRUE,"Positive"
"Shieldhall","2021-05-07","20341",TRUE,"Positive"
"Shieldhall","2021-06-07",,FALSE,"Analysis Failed"
"Shieldhall","2020-09-07","16508",TRUE,"Positive"
"Shieldhall","2020-10-07","27978",TRUE,"Positive"
"Shieldhall","2020-12-07","74881",TRUE,"Positive"
"Shieldhall","2021-12-07","15829",TRUE,"Positive"
"Shieldhall","2021-01-08","170670",TRUE,"Positive"
"Shieldhall","2021-04-08","14525",TRUE,"Positive"
"Shieldhall","2021-07-08","139931",TRUE,"Positive"
"Shieldhall","2020-09-08","10684",TRUE,"Positive (DNQ)"
"Shieldhall","2021-11-08","136551",TRUE,"Positive"
"Shieldhall","2020-12-08","45778",TRUE,"Positive"
"Shieldhall","2021-12-08","54255",TRUE,"Positive"
"Shieldhall","2021-03-09","33787",TRUE,"Positive"
"Shieldhall","2020-09-09","12650",TRUE,"Positive"
"Shieldhall","2021-09-09","152600",TRUE,"Positive"
"Shieldhall","2020-11-09","90962",TRUE,"Positive"
"Shieldhall","2021-11-09","83872",TRUE,"Positive"
"Shieldhall","2020-12-09","41713",TRUE,"Positive"
"Shieldhall","2021-02-10","38828",TRUE,"Positive"
"Shieldhall","2021-03-10","55083",TRUE,"Positive"
"Shieldhall","2020-11-10","54256",TRUE,"Positive"
"Shieldhall","2021-11-10","62196",TRUE,"Positive"
"Shieldhall","2020-12-10","26685",TRUE,"Positive"
"Shieldhall","2021-12-10","119859",TRUE,"Positive"
"Shieldhall","2021-02-11","45136",TRUE,"Positive"
"Shieldhall","2021-03-11","15064",TRUE,"Positive"
"Shieldhall","2021-05-11","51364",TRUE,"Positive"
"Shieldhall","2021-08-11","20571",TRUE,"Positive"
"Shieldhall","2020-09-11","8891",TRUE,"Positive (DNQ)"
"Shieldhall","2021-10-11","78279",TRUE,"Positive"
"Shieldhall","2020-11-11","83510",TRUE,"Positive"
"Shieldhall","2020-12-11","55525",TRUE,"Positive"
"Shieldhall","2021-01-12","58795",TRUE,"Positive"
"Shieldhall","2021-02-12","49178",TRUE,"Positive"
"Shieldhall","2021-03-12","7156",TRUE,"Positive (DNQ)"
"Shieldhall","2021-05-12","37839",TRUE,"Positive"
"Shieldhall","2020-10-12","76280",TRUE,"Positive"
"Shieldhall","2020-11-12","54432",TRUE,"Positive"
"Shieldhall","2021-11-12","59391",TRUE,"Positive"
"Shieldhall","2021-01-13","196972",TRUE,"Positive"
"Shieldhall","2021-04-13","15309",TRUE,"Positive"
"Shieldhall","2021-07-13","152704",TRUE,"Positive"
"Shieldhall","2021-08-13","143794",TRUE,"Positive"
"Shieldhall","2020-10-13","43220",TRUE,"Positive"
"Shieldhall","2021-12-13","91486",TRUE,"Positive"
"Shieldhall","2021-01-14","64484",TRUE,"Positive"
"Shieldhall","2020-09-14","16059",TRUE,"Positive"
"Shieldhall","2021-09-14","283209",TRUE,"Positive"
"Shieldhall","2020-10-14","44686",TRUE,"Positive"
"Shieldhall","2021-10-14","144425",TRUE,"Positive"
"Shieldhall","2020-12-14","7634",TRUE,"Positive (DNQ)"
"Shieldhall","2021-12-14","154007",TRUE,"Positive"
"Shieldhall","2021-01-15","47981",TRUE,"Positive"
"Shieldhall","2021-02-15","45825",TRUE,"Positive"
"Shieldhall","2021-03-15","25007",TRUE,"Positive"
"Shieldhall","2021-04-15","16929",TRUE,"Positive"
"Shieldhall","2021-06-15","33612",TRUE,"Positive"
"Shieldhall","2020-09-15","5325",TRUE,"Positive (DNQ)"
"Shieldhall","2021-10-15","151358",TRUE,"Positive"
"Shieldhall","2021-11-15","104094",TRUE,"Positive"
"Shieldhall","2020-12-15","11407",TRUE,"Positive"
"Shieldhall","2021-02-16","37355",TRUE,"Positive"
"Shieldhall","2021-03-16","48211",TRUE,"Positive"
"Shieldhall","2020-09-16","5805",TRUE,"Positive (DNQ)"
"Shieldhall","2020-11-16","16773",TRUE,"Positive"
"Shieldhall","2021-11-16","152351",TRUE,"Positive"
"Shieldhall","2020-12-16","30505",TRUE,"Positive"
"Shieldhall","2021-12-16","142548",TRUE,"Positive"
"Shieldhall","2021-02-17","39614",TRUE,"Positive"
"Shieldhall","2021-03-17","40688",TRUE,"Positive"
"Shieldhall","2021-06-17","22292",TRUE,"Positive"
"Shieldhall","2021-08-17","145879",TRUE,"Positive"
"Shieldhall","2020-11-17","35925",TRUE,"Positive"
"Shieldhall","2021-11-17","64804",TRUE,"Positive"
"Shieldhall","2021-12-17","157541",TRUE,"Positive"
"Shieldhall","2021-05-18","71623",TRUE,"Positive"
"Shieldhall","2020-09-18","13418",TRUE,"Positive"
"Shieldhall","2020-11-18","12534",TRUE,"Positive"
"Shieldhall","2021-11-18","67170",TRUE,"Positive"
"Shieldhall","2021-01-19","84036",TRUE,"Positive"
"Shieldhall","2021-03-19","32875",TRUE,"Positive"
"Shieldhall","2021-05-19","85226",TRUE,"Positive"
"Shieldhall","2021-07-19","111625",TRUE,"Positive"
"Shieldhall","2020-10-19","111103",TRUE,"Positive"
"Shieldhall","2020-11-19","7767",TRUE,"Positive (DNQ)"
"Shieldhall","2021-01-20","13620",TRUE,"Positive"
"Shieldhall","2021-08-20","486412",TRUE,"Positive"
"Shieldhall","2021-09-20","203766",TRUE,"Positive"
"Shieldhall","2020-10-20","68697",TRUE,"Positive"
"Shieldhall","2021-12-20","379046",TRUE,"Positive"
"Shieldhall","2021-06-21","75763",TRUE,"Positive"
"Shieldhall","2020-09-21","47239",TRUE,"Positive"
"Shieldhall","2021-09-21","372517",TRUE,"Positive"
"Shieldhall","2020-10-21","31660",TRUE,"Positive"
"Shieldhall","2021-10-21","94897",TRUE,"Positive"
"Shieldhall","2020-12-21","30184",TRUE,"Positive"
"Shieldhall","2021-01-22","63107",TRUE,"Positive"
"Shieldhall","2021-02-22","29675",TRUE,"Positive"
"Shieldhall","2021-06-22","69002",TRUE,"Positive"
"Shieldhall","2021-07-22","101422",TRUE,"Positive"
"Shieldhall","2020-09-22","27343",TRUE,"Positive"
"Shieldhall","2021-10-22","106620",TRUE,"Positive"
"Shieldhall","2021-11-22","142242",TRUE,"Positive"
"Shieldhall","2021-03-23","36086",TRUE,"Positive"
"Shieldhall","2020-09-23","21196",TRUE,"Positive"
"Shieldhall","2020-10-23","70407",TRUE,"Positive"
"Shieldhall","2020-11-23","16940",TRUE,"Positive"
"Shieldhall","2021-11-23","113822",TRUE,"Positive"
"Shieldhall","2021-03-24","34141",TRUE,"Positive"
"Shieldhall","2020-11-24","34630",TRUE,"Positive"
"Shieldhall","2021-11-24","111243",TRUE,"Positive"
"Shieldhall","2021-01-25","109705",TRUE,"Positive"
"Shieldhall","2021-02-25","27304",TRUE,"Positive"
"Shieldhall","2021-03-25","30108",TRUE,"Positive"
"Shieldhall","2021-08-25","169190",TRUE,"Positive"
"Shieldhall","2020-11-25","12143",TRUE,"Positive"
"Shieldhall","2021-01-26","27355",TRUE,"Positive"
"Shieldhall","2021-02-26","32800",TRUE,"Positive"
"Shieldhall","2021-03-26","22417",TRUE,"Positive"
"Shieldhall","2021-05-26","57502",TRUE,"Positive"
"Shieldhall","2021-07-26","84326",TRUE,"Positive"
"Shieldhall","2021-08-26","511278",TRUE,"Positive"
"Shieldhall","2020-10-26","48427",TRUE,"Positive"
"Shieldhall","2021-07-27","99367",TRUE,"Positive"
"Shieldhall","2021-09-27","233847",TRUE,"Positive"
"Shieldhall","2020-10-27","17022",TRUE,"Positive"
"Shieldhall","2021-10-27","49292",TRUE,"Positive"
"Shieldhall","2021-04-28","11147",TRUE,"Positive"
"Shieldhall","2021-05-28","43605",TRUE,"Positive"
"Shieldhall","2021-06-28","130375",TRUE,"Positive"
"Shieldhall","2020-09-28","36717",TRUE,"Positive"
"Shieldhall","2021-09-28","49271",TRUE,"Positive"
"Shieldhall","2020-10-28","53859",TRUE,"Positive"
"Shieldhall","2021-01-29","24686",TRUE,"Positive"
"Shieldhall","2021-04-29","27999",TRUE,"Positive"
"Shieldhall","2020-09-29","75591",TRUE,"Positive"
"Shieldhall","2021-10-29","52776",TRUE,"Positive"
"Shieldhall","2021-11-29","204418",TRUE,"Positive"
"Shieldhall","2020-12-29","89685",TRUE,"Positive"
"Shieldhall","2021-12-29","620629",TRUE,"Positive"
"Shieldhall","2021-03-30","8407",TRUE,"Positive (DNQ)"
"Shieldhall","2020-09-30","28384",TRUE,"Positive"
"Shieldhall","2020-10-30","69337",TRUE,"Positive"
"Shieldhall","2020-11-30","67494",TRUE,"Positive"
"Shieldhall","2021-11-30","136546",TRUE,"Positive"
"Shieldhall","2021-03-31","8129",TRUE,"Positive (DNQ)"
"Shieldhall","2021-05-31","88512",TRUE,"Positive"
"Shieldhall","2021-08-31","404384",TRUE,"Positive"
"Shieldhall - Barrhead","2021-04-01","2932",TRUE,"Positive (DNQ)"
"Shieldhall - Barrhead","2021-06-01","35776",TRUE,"Positive"
"Shieldhall - Barrhead","2021-07-01","336462",TRUE,"Positive"
"Shieldhall - Barrhead","2021-04-02","32249",TRUE,"Positive"
"Shieldhall - Barrhead","2021-11-02",,FALSE,"Analysis Failed"
"Shieldhall - Barrhead","2021-06-03","9311",TRUE,"Positive (DNQ)"
"Shieldhall - Barrhead","2021-08-03","47496",TRUE,"Positive"
"Shieldhall - Barrhead","2021-09-03","713180",TRUE,"Positive"
"Shieldhall - Barrhead","2021-05-04","19089",TRUE,"Positive"
"Shieldhall - Barrhead","2021-10-04",,FALSE,"Analysis Failed"
"Shieldhall - Barrhead","2021-11-04","209947",TRUE,"Positive"
"Shieldhall - Barrhead","2021-07-05",,FALSE,"Analysis Failed"
"Shieldhall - Barrhead","2021-08-05","47382",TRUE,"Positive"
"Shieldhall - Barrhead","2021-05-06","14965",TRUE,"Positive"
"Shieldhall - Barrhead","2021-04-07",,FALSE,"Analysis Failed"
"Shieldhall - Barrhead","2021-12-07","246063",TRUE,"Positive"
"Shieldhall - Barrhead","2021-06-08","50051",TRUE,"Positive"
"Shieldhall - Barrhead","2021-07-08","45383",TRUE,"Positive"
"Shieldhall - Barrhead","2021-04-09","3323",TRUE,"Positive (DNQ)"
"Shieldhall - Barrhead","2021-09-09","227920",TRUE,"Positive"
"Shieldhall - Barrhead","2021-11-09",,FALSE,"Analysis Failed"
"Shieldhall - Barrhead","2021-06-10","9607",TRUE,"Positive (DNQ)"
"Shieldhall - Barrhead","2021-08-10","120168",TRUE,"Positive"
"Shieldhall - Barrhead","2021-11-11","982444",TRUE,"Positive"
"Shieldhall - Barrhead","2021-05-12","7017",TRUE,"Positive (DNQ)"
"Shieldhall - Barrhead","2021-07-12","219429",TRUE,"Positive"
"Shieldhall - Barrhead","2021-08-12","918084",TRUE,"Positive"
"Shieldhall - Barrhead","2021-04-13","3472",TRUE,"Positive (DNQ)"
"Shieldhall - Barrhead","2021-09-13","564946",TRUE,"Positive"
"Shieldhall - Barrhead","2021-05-14","5012",TRUE,"Positive (DNQ)"
"Shieldhall - Barrhead","2021-06-14","3343",TRUE,"Positive (DNQ)"
"Shieldhall - Barrhead","2021-12-14","510928",TRUE,"Positive"
"Shieldhall - Barrhead","2021-04-15","11756",TRUE,"Positive"
"Shieldhall - Barrhead","2021-11-16","59723",TRUE,"Positive"
"Shieldhall - Barrhead","2021-12-16","199566",TRUE,"Positive"
"Shieldhall - Barrhead","2021-06-17","2127",TRUE,"Positive (DNQ)"
"Shieldhall - Barrhead","2021-08-17","21631",TRUE,"Positive"
"Shieldhall - Barrhead","2021-05-18",,FALSE,"Analysis Failed"
"Shieldhall - Barrhead","2021-11-18","266463",TRUE,"Positive"
"Shieldhall - Barrhead","2021-07-19","239743",TRUE,"Positive"
"Shieldhall - Barrhead","2021-08-19","221366",TRUE,"Positive"
"Shieldhall - Barrhead","2021-10-19",,FALSE,"Analysis Failed"
"Shieldhall - Barrhead","2021-05-20","4310",TRUE,"Positive (DNQ)"
"Shieldhall - Barrhead","2021-09-20","85436",TRUE,"Positive"
"Shieldhall - Barrhead","2021-06-21","33558",TRUE,"Positive"
"Shieldhall - Barrhead","2021-11-23","148069",TRUE,"Positive"
"Shieldhall - Barrhead","2021-06-24","239147",TRUE,"Positive"
"Shieldhall - Barrhead","2021-08-24","216010",TRUE,"Positive"
"Shieldhall - Barrhead","2021-05-25","57289",TRUE,"Positive"
"Shieldhall - Barrhead","2021-11-25","517442",TRUE,"Positive"
"Shieldhall - Barrhead","2021-08-26","625951",TRUE,"Positive"
"Shieldhall - Barrhead","2021-10-26","143518",TRUE,"Positive"
"Shieldhall - Barrhead","2021-05-27","8693",TRUE,"Positive (DNQ)"
"Shieldhall - Barrhead","2021-06-28","127431",TRUE,"Positive"
"Shieldhall - Barrhead","2021-07-28",,FALSE,"Analysis Failed"
"Shieldhall - Barrhead","2021-10-28",,FALSE,"Analysis Failed"
"Shieldhall - Barrhead","2021-03-29",,FALSE,"Analysis Failed"
"Shieldhall - Barrhead","2021-09-29","151368",TRUE,"Positive"
"Shieldhall - Barrhead","2021-03-30","3494",TRUE,"Positive (DNQ)"
"Shieldhall - Barrhead","2021-03-30",,FALSE,"Analysis Failed"
"Shieldhall - Barrhead","2021-07-30","65296",TRUE,"Positive"
"Shieldhall - Barrhead","2021-03-31",,FALSE,"Analysis Failed"
"Shieldhall - Barrhead","2021-08-31","306759",TRUE,"Positive"
"Shieldhall - Gorbals","2021-04-01","1331",TRUE,"Weak Positive"
"Shieldhall - Gorbals","2021-06-01",,FALSE,"Analysis Failed"
"Shieldhall - Gorbals","2021-07-01","297804",TRUE,"Positive"
"Shieldhall - Gorbals","2021-04-02","3252",TRUE,"Positive (DNQ)"
"Shieldhall - Gorbals","2021-11-02","165597",TRUE,"Positive"
"Shieldhall - Gorbals","2021-06-03","18303",TRUE,"Positive"
"Shieldhall - Gorbals","2021-08-03","74295",TRUE,"Positive"
"Shieldhall - Gorbals","2021-09-03","74444",TRUE,"Positive"
"Shieldhall - Gorbals","2021-05-04","2961",TRUE,"Positive (DNQ)"
"Shieldhall - Gorbals","2021-11-04","24356",TRUE,"Positive"
"Shieldhall - Gorbals","2021-07-05","45423",TRUE,"Positive"
"Shieldhall - Gorbals","2021-08-05","17552",TRUE,"Positive"
"Shieldhall - Gorbals","2021-05-06","11497",TRUE,"Positive"
"Shieldhall - Gorbals","2021-04-07","4326",TRUE,"Positive (DNQ)"
"Shieldhall - Gorbals","2021-12-07","17048",TRUE,"Positive"
"Shieldhall - Gorbals","2021-06-08","27507",TRUE,"Positive"
"Shieldhall - Gorbals","2021-07-08","243037",TRUE,"Positive"
"Shieldhall - Gorbals","2021-04-09","22775",TRUE,"Positive"
"Shieldhall - Gorbals","2021-09-09","117740",TRUE,"Positive"
"Shieldhall - Gorbals","2021-11-09","30509",TRUE,"Positive"
"Shieldhall - Gorbals","2021-06-10","178552",TRUE,"Positive"
"Shieldhall - Gorbals","2021-08-10",,FALSE,"Analysis Failed"
"Shieldhall - Gorbals","2021-11-11","83803",TRUE,"Positive"
"Shieldhall - Gorbals","2021-05-12","18172",TRUE,"Positive"
"Shieldhall - Gorbals","2021-07-12","81175",TRUE,"Positive"
"Shieldhall - Gorbals","2021-08-12","31256",TRUE,"Positive"
"Shieldhall - Gorbals","2021-04-13","42156",TRUE,"Positive"
"Shieldhall - Gorbals","2021-09-13","144149",TRUE,"Positive"
"Shieldhall - Gorbals","2021-05-14","107403",TRUE,"Positive"
"Shieldhall - Gorbals","2021-06-14","6039",TRUE,"Positive (DNQ)"
"Shieldhall - Gorbals","2021-12-14","72525",TRUE,"Positive"
"Shieldhall - Gorbals","2021-04-15","2631",TRUE,"Positive (DNQ)"
"Shieldhall - Gorbals","2021-11-16",,FALSE,"Analysis Failed"
"Shieldhall - Gorbals","2021-12-16","103461",TRUE,"Positive"
"Shieldhall - Gorbals","2021-06-17","25917",TRUE,"Positive"
"Shieldhall - Gorbals","2021-08-17","15560",TRUE,"Positive"
"Shieldhall - Gorbals","2021-05-18","132095",TRUE,"Positive"
"Shieldhall - Gorbals","2021-11-18","560835",TRUE,"Positive"
"Shieldhall - Gorbals","2021-07-19","66791",TRUE,"Positive"
"Shieldhall - Gorbals","2021-08-19","162537",TRUE,"Positive"
"Shieldhall - Gorbals","2021-10-19","19733",TRUE,"Positive"
"Shieldhall - Gorbals","2021-05-20","259723",TRUE,"Positive"
"Shieldhall - Gorbals","2021-09-20","102466",TRUE,"Positive"
"Shieldhall - Gorbals","2021-06-21","35632",TRUE,"Positive"
"Shieldhall - Gorbals","2021-11-23",,FALSE,"Analysis Failed"
"Shieldhall - Gorbals","2021-06-24","120433",TRUE,"Positive"
"Shieldhall - Gorbals","2021-08-24","210424",TRUE,"Positive"
"Shieldhall - Gorbals","2021-05-25","248050",TRUE,"Positive"
"Shieldhall - Gorbals","2021-11-25","32358",TRUE,"Positive"
"Shieldhall - Gorbals","2021-08-26","393491",TRUE,"Positive"
"Shieldhall - Gorbals","2021-10-26","15711",TRUE,"Positive"
"Shieldhall - Gorbals","2021-05-27","54857",TRUE,"Positive"
"Shieldhall - Gorbals","2021-06-28","73467",TRUE,"Positive"
"Shieldhall - Gorbals","2021-07-28","35594",TRUE,"Positive"
"Shieldhall - Gorbals","2021-10-28","15356",TRUE,"Positive"
"Shieldhall - Gorbals","2021-03-29","13972",TRUE,"Positive"
"Shieldhall - Gorbals","2021-09-29","88457",TRUE,"Positive"
"Shieldhall - Gorbals","2021-03-30","3888",TRUE,"Positive (DNQ)"
"Shieldhall - Gorbals","2021-07-30","28371",TRUE,"Positive"
"Shieldhall - Gorbals","2021-03-31","3624",TRUE,"Positive (DNQ)"
"Shieldhall - Gorbals","2021-08-31","59565",TRUE,"Positive"
"Shieldhall - Govanhill","2021-04-01","11842",TRUE,"Positive"
"Shieldhall - Govanhill","2021-04-02","56057",TRUE,"Positive"
"Shieldhall - Govanhill","2021-05-04","216949",TRUE,"Positive"
"Shieldhall - Govanhill","2021-05-06","196587",TRUE,"Positive"
"Shieldhall - Govanhill","2021-04-07","154133",TRUE,"Positive"
"Shieldhall - Govanhill","2021-04-09","44855",TRUE,"Positive"
"Shieldhall - Govanhill","2021-05-12","1686733",TRUE,"Positive"
"Shieldhall - Govanhill","2021-04-13","20438",TRUE,"Positive"
"Shieldhall - Govanhill","2021-05-14","473389",TRUE,"Positive"
"Shieldhall - Govanhill","2021-04-15","44917",TRUE,"Positive"
"Shieldhall - Govanhill","2021-05-18","483254",TRUE,"Positive"
"Shieldhall - Govanhill","2021-05-20","2454607",TRUE,"Positive"
"Shieldhall - Govanhill","2021-05-25","161454",TRUE,"Positive"
"Shieldhall - Govanhill","2021-05-27","193555",TRUE,"Positive"
"Shieldhall - Govanhill","2021-03-29","15997",TRUE,"Positive"
"Shieldhall - Govanhill","2021-03-30","66320",TRUE,"Positive"
"Shieldhall - Govanhill","2021-03-31","85778",TRUE,"Positive"
"Shieldhall - IMAX","2021-11-03","2713",TRUE,"Weak Positive"
"Shieldhall - IMAX","2021-11-04","0",TRUE,"Negative"
"Shieldhall - IMAX","2021-11-05",,FALSE,"Analysis Failed"
"Shieldhall - IMAX","2021-11-05",,FALSE,"Analysis Failed"
"Shieldhall - IMAX","2021-11-08","63",TRUE,"Weak Positive"
"Shieldhall - IMAX","2021-11-09","35",TRUE,"Weak Positive"
"Shieldhall - IMAX","2021-11-10","100523",TRUE,"Positive"
"Shieldhall - IMAX","2021-11-11","0",TRUE,"Negative"
"Shieldhall - IMAX","2021-11-12","0",TRUE,"Negative"
"Shieldhall - IMAX","2021-11-15","0",TRUE,"Negative"
"Shieldhall - IMAX","2021-11-16","0",TRUE,"Negative"
"Shieldhall - IMAX","2021-11-18",,FALSE,"Analysis Failed"
"Shieldhall - IMAX","2021-11-19",,FALSE,"Analysis Failed"
"Shieldhall - IMAX","2021-11-22",,FALSE,"Analysis Failed"
"Shieldhall - IMAX","2021-11-23",,FALSE,"Analysis Failed"
"Shieldhall - IMAX","2021-11-24",,FALSE,"Analysis Failed"
"Shieldhall - IMAX","2021-11-25",,FALSE,"Analysis Failed"
"Shieldhall - Pollockshields West","2021-07-01","62360",TRUE,"Positive"
"Shieldhall - Pollockshields West","2021-11-02","1372",TRUE,"Weak Positive"
"Shieldhall - Pollockshields West","2021-08-03","6321",TRUE,"Weak Positive"
"Shieldhall - Pollockshields West","2021-09-03","2174801",TRUE,"Positive"
"Shieldhall - Pollockshields West","2021-11-04","350528",TRUE,"Positive"
"Shieldhall - Pollockshields West","2021-07-05","48196",TRUE,"Positive"
"Shieldhall - Pollockshields West","2021-08-05","8488",TRUE,"Positive (DNQ)"
"Shieldhall - Pollockshields West","2021-06-07","337079",TRUE,"Positive"
"Shieldhall - Pollockshields West","2021-10-07","39411",TRUE,"Positive"
"Shieldhall - Pollockshields West","2021-12-07","18194",TRUE,"Positive"
"Shieldhall - Pollockshields West","2021-06-08","127387",TRUE,"Positive"
"Shieldhall - Pollockshields West","2021-07-08","14262",TRUE,"Positive"
"Shieldhall - Pollockshields West","2021-06-09","246756",TRUE,"Positive"
"Shieldhall - Pollockshields West","2021-09-09","165526",TRUE,"Positive"
"Shieldhall - Pollockshields West","2021-11-09","39150",TRUE,"Positive"
"Shieldhall - Pollockshields West","2021-06-10","167030",TRUE,"Positive"
"Shieldhall - Pollockshields West","2021-06-11","362010",TRUE,"Positive"
"Shieldhall - Pollockshields West","2021-11-11","238955",TRUE,"Positive"
"Shieldhall - Pollockshields West","2021-07-12","10730",TRUE,"Positive"
"Shieldhall - Pollockshields West","2021-09-13","244475",TRUE,"Positive"
"Shieldhall - Pollockshields West","2021-12-14","27735",TRUE,"Positive"
"Shieldhall - Pollockshields West","2021-06-16",,FALSE,"Analysis Failed"
"Shieldhall - Pollockshields West","2021-11-16","45939",TRUE,"Positive"
"Shieldhall - Pollockshields West","2021-12-16","32300",TRUE,"Positive"
"Shieldhall - Pollockshields West","2021-06-17","38181",TRUE,"Positive"
"Shieldhall - Pollockshields West","2021-08-17","42009",TRUE,"Positive"
"Shieldhall - Pollockshields West","2021-11-18","189695",TRUE,"Positive"
"Shieldhall - Pollockshields West","2021-07-19","60707",TRUE,"Positive"
"Shieldhall - Pollockshields West","2021-08-19","33192",TRUE,"Positive"
"Shieldhall - Pollockshields West","2021-10-19",,FALSE,"Analysis Failed"
"Shieldhall - Pollockshields West","2021-09-20","83750",TRUE,"Positive"
"Shieldhall - Pollockshields West","2021-06-23","14090",TRUE,"Positive"
"Shieldhall - Pollockshields West","2021-11-23","117274",TRUE,"Positive"
"Shieldhall - Pollockshields West","2021-06-24","186421",TRUE,"Positive"
"Shieldhall - Pollockshields West","2021-08-24","1359833",TRUE,"Positive"
"Shieldhall - Pollockshields West","2021-11-25","93193",TRUE,"Positive"
"Shieldhall - Pollockshields West","2021-08-26","343144",TRUE,"Positive"
"Shieldhall - Pollockshields West","2021-10-26","0",TRUE,"Negative"
"Shieldhall - Pollockshields West","2021-06-28","258431",TRUE,"Positive"
"Shieldhall - Pollockshields West","2021-07-28","8995",TRUE,"Positive (DNQ)"
"Shieldhall - Pollockshields West","2021-10-28","8103",TRUE,"Positive (DNQ)"
"Shieldhall - Pollockshields West","2021-09-29","38599",TRUE,"Positive"
"Shieldhall - Pollockshields West","2021-07-30","35296",TRUE,"Positive"
"Shieldhall - Pollockshields West","2021-08-31","47213",TRUE,"Positive"
"Shieldhall - Science Centre","2021-11-03","0",TRUE,"Negative"
"Shieldhall - Science Centre","2021-11-04","0",TRUE,"Negative"
"Shieldhall - Science Centre","2021-11-05",,FALSE,"Analysis Failed"
"Shieldhall - Science Centre","2021-11-05",,FALSE,"Analysis Failed"
"Shieldhall - Science Centre","2021-10-08","0",TRUE,"Negative"
"Shieldhall - Science Centre","2021-11-08","0",TRUE,"Negative"
"Shieldhall - Science Centre","2021-11-09","0",TRUE,"Negative"
"Shieldhall - Science Centre","2021-11-10","188434",TRUE,"Positive"
"Shieldhall - Science Centre","2021-10-11","0",TRUE,"Negative"
"Shieldhall - Science Centre","2021-11-11","0",TRUE,"Negative"
"Shieldhall - Science Centre","2021-10-12","0",TRUE,"Negative"
"Shieldhall - Science Centre","2021-11-12","0",TRUE,"Negative"
"Shieldhall - Science Centre","2021-10-13","0",TRUE,"Negative"
"Shieldhall - Science Centre","2021-10-14",,FALSE,"Analysis Failed"
"Shieldhall - Science Centre","2021-10-15","0",TRUE,"Negative"
"Shieldhall - Science Centre","2021-11-15","0",TRUE,"Negative"
"Shieldhall - Science Centre","2021-11-16","21",TRUE,"Weak Positive"
"Shieldhall - Science Centre","2021-10-18",,FALSE,"Analysis Failed"
"Shieldhall - Science Centre","2021-11-18","0",TRUE,"Negative"
"Shieldhall - Science Centre","2021-10-19",,FALSE,"Analysis Failed"
"Shieldhall - Science Centre","2021-11-19","11104",TRUE,"Positive"
"Shieldhall - Science Centre","2021-10-20",,FALSE,"Analysis Failed"
"Shieldhall - Science Centre","2021-10-21",,FALSE,"Analysis Failed"
"Shieldhall - Science Centre","2021-10-22","0",TRUE,"Negative"
"Shieldhall - Science Centre","2021-11-22","0",TRUE,"Negative"
"Shieldhall - Science Centre","2021-10-25","10289",TRUE,"Positive"
"Shieldhall - Science Centre","2021-10-26","0",TRUE,"Negative"
"Shieldhall - Science Centre","2021-10-27","1694",TRUE,"Weak Positive"
"Shieldhall - Science Centre","2021-10-28","4641",TRUE,"Weak Positive"
"Shotts","2021-02-01","70955",TRUE,"Positive"
"Shotts","2021-04-01","5493",TRUE,"Positive (DNQ)"
"Shotts","2021-06-01","0",TRUE,"Negative"
"Shotts","2021-07-01","98613",TRUE,"Positive"
"Shotts","2021-10-01",,FALSE,"Analysis Failed"
"Shotts","2021-11-02","34417",TRUE,"Positive"
"Shotts","2021-05-04","25921",TRUE,"Positive"
"Shotts","2021-03-05","17567",TRUE,"Positive"
"Shotts","2021-04-06","9949",TRUE,"Positive (DNQ)"
"Shotts","2021-12-07","77617",TRUE,"Positive"
"Shotts","2021-01-08","62115",TRUE,"Positive"
"Shotts","2021-06-08","30217",TRUE,"Positive"
"Shotts","2021-07-08","296213",TRUE,"Positive"
"Shotts","2021-02-09","94781",TRUE,"Positive"
"Shotts","2021-11-09",,FALSE,"Analysis Failed"
"Shotts","2021-03-10","51129",TRUE,"Positive"
"Shotts","2021-05-12","51933",TRUE,"Positive"
"Shotts","2021-04-13","22946",TRUE,"Positive"
"Shotts","2021-09-14","567675",TRUE,"Positive"
"Shotts","2021-12-14","291463",TRUE,"Positive"
"Shotts","2021-01-15","71297",TRUE,"Positive"
"Shotts","2021-02-16","62161",TRUE,"Positive"
"Shotts","2021-06-16","12032",TRUE,"Positive"
"Shotts","2021-11-16","137049",TRUE,"Positive"
"Shotts","2021-03-18","28489",TRUE,"Positive"
"Shotts","2021-08-18","191062",TRUE,"Positive"
"Shotts","2021-05-19","6929",TRUE,"Positive (DNQ)"
"Shotts","2021-07-20","305886",TRUE,"Positive"
"Shotts","2021-01-21","7086",TRUE,"Positive (DNQ)"
"Shotts","2021-10-22",,FALSE,"Analysis Failed"
"Shotts","2021-06-23","17693",TRUE,"Positive"
"Shotts","2021-11-23",,FALSE,"Analysis Failed"
"Shotts","2021-02-24","46156",TRUE,"Positive"
"Shotts","2021-03-24","48062",TRUE,"Positive"
"Shotts","2021-05-25","2002",TRUE,"Positive (DNQ)"
"Shotts","2021-10-26","82867",TRUE,"Positive"
"Shotts","2021-04-29","12753",TRUE,"Positive"
"Shotts","2021-07-29","283855",TRUE,"Positive"
"Shotts","2021-11-30","182448",TRUE,"Positive"
"Shotts","2021-08-31","160885",TRUE,"Positive"
"Skellyton","2021-03-01","195654",TRUE,"Positive"
"Skellyton","2021-02-02","174325",TRUE,"Positive"
"Skellyton","2021-04-02","2221",TRUE,"Positive (DNQ)"
"Skellyton","2021-07-02","220162",TRUE,"Positive"
"Skellyton","2021-06-04","24463",TRUE,"Positive"
"Skellyton","2021-10-05","138771",TRUE,"Positive"
"Skellyton","2021-11-05","114596",TRUE,"Positive"
"Skellyton","2021-05-06","2776",TRUE,"Positive (DNQ)"
"Skellyton","2021-12-07","138156",TRUE,"Positive"
"Skellyton","2021-04-08","6071",TRUE,"Positive (DNQ)"
"Skellyton","2021-02-10",,FALSE,"Analysis Failed"
"Skellyton","2021-05-11","4033",TRUE,"Positive (DNQ)"
"Skellyton","2021-06-11","34342",TRUE,"Positive"
"Skellyton","2021-01-12","152127",TRUE,"Positive"
"Skellyton","2021-03-12","6772",TRUE,"Positive (DNQ)"
"Skellyton","2021-11-12","198797",TRUE,"Positive"
"Skellyton","2021-12-14","509829",TRUE,"Positive"
"Skellyton","2021-02-15","44522",TRUE,"Positive"
"Skellyton","2021-09-15","227120",TRUE,"Positive"
"Skellyton","2021-03-18","7773",TRUE,"Positive (DNQ)"
"Skellyton","2021-06-18","39901",TRUE,"Positive"
"Skellyton","2021-11-19","110356",TRUE,"Positive"
"Skellyton","2021-10-21","335446",TRUE,"Positive"
"Skellyton","2021-02-22","5816",TRUE,"Positive (DNQ)"
"Skellyton","2021-07-23","1006023",TRUE,"Positive"
"Skellyton","2021-08-23","518244",TRUE,"Positive"
"Skellyton","2021-05-25","29114",TRUE,"Positive"
"Skellyton","2021-06-25","163450",TRUE,"Positive"
"Skellyton","2021-01-27","396220",TRUE,"Positive"
"Skellyton","2021-07-27","372332",TRUE,"Positive"
"Skellyton","2021-09-29","149447",TRUE,"Positive"
"Skellyton","2021-04-30","57653",TRUE,"Positive"
"Skellyton","2021-08-30","906709",TRUE,"Positive"
"Springfield","2021-03-01","765",TRUE,"Weak Positive"
"Springfield","2021-04-01","42516",TRUE,"Positive"
"Springfield","2021-09-01","585907",TRUE,"Positive"
"Springfield","2021-03-02","2292",TRUE,"Positive (DNQ)"
"Springfield","2021-11-03","38192",TRUE,"Positive"
"Springfield","2021-02-04","1227",TRUE,"Weak Positive"
"Springfield","2021-05-04","6332",TRUE,"Positive (DNQ)"
"Springfield","2021-02-05",,FALSE,"Analysis Failed"
"Springfield","2021-11-05","71603",TRUE,"Positive"
"Springfield","2021-05-06","0",TRUE,"Negative"
"Springfield","2021-06-07","1018",TRUE,"Weak Positive"
"Springfield","2021-09-07","1223607",TRUE,"Positive"
"Springfield","2021-10-07","48847",TRUE,"Positive"
"Springfield","2021-04-08","7811",TRUE,"Positive (DNQ)"
"Springfield","2021-12-08","76783",TRUE,"Positive"
"Springfield","2021-03-09","2468",TRUE,"Positive (DNQ)"
"Springfield","2021-04-09","21248",TRUE,"Positive"
"Springfield","2021-03-10","3994",TRUE,"Positive (DNQ)"
"Springfield","2021-05-10","434",TRUE,"Weak Positive"
"Springfield","2021-06-10","4481",TRUE,"Positive (DNQ)"
"Springfield","2021-11-10","66466",TRUE,"Positive"
"Springfield","2021-12-10",,FALSE,"Analysis Failed"
"Springfield","2021-02-11","5243",TRUE,"Positive (DNQ)"
"Springfield","2021-02-12","466",TRUE,"Weak Positive"
"Springfield","2021-11-12","48792",TRUE,"Positive"
"Springfield","2021-07-13","72229",TRUE,"Positive"
"Springfield","2021-09-13","228867",TRUE,"Positive"
"Springfield","2021-12-13","1315803",TRUE,"Positive"
"Springfield","2021-04-14","1810",TRUE,"Positive (DNQ)"
"Springfield","2021-05-14","0",TRUE,"Negative"
"Springfield","2021-06-14","16029",TRUE,"Positive"
"Springfield","2021-09-15",,FALSE,"Analysis Failed"
"Springfield","2021-02-16","461",TRUE,"Weak Positive"
"Springfield","2021-07-16","80427",TRUE,"Positive"
"Springfield","2021-02-17","0",TRUE,"Negative"
"Springfield","2021-03-17","27415",TRUE,"Positive"
"Springfield","2021-06-17","6656",TRUE,"Positive (DNQ)"
"Springfield","2021-11-17","63416",TRUE,"Positive"
"Springfield","2021-12-17","130552",TRUE,"Positive"
"Springfield","2021-03-18","15277",TRUE,"Positive"
"Springfield","2021-05-19","0",TRUE,"Negative"
"Springfield","2021-07-19","68345",TRUE,"Positive"
"Springfield","2021-08-19","70517",TRUE,"Positive"
"Springfield","2021-10-19","32888",TRUE,"Positive"
"Springfield","2021-11-19","70280",TRUE,"Positive"
"Springfield","2021-09-20","19321",TRUE,"Positive"
"Springfield","2021-05-21","571",TRUE,"Weak Positive"
"Springfield","2021-10-21","35922",TRUE,"Positive"
"Springfield","2021-03-22","7835",TRUE,"Positive (DNQ)"
"Springfield","2021-06-22","23685",TRUE,"Positive"
"Springfield","2021-09-22","85683",TRUE,"Positive"
"Springfield","2021-02-23","2775",TRUE,"Weak Positive"
"Springfield","2021-03-23","8697",TRUE,"Positive (DNQ)"
"Springfield","2021-06-24","10146",TRUE,"Positive (DNQ)"
"Springfield","2021-11-24","81900",TRUE,"Positive"
"Springfield","2021-02-25","736",TRUE,"Weak Positive"
"Springfield","2021-05-25","0",TRUE,"Negative"
"Springfield","2021-07-26","503563",TRUE,"Positive"
"Springfield","2021-05-27","0",TRUE,"Negative"
"Springfield","2021-09-27","257057",TRUE,"Positive"
"Springfield","2021-10-27","331704",TRUE,"Positive"
"Springfield","2021-04-28","339",TRUE,"Weak Positive"
"Springfield","2021-01-29","8790",TRUE,"Positive (DNQ)"
"Springfield","2021-09-29","70883",TRUE,"Positive"
"Springfield","2021-10-29","46893",TRUE,"Positive"
"Springfield","2021-03-30","5588",TRUE,"Positive (DNQ)"
"Springfield","2021-04-30","409",TRUE,"Weak Positive"
"Springfield","2021-06-30","5300",TRUE,"Positive (DNQ)"
"Springfield","2021-08-30","436800",TRUE,"Positive"
"Springfield","2021-05-31","854",TRUE,"Weak Positive"
"St Andrews","2021-03-01","4039",TRUE,"Positive (DNQ)"
"St Andrews","2021-04-01","35392",TRUE,"Positive"
"St Andrews","2021-09-01","143927",TRUE,"Positive"
"St Andrews","2021-03-02","2964",TRUE,"Positive (DNQ)"
"St Andrews","2021-06-03","14080",TRUE,"Positive"
"St Andrews","2021-11-03","67124",TRUE,"Positive"
"St Andrews","2021-02-04","4571",TRUE,"Positive (DNQ)"
"St Andrews","2021-05-04","1543",TRUE,"Positive (DNQ)"
"St Andrews","2021-08-04","56843",TRUE,"Positive"
"St Andrews","2021-10-04","216960",TRUE,"Positive"
"St Andrews","2021-02-05","0",TRUE,"Negative"
"St Andrews","2021-07-05","116010",TRUE,"Positive"
"St Andrews","2021-11-05","76768",TRUE,"Positive"
"St Andrews","2021-05-06","1210",TRUE,"Weak Positive"
"St Andrews","2021-10-06","72247",TRUE,"Positive"
"St Andrews","2021-06-07","25519",TRUE,"Positive"
"St Andrews","2021-09-07","813571",TRUE,"Positive"
"St Andrews","2021-04-08","25737",TRUE,"Positive"
"St Andrews","2021-12-08","22754",TRUE,"Positive"
"St Andrews","2021-03-09","959",TRUE,"Weak Positive"
"St Andrews","2021-04-09","38308",TRUE,"Positive"
"St Andrews","2021-07-09",,FALSE,"Analysis Failed"
"St Andrews","2021-09-09","109666",TRUE,"Positive"
"St Andrews","2021-03-10","2535",TRUE,"Positive (DNQ)"
"St Andrews","2021-05-10","1765",TRUE,"Positive (DNQ)"
"St Andrews","2021-06-10","14017",TRUE,"Positive"
"St Andrews","2021-11-10","42196",TRUE,"Positive"
"St Andrews","2021-12-10","60112",TRUE,"Positive"
"St Andrews","2021-02-11","0",TRUE,"Negative"
"St Andrews","2021-02-12","0",TRUE,"Negative"
"St Andrews","2021-10-12","139994",TRUE,"Positive"
"St Andrews","2021-11-12","173768",TRUE,"Positive"
"St Andrews","2021-07-13","195922",TRUE,"Positive"
"St Andrews","2021-09-13","128616",TRUE,"Positive"
"St Andrews","2021-12-13","138082",TRUE,"Positive"
"St Andrews","2021-04-14","3576",TRUE,"Positive (DNQ)"
"St Andrews","2021-05-14","4711",TRUE,"Positive (DNQ)"
"St Andrews","2021-06-14","6452",TRUE,"Positive (DNQ)"
"St Andrews","2021-09-15","126906",TRUE,"Positive"
"St Andrews","2021-02-16",,FALSE,"Analysis Failed"
"St Andrews","2021-07-16","106961",TRUE,"Positive"
"St Andrews","2021-02-17","0",TRUE,"Negative"
"St Andrews","2021-03-17","26613",TRUE,"Positive"
"St Andrews","2021-06-17","29854",TRUE,"Positive"
"St Andrews","2021-11-17","313206",TRUE,"Positive"
"St Andrews","2021-12-17","68812",TRUE,"Positive"
"St Andrews","2021-03-18","13801",TRUE,"Positive"
"St Andrews","2021-05-19","4019",TRUE,"Positive (DNQ)"
"St Andrews","2021-07-19","83431",TRUE,"Positive"
"St Andrews","2021-10-19","189926",TRUE,"Positive"
"St Andrews","2021-11-19","618265",TRUE,"Positive"
"St Andrews","2021-05-21","29361",TRUE,"Positive"
"St Andrews","2021-10-21","104736",TRUE,"Positive"
"St Andrews","2021-03-22","15847",TRUE,"Positive"
"St Andrews","2021-06-22","89437",TRUE,"Positive"
"St Andrews","2021-09-22","196542",TRUE,"Positive"
"St Andrews","2021-02-23","0",TRUE,"Negative"
"St Andrews","2021-03-23","25565",TRUE,"Positive"
"St Andrews","2021-06-24","36815",TRUE,"Positive"
"St Andrews","2021-11-24","595227",TRUE,"Positive"
"St Andrews","2021-02-25","53826",TRUE,"Positive"
"St Andrews","2021-05-25","2817",TRUE,"Positive (DNQ)"
"St Andrews","2021-07-26","160298",TRUE,"Positive"
"St Andrews","2021-05-27","4746",TRUE,"Positive (DNQ)"
"St Andrews","2021-09-27","162989",TRUE,"Positive"
"St Andrews","2021-10-27","521048",TRUE,"Positive"
"St Andrews","2021-04-28","1356",TRUE,"Weak Positive"
"St Andrews","2021-01-29","19254",TRUE,"Positive"
"St Andrews","2021-07-29","3143",TRUE,"Weak Positive"
"St Andrews","2021-09-29","232110",TRUE,"Positive"
"St Andrews","2021-10-29","308492",TRUE,"Positive"
"St Andrews","2021-12-29","79869",TRUE,"Positive"
"St Andrews","2021-03-30","48007",TRUE,"Positive"
"St Andrews","2021-04-30","8590",TRUE,"Positive (DNQ)"
"St Andrews","2021-08-30","148749",TRUE,"Positive"
"St Andrews","2021-05-31","31017",TRUE,"Positive"
"St Andrews - University (2979)","2021-09-01","20887",TRUE,"Positive"
"St Andrews - University (2979)","2021-08-02","0",TRUE,"Negative"
"St Andrews - University (2979)","2021-11-03","14490",TRUE,"Positive"
"St Andrews - University (2979)","2021-10-04","819324",TRUE,"Positive"
"St Andrews - University (2979)","2021-11-05","14644",TRUE,"Positive"
"St Andrews - University (2979)","2021-10-06","7259",TRUE,"Positive (DNQ)"
"St Andrews - University (2979)","2021-09-07","40560",TRUE,"Positive"
"St Andrews - University (2979)","2021-12-08","0",TRUE,"Negative"
"St Andrews - University (2979)","2021-09-09","2287",TRUE,"Weak Positive"
"St Andrews - University (2979)","2021-11-10","9393",TRUE,"Positive (DNQ)"
"St Andrews - University (2979)","2021-12-10","97",TRUE,"Weak Positive"
"St Andrews - University (2979)","2021-08-12","1200",TRUE,"Weak Positive"
"St Andrews - University (2979)","2021-10-12","3844",TRUE,"Weak Positive"
"St Andrews - University (2979)","2021-11-12",,FALSE,"Analysis Failed"
"St Andrews - University (2979)","2021-09-13","0",TRUE,"Negative"
"St Andrews - University (2979)","2021-12-13","25882",TRUE,"Positive"
"St Andrews - University (2979)","2021-10-14","6097",TRUE,"Weak Positive"
"St Andrews - University (2979)","2021-09-15","0",TRUE,"Negative"
"St Andrews - University (2979)","2021-11-17","0",TRUE,"Negative"
"St Andrews - University (2979)","2021-12-17","19781",TRUE,"Positive"
"St Andrews - University (2979)","2021-08-19","209640",TRUE,"Positive"
"St Andrews - University (2979)","2021-11-19","3441",TRUE,"Weak Positive"
"St Andrews - University (2979)","2021-09-20","17729",TRUE,"Positive"
"St Andrews - University (2979)","2021-09-22","949",TRUE,"Weak Positive"
"St Andrews - University (2979)","2021-08-24","42642",TRUE,"Positive"
"St Andrews - University (2979)","2021-11-24","8064",TRUE,"Positive (DNQ)"
"St Andrews - University (2979)","2021-07-26","21053",TRUE,"Positive"
"St Andrews - University (2979)","2021-08-26","39161",TRUE,"Positive"
"St Andrews - University (2979)","2021-07-27","0",TRUE,"Negative"
"St Andrews - University (2979)","2021-09-27",,FALSE,"Analysis Failed"
"St Andrews - University (2979)","2021-10-27","1392",TRUE,"Weak Positive"
"St Andrews - University (2979)","2021-07-28","0",TRUE,"Negative"
"St Andrews - University (2979)","2021-09-29","18475",TRUE,"Positive"
"St Andrews - University (2979)","2021-10-29","0",TRUE,"Negative"
"St Andrews - University (2979)","2021-07-30","0",TRUE,"Negative"
"St Andrews - University (2979)","2021-08-30","0",TRUE,"Negative"
"St Andrews - University (4964)","2021-09-01","14784",TRUE,"Positive"
"St Andrews - University (4964)","2021-08-02","0",TRUE,"Negative"
"St Andrews - University (4964)","2021-11-03","35850",TRUE,"Positive"
"St Andrews - University (4964)","2021-10-04","99829",TRUE,"Positive"
"St Andrews - University (4964)","2021-11-05","9577",TRUE,"Positive"
"St Andrews - University (4964)","2021-10-06","11513",TRUE,"Positive"
"St Andrews - University (4964)","2021-09-07","31132",TRUE,"Positive"
"St Andrews - University (4964)","2021-12-08",,FALSE,"Analysis Failed"
"St Andrews - University (4964)","2021-09-09","3267",TRUE,"Weak Positive"
"St Andrews - University (4964)","2021-11-10","2061",TRUE,"Weak Positive"
"St Andrews - University (4964)","2021-12-10","9183",TRUE,"Positive (DNQ)"
"St Andrews - University (4964)","2021-10-12","26583",TRUE,"Positive"
"St Andrews - University (4964)","2021-11-12","24114",TRUE,"Positive"
"St Andrews - University (4964)","2021-09-13","2742",TRUE,"Weak Positive"
"St Andrews - University (4964)","2021-12-13","133333",TRUE,"Positive"
"St Andrews - University (4964)","2021-10-14","10406",TRUE,"Positive"
"St Andrews - University (4964)","2021-09-15","277211",TRUE,"Positive"
"St Andrews - University (4964)","2021-11-17","130374",TRUE,"Positive"
"St Andrews - University (4964)","2021-12-17","11507",TRUE,"Positive"
"St Andrews - University (4964)","2021-08-19","2969",TRUE,"Weak Positive"
"St Andrews - University (4964)","2021-11-19",,FALSE,"Analysis Failed"
"St Andrews - University (4964)","2021-09-20","76437",TRUE,"Positive"
"St Andrews - University (4964)","2021-09-22","7462",TRUE,"Positive (DNQ)"
"St Andrews - University (4964)","2021-08-24","0",TRUE,"Negative"
"St Andrews - University (4964)","2021-11-24","108717",TRUE,"Positive"
"St Andrews - University (4964)","2021-07-26","0",TRUE,"Negative"
"St Andrews - University (4964)","2021-08-26","15670",TRUE,"Positive"
"St Andrews - University (4964)","2021-07-27","2845",TRUE,"Weak Positive"
"St Andrews - University (4964)","2021-09-27","6886",TRUE,"Positive (DNQ)"
"St Andrews - University (4964)","2021-10-27","22204",TRUE,"Positive"
"St Andrews - University (4964)","2021-07-28","0",TRUE,"Negative"
"St Andrews - University (4964)","2021-07-29","0",TRUE,"Negative"
"St Andrews - University (4964)","2021-09-29","100288",TRUE,"Positive"
"St Andrews - University (4964)","2021-10-29","23755",TRUE,"Positive"
"St Andrews - University (4964)","2021-07-30","0",TRUE,"Negative"
"St Andrews - University (4964)","2021-08-30","23478",TRUE,"Positive"
"Stevenston","2021-06-01","19242",TRUE,"Positive"
"Stevenston","2021-10-01","7675",TRUE,"Positive (DNQ)"
"Stevenston","2021-12-01","42683",TRUE,"Positive"
"Stevenston","2021-03-02","21083",TRUE,"Positive"
"Stevenston","2021-04-02","10121",TRUE,"Positive"
"Stevenston","2021-11-02","21908",TRUE,"Positive"
"Stevenston","2021-08-03","56536",TRUE,"Positive"
"Stevenston","2021-09-03","167332",TRUE,"Positive"
"Stevenston","2021-05-04","1191",TRUE,"Weak Positive"
"Stevenston","2021-06-04","14672",TRUE,"Positive"
"Stevenston","2021-03-05","6559",TRUE,"Positive (DNQ)"
"Stevenston","2021-10-05","14706",TRUE,"Positive"
"Stevenston","2021-11-05","38663",TRUE,"Positive"
"Stevenston","2021-04-06","6317",TRUE,"Positive (DNQ)"
"Stevenston","2021-07-06","20206",TRUE,"Positive"
"Stevenston","2021-08-06","17103",TRUE,"Positive"
"Stevenston","2021-12-06","112691",TRUE,"Positive"
"Stevenston","2021-05-07","6050",TRUE,"Positive (DNQ)"
"Stevenston","2021-06-08","11702",TRUE,"Positive (DNQ)"
"Stevenston","2021-09-08","93265",TRUE,"Positive"
"Stevenston","2021-10-08","54322",TRUE,"Positive"
"Stevenston","2021-12-08","10969",TRUE,"Positive"
"Stevenston","2021-03-09","5620",TRUE,"Positive (DNQ)"
"Stevenston","2021-04-09","7206",TRUE,"Positive (DNQ)"
"Stevenston","2021-07-09","64171",TRUE,"Positive"
"Stevenston","2021-11-09","17598",TRUE,"Positive"
"Stevenston","2021-08-10","12094",TRUE,"Positive"
"Stevenston","2021-12-10","73779",TRUE,"Positive"
"Stevenston","2021-02-11","22254",TRUE,"Positive"
"Stevenston","2021-05-11","3858",TRUE,"Positive (DNQ)"
"Stevenston","2021-06-11","26311",TRUE,"Positive"
"Stevenston","2021-11-11","13197",TRUE,"Positive"
"Stevenston","2021-02-12","14989",TRUE,"Positive"
"Stevenston","2021-03-12","3783",TRUE,"Positive (DNQ)"
"Stevenston","2021-10-12","29298",TRUE,"Positive"
"Stevenston","2021-04-13","1578",TRUE,"Positive (DNQ)"
"Stevenston","2021-07-13","67696",TRUE,"Positive"
"Stevenston","2021-08-13","83340",TRUE,"Positive"
"Stevenston","2021-12-13","29182",TRUE,"Positive"
"Stevenston","2021-05-14","5693",TRUE,"Positive (DNQ)"
"Stevenston","2021-09-14","81472",TRUE,"Positive"
"Stevenston","2021-06-15","10575",TRUE,"Positive (DNQ)"
"Stevenston","2021-10-15","21936",TRUE,"Positive"
"Stevenston","2021-12-15","75753",TRUE,"Positive"
"Stevenston","2021-02-16","25634",TRUE,"Positive"
"Stevenston","2021-03-16","5004",TRUE,"Positive (DNQ)"
"Stevenston","2021-07-16","45265",TRUE,"Positive"
"Stevenston","2021-11-16","18775",TRUE,"Positive"
"Stevenston","2021-09-17","86447",TRUE,"Positive"
"Stevenston","2021-05-18","31170",TRUE,"Positive"
"Stevenston","2021-06-18","25539",TRUE,"Positive"
"Stevenston","2021-02-19","55004",TRUE,"Positive"
"Stevenston","2021-03-19","8625",TRUE,"Positive (DNQ)"
"Stevenston","2021-10-19","10251",TRUE,"Positive"
"Stevenston","2021-11-19","40499",TRUE,"Positive"
"Stevenston","2021-07-20","32592",TRUE,"Positive"
"Stevenston","2021-08-20","214805",TRUE,"Positive"
"Stevenston","2021-12-20","135197",TRUE,"Positive"
"Stevenston","2021-05-21","8030",TRUE,"Positive (DNQ)"
"Stevenston","2021-06-22","29934",TRUE,"Positive"
"Stevenston","2021-10-22","22295",TRUE,"Positive"
"Stevenston","2021-11-22","44089",TRUE,"Positive"
"Stevenston","2021-02-23","36912",TRUE,"Positive"
"Stevenston","2021-03-23","14188",TRUE,"Positive"
"Stevenston","2021-04-23","3868",TRUE,"Positive (DNQ)"
"Stevenston","2021-07-23","15272",TRUE,"Positive"
"Stevenston","2021-08-24","70114",TRUE,"Positive"
"Stevenston","2021-09-24","73050",TRUE,"Positive"
"Stevenston","2021-11-24","216353",TRUE,"Positive"
"Stevenston","2021-05-25","10132",TRUE,"Positive"
"Stevenston","2021-06-25","43403",TRUE,"Positive"
"Stevenston","2021-02-26","15613",TRUE,"Positive"
"Stevenston","2021-03-26","12683",TRUE,"Positive"
"Stevenston","2021-10-26","24302",TRUE,"Positive"
"Stevenston","2021-04-27","2634",TRUE,"Positive (DNQ)"
"Stevenston","2021-07-27","27334",TRUE,"Positive"
"Stevenston","2021-08-27","236785",TRUE,"Positive"
"Stevenston","2021-05-28","3023",TRUE,"Positive (DNQ)"
"Stevenston","2021-09-28","21949",TRUE,"Positive"
"Stevenston","2021-06-29","50685",TRUE,"Positive"
"Stevenston","2021-10-29","36993",TRUE,"Positive"
"Stevenston","2021-11-29","50335",TRUE,"Positive"
"Stevenston","2021-03-30","10633",TRUE,"Positive"
"Stevenston","2021-04-30","2788",TRUE,"Positive (DNQ)"
"Stevenston","2021-07-30","56844",TRUE,"Positive"
"Stevenston","2021-08-31","64980",TRUE,"Positive"
"Stevenston - Stevenston East","2021-09-01",,FALSE,"Analysis Failed"
"Stevenston - Stevenston East","2021-10-01","22889",TRUE,"Positive"
"Stevenston - Stevenston East","2021-11-01","11604",TRUE,"Positive"
"Stevenston - Stevenston East","2021-06-02","0",TRUE,"Negative"
"Stevenston - Stevenston East","2021-07-02","248139",TRUE,"Positive"
"Stevenston - Stevenston East","2021-08-02","3946",TRUE,"Weak Positive"
"Stevenston - Stevenston East","2021-11-03","117844",TRUE,"Positive"
"Stevenston - Stevenston East","2021-05-04","0",TRUE,"Negative"
"Stevenston - Stevenston East","2021-05-06","1381",TRUE,"Positive (DNQ)"
"Stevenston - Stevenston East","2021-12-06","33892",TRUE,"Positive"
"Stevenston - Stevenston East","2021-06-07","5929",TRUE,"Positive (DNQ)"
"Stevenston - Stevenston East","2021-07-08","364173",TRUE,"Positive"
"Stevenston - Stevenston East","2021-09-08","11742",TRUE,"Positive"
"Stevenston - Stevenston East","2021-11-08","215541",TRUE,"Positive"
"Stevenston - Stevenston East","2021-12-08","26480",TRUE,"Positive"
"Stevenston - Stevenston East","2021-06-09","12090",TRUE,"Positive"
"Stevenston - Stevenston East","2021-08-09","1801",TRUE,"Weak Positive"
"Stevenston - Stevenston East","2021-11-10","10897",TRUE,"Positive"
"Stevenston - Stevenston East","2021-08-11","1572",TRUE,"Weak Positive"
"Stevenston - Stevenston East","2021-05-12","0",TRUE,"Negative"
"Stevenston - Stevenston East","2021-07-12","58231",TRUE,"Positive"
"Stevenston - Stevenston East","2021-12-13","45879",TRUE,"Positive"
"Stevenston - Stevenston East","2021-05-14","1995",TRUE,"Positive (DNQ)"
"Stevenston - Stevenston East","2021-06-15","6624",TRUE,"Positive (DNQ)"
"Stevenston - Stevenston East","2021-11-15","6760",TRUE,"Positive (DNQ)"
"Stevenston - Stevenston East","2021-12-15","266201",TRUE,"Positive"
"Stevenston - Stevenston East","2021-08-16",,FALSE,"Analysis Failed"
"Stevenston - Stevenston East","2021-06-17","2875",TRUE,"Positive (DNQ)"
"Stevenston - Stevenston East","2021-11-17","1301",TRUE,"Weak Positive"
"Stevenston - Stevenston East","2021-05-18","1406",TRUE,"Weak Positive"
"Stevenston - Stevenston East","2021-08-18","151433",TRUE,"Positive"
"Stevenston - Stevenston East","2021-05-20",,FALSE,"Analysis Failed"
"Stevenston - Stevenston East","2021-07-20","9151",TRUE,"Positive (DNQ)"
"Stevenston - Stevenston East","2021-04-21","2929",TRUE,"Positive (DNQ)"
"Stevenston - Stevenston East","2021-11-22",,FALSE,"Analysis Failed"
"Stevenston - Stevenston East","2021-06-23","7095",TRUE,"Positive (DNQ)"
"Stevenston - Stevenston East","2021-08-23",,FALSE,"Analysis Failed"
"Stevenston - Stevenston East","2021-05-24","2006",TRUE,"Positive (DNQ)"
"Stevenston - Stevenston East","2021-09-24",,FALSE,"Analysis Failed"
"Stevenston - Stevenston East","2021-11-24","40490",TRUE,"Positive"
"Stevenston - Stevenston East","2021-06-25","384599",TRUE,"Positive"
"Stevenston - Stevenston East","2021-08-25","180893",TRUE,"Positive"
"Stevenston - Stevenston East","2021-10-25","54717",TRUE,"Positive"
"Stevenston - Stevenston East","2021-04-26","0",TRUE,"Negative"
"Stevenston - Stevenston East","2021-05-26","761666",TRUE,"Positive"
"Stevenston - Stevenston East","2021-07-26","45795",TRUE,"Positive"
"Stevenston - Stevenston East","2021-10-27","3946",TRUE,"Weak Positive"
"Stevenston - Stevenston East","2021-06-29","282681",TRUE,"Positive"
"Stevenston - Stevenston East","2021-07-29","36364",TRUE,"Positive"
"Stevenston - Stevenston East","2021-11-29","20028",TRUE,"Positive"
"Stevenston - Stevenston East","2021-04-30","0",TRUE,"Negative"
"Stevenston - Stevenston East","2021-08-30","94453",TRUE,"Positive"
"Stevenston - Stevenston East","2021-05-31","25151",TRUE,"Positive"
"Stevenston - Stevenston West","2021-09-01",,FALSE,"Analysis Failed"
"Stevenston - Stevenston West","2021-10-01","28181",TRUE,"Positive"
"Stevenston - Stevenston West","2021-11-01","8222",TRUE,"Positive (DNQ)"
"Stevenston - Stevenston West","2021-06-02","3282",TRUE,"Positive (DNQ)"
"Stevenston - Stevenston West","2021-07-02","58539",TRUE,"Positive"
"Stevenston - Stevenston West","2021-08-02","4978",TRUE,"Weak Positive"
"Stevenston - Stevenston West","2021-11-03","13462",TRUE,"Positive"
"Stevenston - Stevenston West","2021-05-04","57998",TRUE,"Positive"
"Stevenston - Stevenston West","2021-07-05","15220",TRUE,"Positive"
"Stevenston - Stevenston West","2021-05-06","0",TRUE,"Negative"
"Stevenston - Stevenston West","2021-12-06","8034",TRUE,"Positive (DNQ)"
"Stevenston - Stevenston West","2021-06-07","2480",TRUE,"Positive (DNQ)"
"Stevenston - Stevenston West","2021-07-08","9807",TRUE,"Positive"
"Stevenston - Stevenston West","2021-09-08","358006",TRUE,"Positive"
"Stevenston - Stevenston West","2021-11-08","79241",TRUE,"Positive"
"Stevenston - Stevenston West","2021-12-08","2438",TRUE,"Weak Positive"
"Stevenston - Stevenston West","2021-06-09","1910",TRUE,"Positive (DNQ)"
"Stevenston - Stevenston West","2021-08-09","308814",TRUE,"Positive"
"Stevenston - Stevenston West","2021-11-10","1196",TRUE,"Weak Positive"
"Stevenston - Stevenston West","2021-08-11","28992",TRUE,"Positive"
"Stevenston - Stevenston West","2021-05-12","1487",TRUE,"Positive (DNQ)"
"Stevenston - Stevenston West","2021-07-12","3380",TRUE,"Weak Positive"
"Stevenston - Stevenston West","2021-12-13","30954",TRUE,"Positive"
"Stevenston - Stevenston West","2021-05-14","29942",TRUE,"Positive"
"Stevenston - Stevenston West","2021-06-15","4765",TRUE,"Positive (DNQ)"
"Stevenston - Stevenston West","2021-11-15","33210",TRUE,"Positive"
"Stevenston - Stevenston West","2021-12-15","249203",TRUE,"Positive"
"Stevenston - Stevenston West","2021-08-16",,FALSE,"Analysis Failed"
"Stevenston - Stevenston West","2021-06-17","1037",TRUE,"Weak Positive"
"Stevenston - Stevenston West","2021-11-17","16149",TRUE,"Positive"
"Stevenston - Stevenston West","2021-05-18","233624",TRUE,"Positive"
"Stevenston - Stevenston West","2021-08-18","158489",TRUE,"Positive"
"Stevenston - Stevenston West","2021-10-18","129670",TRUE,"Positive"
"Stevenston - Stevenston West","2021-05-20","9185",TRUE,"Positive (DNQ)"
"Stevenston - Stevenston West","2021-07-20","16528",TRUE,"Positive"
"Stevenston - Stevenston West","2021-04-21","5088",TRUE,"Positive (DNQ)"
"Stevenston - Stevenston West","2021-11-22","126854",TRUE,"Positive"
"Stevenston - Stevenston West","2021-06-23","7938",TRUE,"Positive (DNQ)"
"Stevenston - Stevenston West","2021-08-23","785548",TRUE,"Positive"
"Stevenston - Stevenston West","2021-05-24","9089",TRUE,"Positive (DNQ)"
"Stevenston - Stevenston West","2021-09-24","60197",TRUE,"Positive"
"Stevenston - Stevenston West","2021-11-24","29618",TRUE,"Positive"
"Stevenston - Stevenston West","2021-06-25","8931",TRUE,"Positive (DNQ)"
"Stevenston - Stevenston West","2021-08-25",,FALSE,"Analysis Failed"
"Stevenston - Stevenston West","2021-10-25","62009",TRUE,"Positive"
"Stevenston - Stevenston West","2021-04-26","578",TRUE,"Weak Positive"
"Stevenston - Stevenston West","2021-05-26","6835",TRUE,"Positive (DNQ)"
"Stevenston - Stevenston West","2021-10-27",,FALSE,"Analysis Failed"
"Stevenston - Stevenston West","2021-07-29","653670",TRUE,"Positive"
"Stevenston - Stevenston West","2021-04-30","8212",TRUE,"Positive (DNQ)"
"Stevenston - Stevenston West","2021-08-30",,FALSE,"Analysis Failed"
"Stevenston - Stevenston West","2021-05-31","0",TRUE,"Negative"
"Stirling","2021-02-01","82628",TRUE,"Positive"
"Stirling","2021-03-01","8006",TRUE,"Positive (DNQ)"
"Stirling","2020-09-01","0",TRUE,"Negative"
"Stirling","2021-11-01","10258",TRUE,"Positive"
"Stirling","2021-12-01","56657",TRUE,"Positive"
"Stirling","2020-10-02","10892",TRUE,"Positive (DNQ)"
"Stirling","2020-11-02","480",TRUE,"Weak Positive"
"Stirling","2021-09-03","18168",TRUE,"Positive"
"Stirling","2021-11-03","18965",TRUE,"Positive"
"Stirling","2020-12-03","8618",TRUE,"Positive (DNQ)"
"Stirling","2021-05-04","2495",TRUE,"Positive (DNQ)"
"Stirling","2021-04-05","16410",TRUE,"Positive"
"Stirling","2021-10-05","33062",TRUE,"Positive"
"Stirling","2021-11-05","13604",TRUE,"Positive"
"Stirling","2021-01-06","18502",TRUE,"Positive"
"Stirling","2021-08-06","38555",TRUE,"Positive"
"Stirling","2020-10-06","0",TRUE,"Negative"
"Stirling","2021-12-06","82795",TRUE,"Positive"
"Stirling","2021-07-07","74582",TRUE,"Positive"
"Stirling","2020-09-07","0",TRUE,"Negative"
"Stirling","2020-12-07","2468",TRUE,"Positive (DNQ)"
"Stirling","2021-02-08","10545",TRUE,"Positive"
"Stirling","2021-03-08","31668",TRUE,"Positive"
"Stirling","2021-11-08","84335",TRUE,"Positive"
"Stirling","2021-12-08","11908",TRUE,"Positive"
"Stirling","2021-06-09","1855",TRUE,"Positive (DNQ)"
"Stirling","2021-09-10","82751",TRUE,"Positive"
"Stirling","2021-11-10","22740",TRUE,"Positive"
"Stirling","2021-12-10","24297",TRUE,"Positive"
"Stirling","2021-01-11","34342",TRUE,"Positive"
"Stirling","2021-10-11",,FALSE,"Analysis Failed"
"Stirling","2020-11-11","4030",TRUE,"Positive (DNQ)"
"Stirling","2021-11-12","42051",TRUE,"Positive"
"Stirling","2021-08-13","18827",TRUE,"Positive"
"Stirling","2021-10-13","38772",TRUE,"Positive"
"Stirling","2021-04-14","4510",TRUE,"Positive (DNQ)"
"Stirling","2021-05-14","6292",TRUE,"Positive (DNQ)"
"Stirling","2021-09-14","77862",TRUE,"Positive"
"Stirling","2021-03-15","3697",TRUE,"Positive (DNQ)"
"Stirling","2021-10-15","41706",TRUE,"Positive"
"Stirling","2021-11-15","75049",TRUE,"Positive"
"Stirling","2020-12-15","2127",TRUE,"Weak Positive"
"Stirling","2021-12-15","157338",TRUE,"Positive"
"Stirling","2021-06-16","7662",TRUE,"Positive (DNQ)"
"Stirling","2021-11-16","71036",TRUE,"Positive"
"Stirling","2021-11-17","70525",TRUE,"Positive"
"Stirling","2021-12-17","217917",TRUE,"Positive"
"Stirling","2020-09-18","0",TRUE,"Negative"
"Stirling","2021-02-19",,FALSE,"Analysis Failed"
"Stirling","2021-02-19","7105",TRUE,"Positive (DNQ)"
"Stirling","2020-10-19","4552",TRUE,"Positive (DNQ)"
"Stirling","2021-08-20",,FALSE,"Analysis Failed"
"Stirling","2021-10-20","11502",TRUE,"Positive"
"Stirling","2021-12-20","234023",TRUE,"Positive"
"Stirling","2021-05-21","917",TRUE,"Weak Positive"
"Stirling","2021-06-21","1360",TRUE,"Positive (DNQ)"
"Stirling","2021-01-22","7932",TRUE,"Positive (DNQ)"
"Stirling","2021-02-22",,FALSE,"Analysis Failed"
"Stirling","2021-03-22","17555",TRUE,"Positive"
"Stirling","2021-07-22","32205",TRUE,"Positive"
"Stirling","2021-09-22","31166",TRUE,"Positive"
"Stirling","2021-11-22","68402",TRUE,"Positive"
"Stirling","2020-09-23","4752",TRUE,"Positive (DNQ)"
"Stirling","2021-11-24","51555",TRUE,"Positive"
"Stirling","2021-04-26","1389",TRUE,"Weak Positive"
"Stirling","2021-05-26","1557",TRUE,"Positive (DNQ)"
"Stirling","2021-01-27","4115",TRUE,"Positive (DNQ)"
"Stirling","2021-08-27","106778",TRUE,"Positive"
"Stirling","2020-11-27","15486",TRUE,"Positive"
"Stirling","2021-10-28","20490",TRUE,"Positive"
"Stirling","2021-07-29","34166",TRUE,"Positive"
"Stirling","2021-09-29","20131",TRUE,"Positive"
"Stirling","2020-10-29","73967",TRUE,"Positive"
"Stirling","2021-12-29","267164",TRUE,"Positive"
"Stirling","2021-03-30","5204",TRUE,"Positive (DNQ)"
"Stirling","2021-06-30","26965",TRUE,"Positive"
"Stirling","2021-05-31","6532",TRUE,"Positive (DNQ)"
"Stirling - University","2021-09-01","21562",TRUE,"Positive"
"Stirling - University","2021-11-02","26662",TRUE,"Positive"
"Stirling - University","2021-09-03",,FALSE,"Analysis Failed"
"Stirling - University","2021-05-04","0",TRUE,"Negative"
"Stirling - University","2021-11-04","903556",TRUE,"Positive"
"Stirling - University","2021-10-05","18702",TRUE,"Positive"
"Stirling - University","2021-05-06","0",TRUE,"Negative"
"Stirling - University","2021-12-06","189",TRUE,"Weak Positive"
"Stirling - University","2021-10-07","1604",TRUE,"Weak Positive"
"Stirling - University","2021-09-09","660846",TRUE,"Positive"
"Stirling - University","2021-11-09","14444",TRUE,"Positive"
"Stirling - University","2021-09-10","29850",TRUE,"Positive"
"Stirling - University","2021-10-11","3479",TRUE,"Weak Positive"
"Stirling - University","2021-11-11","114490",TRUE,"Positive"
"Stirling - University","2021-04-12","391",TRUE,"Weak Positive"
"Stirling - University","2021-04-13","0",TRUE,"Negative"
"Stirling - University","2021-10-13",,FALSE,"Analysis Failed"
"Stirling - University","2021-04-14","539",TRUE,"Weak Positive"
"Stirling - University","2021-09-14",,FALSE,"Analysis Failed"
"Stirling - University","2021-04-16","0",TRUE,"Negative"
"Stirling - University","2021-12-16","63",TRUE,"Weak Positive"
"Stirling - University","2021-08-18","0",TRUE,"Negative"
"Stirling - University","2021-10-18","3834",TRUE,"Weak Positive"
"Stirling - University","2021-08-20","8365",TRUE,"Positive (DNQ)"
"Stirling - University","2021-09-20","134485",TRUE,"Positive"
"Stirling - University","2021-10-20","13128",TRUE,"Positive"
"Stirling - University","2021-11-23","22638",TRUE,"Positive"
"Stirling - University","2021-08-25","12406",TRUE,"Positive"
"Stirling - University","2021-10-25","11565",TRUE,"Positive"
"Stirling - University","2021-11-25",,FALSE,"Analysis Failed"
"Stirling - University","2021-04-26","0",TRUE,"Negative"
"Stirling - University","2021-08-27","3972",TRUE,"Weak Positive"
"Stirling - University","2021-10-27","23382",TRUE,"Positive"
"Stirling - University","2021-04-29","2137",TRUE,"Positive (DNQ)"
"Stonehouse","2021-03-01","3653",TRUE,"Positive (DNQ)"
"Stonehouse","2021-04-02","3529",TRUE,"Positive (DNQ)"
"Stonehouse","2021-06-03","15034",TRUE,"Positive"
"Stonehouse","2021-02-05","4513",TRUE,"Positive (DNQ)"
"Stonehouse","2021-05-05","1146",TRUE,"Weak Positive"
"Stonehouse","2021-10-05","63515",TRUE,"Positive"
"Stonehouse","2021-11-05","88902",TRUE,"Positive"
"Stonehouse","2021-04-06","2399",TRUE,"Positive (DNQ)"
"Stonehouse","2021-09-06","423858",TRUE,"Positive"
"Stonehouse","2021-07-07","81885",TRUE,"Positive"
"Stonehouse","2021-01-08","28746",TRUE,"Positive"
"Stonehouse","2021-12-09","81022",TRUE,"Positive"
"Stonehouse","2021-02-10","4386",TRUE,"Positive (DNQ)"
"Stonehouse","2021-05-10","524",TRUE,"Weak Positive"
"Stonehouse","2021-03-11","433",TRUE,"Weak Positive"
"Stonehouse","2021-06-11","36704",TRUE,"Positive"
"Stonehouse","2021-01-12","5789",TRUE,"Positive (DNQ)"
"Stonehouse","2021-11-12","85800",TRUE,"Positive"
"Stonehouse","2021-02-15","23359",TRUE,"Positive"
"Stonehouse","2021-09-15","143355",TRUE,"Positive"
"Stonehouse","2021-12-16","115769",TRUE,"Positive"
"Stonehouse","2021-05-17","12707",TRUE,"Positive"
"Stonehouse","2021-03-18","12162",TRUE,"Positive"
"Stonehouse","2021-06-18","6989",TRUE,"Positive (DNQ)"
"Stonehouse","2021-01-19","17984",TRUE,"Positive"
"Stonehouse","2021-11-19","22474",TRUE,"Positive"
"Stonehouse","2021-07-21","22767",TRUE,"Positive"
"Stonehouse","2021-10-21","23535",TRUE,"Positive"
"Stonehouse","2021-02-22","11655",TRUE,"Positive"
"Stonehouse","2021-06-22","28740",TRUE,"Positive"
"Stonehouse","2021-03-26","1215",TRUE,"Weak Positive"
"Stonehouse","2021-05-26","0",TRUE,"Negative"
"Stonehouse","2021-07-26","39818",TRUE,"Positive"
"Stonehouse","2021-04-27","45331",TRUE,"Positive"
"Stonehouse","2021-06-29","11068",TRUE,"Positive (DNQ)"
"Stonehouse","2021-12-29","411285",TRUE,"Positive"
"Stonehouse","2021-08-30","421327",TRUE,"Positive"
"Stornoway","2021-02-01","24618",TRUE,"Positive"
"Stornoway","2021-03-01","1071",TRUE,"Weak Positive"
"Stornoway","2020-09-01","0",TRUE,"Negative"
"Stornoway","2021-08-02","25981",TRUE,"Positive"
"Stornoway","2020-11-03","0",TRUE,"Negative"
"Stornoway","2021-05-04","0",TRUE,"Negative"
"Stornoway","2021-10-04",,FALSE,"Analysis Failed"
"Stornoway","2021-01-05","945",TRUE,"Weak Positive"
"Stornoway","2021-07-05","8440",TRUE,"Positive (DNQ)"
"Stornoway","2020-10-05","0",TRUE,"Negative"
"Stornoway","2021-04-06",,FALSE,"Analysis Failed"
"Stornoway","2021-09-06","9563",TRUE,"Positive"
"Stornoway","2021-12-06",,FALSE,"Analysis Failed"
"Stornoway","2020-12-07","0",TRUE,"Negative"
"Stornoway","2021-02-08",,FALSE,"Analysis Failed"
"Stornoway","2021-03-08",,FALSE,"Analysis Failed"
"Stornoway","2021-06-08","0",TRUE,"Negative"
"Stornoway","2020-09-09","0",TRUE,"Negative"
"Stornoway","2021-01-11",,FALSE,"Analysis Failed"
"Stornoway","2021-05-11","0",TRUE,"Negative"
"Stornoway","2021-10-11",,FALSE,"Analysis Failed"
"Stornoway","2020-11-11","0",TRUE,"Negative"
"Stornoway","2021-04-12","0",TRUE,"Negative"
"Stornoway","2021-09-13","0",TRUE,"Negative"
"Stornoway","2021-12-13",,FALSE,"Analysis Failed"
"Stornoway","2021-06-14","1487",TRUE,"Positive (DNQ)"
"Stornoway","2021-02-15","13291",TRUE,"Positive"
"Stornoway","2021-11-15",,FALSE,"Analysis Failed"
"Stornoway","2021-05-18","0",TRUE,"Negative"
"Stornoway","2021-10-18","13445",TRUE,"Positive"
"Stornoway","2020-11-18","0",TRUE,"Negative"
"Stornoway","2021-01-19","0",TRUE,"Negative"
"Stornoway","2021-07-20","29391",TRUE,"Positive"
"Stornoway","2021-09-21","19842",TRUE,"Positive"
"Stornoway","2021-03-22","0",TRUE,"Negative"
"Stornoway","2020-09-22","0",TRUE,"Negative"
"Stornoway","2021-11-22",,FALSE,"Analysis Failed"
"Stornoway","2021-02-23",,FALSE,"Analysis Failed"
"Stornoway","2021-06-23","2089",TRUE,"Positive (DNQ)"
"Stornoway","2021-05-24","0",TRUE,"Negative"
"Stornoway","2021-08-24","84717",TRUE,"Positive"
"Stornoway","2021-01-26","1592",TRUE,"Positive (DNQ)"
"Stornoway","2021-07-27","16058",TRUE,"Positive"
"Stornoway","2021-09-27","98191",TRUE,"Positive"
"Stornoway","2021-03-29","0",TRUE,"Negative"
"Stornoway","2021-03-29",,FALSE,"Analysis Failed"
"Stornoway","2021-04-29","0",TRUE,"Negative"
"Stornoway","2021-11-29","4274",TRUE,"Weak Positive"
"Stornoway","2021-06-30","0",TRUE,"Negative"
"Stornoway","2020-12-30",,FALSE,"Analysis Failed"
"Stornoway","2021-05-31","0",TRUE,"Negative"
"Stornoway","2021-08-31","12876",TRUE,"Positive"
"Strathaven","2021-03-01","38833",TRUE,"Positive"
"Strathaven","2021-10-01","90026",TRUE,"Positive"
"Strathaven","2021-12-01","12868",TRUE,"Positive"
"Strathaven","2021-02-02","5736",TRUE,"Positive (DNQ)"
"Strathaven","2021-04-02","10590",TRUE,"Positive"
"Strathaven","2021-06-03","0",TRUE,"Negative"
"Strathaven","2021-05-05","21929",TRUE,"Positive"
"Strathaven","2021-08-05","24407",TRUE,"Positive"
"Strathaven","2021-10-05","52057",TRUE,"Positive"
"Strathaven","2021-11-05","43854",TRUE,"Positive"
"Strathaven","2021-04-06","10350",TRUE,"Positive"
"Strathaven","2021-01-08","24462",TRUE,"Positive"
"Strathaven","2021-07-08","18567",TRUE,"Positive"
"Strathaven","2021-02-10","1873",TRUE,"Positive (DNQ)"
"Strathaven","2021-03-11","3872",TRUE,"Positive (DNQ)"
"Strathaven","2021-05-11","6902",TRUE,"Positive (DNQ)"
"Strathaven","2021-01-12","25363",TRUE,"Positive"
"Strathaven","2021-11-12","92399",TRUE,"Positive"
"Strathaven","2021-02-15","2034",TRUE,"Positive (DNQ)"
"Strathaven","2021-12-16","19176",TRUE,"Positive"
"Strathaven","2021-05-17","1138",TRUE,"Weak Positive"
"Strathaven","2021-03-18","5878",TRUE,"Positive (DNQ)"
"Strathaven","2021-01-19","22228",TRUE,"Positive"
"Strathaven","2021-11-19","26811",TRUE,"Positive"
"Strathaven","2021-07-20","79861",TRUE,"Positive"
"Strathaven","2021-10-21",,FALSE,"Analysis Failed"
"Strathaven","2021-02-22","77464",TRUE,"Positive"
"Strathaven","2021-09-24","27755",TRUE,"Positive"
"Strathaven","2021-01-25","7078",TRUE,"Positive (DNQ)"
"Strathaven","2021-05-25","2443",TRUE,"Positive (DNQ)"
"Strathaven","2021-03-26","16250",TRUE,"Positive"
"Strathaven","2021-07-26","37833",TRUE,"Positive"
"Strathaven","2021-04-27","21200",TRUE,"Positive"
"Strathaven","2021-08-30","408898",TRUE,"Positive"
"Swinstie","2021-04-01","62820",TRUE,"Positive"
"Swinstie","2021-06-01","1140",TRUE,"Weak Positive"
"Swinstie","2021-03-03","16555",TRUE,"Positive"
"Swinstie","2021-02-04","24775",TRUE,"Positive"
"Swinstie","2021-05-04",,FALSE,"Analysis Failed"
"Swinstie","2021-10-05","33621",TRUE,"Positive"
"Swinstie","2021-11-05","33065",TRUE,"Positive"
"Swinstie","2021-04-06","21166",TRUE,"Positive"
"Swinstie","2021-07-07","310843",TRUE,"Positive"
"Swinstie","2021-01-08","62809",TRUE,"Positive"
"Swinstie","2021-03-08","27088",TRUE,"Positive"
"Swinstie","2021-05-10","3368",TRUE,"Positive (DNQ)"
"Swinstie","2021-02-11",,FALSE,"Analysis Failed"
"Swinstie","2021-06-11","38263",TRUE,"Positive"
"Swinstie","2021-04-12","20787",TRUE,"Positive"
"Swinstie","2021-11-12","97425",TRUE,"Positive"
"Swinstie","2021-01-15","66856",TRUE,"Positive"
"Swinstie","2021-06-15","4964",TRUE,"Positive (DNQ)"
"Swinstie","2021-09-15","300737",TRUE,"Positive"
"Swinstie","2021-12-16","32664",TRUE,"Positive"
"Swinstie","2021-03-18","27010",TRUE,"Positive"
"Swinstie","2021-02-19","32812",TRUE,"Positive"
"Swinstie","2021-11-19","47175",TRUE,"Positive"
"Swinstie","2021-05-20",,FALSE,"Analysis Failed"
"Swinstie","2021-07-21","188434",TRUE,"Positive"
"Swinstie","2021-10-21","17393",TRUE,"Positive"
"Swinstie","2021-03-23","132188",TRUE,"Positive"
"Swinstie","2021-02-24","7581",TRUE,"Positive (DNQ)"
"Swinstie","2021-06-25",,FALSE,"Analysis Failed"
"Swinstie","2021-01-27","10794",TRUE,"Positive"
"Swinstie","2021-04-27","11920",TRUE,"Positive"
"Swinstie","2021-07-27","185965",TRUE,"Positive"
"Swinstie","2021-09-29",,FALSE,"Analysis Failed"
"Swinstie","2021-06-30","33704",TRUE,"Positive"
"Swinstie","2021-08-30","1359412",TRUE,"Positive"
"Thurso","2021-12-06","17770",TRUE,"Positive"
"Thurso","2021-12-08","14126",TRUE,"Positive"
"Thurso","2021-12-13","2967",TRUE,"Weak Positive"
"Thurso","2021-11-15","34821",TRUE,"Positive"
"Thurso","2021-12-16","15784",TRUE,"Positive"
"Thurso","2021-11-17","17104",TRUE,"Positive"
"Thurso","2021-11-22","27544",TRUE,"Positive"
"Thurso","2021-11-24","60883",TRUE,"Positive"
"Thurso","2021-11-29","103585",TRUE,"Positive"
"Tillicoultry","2021-03-01","40915",TRUE,"Positive"
"Tillicoultry","2021-09-01","215796",TRUE,"Positive"
"Tillicoultry","2021-03-02","3668",TRUE,"Positive (DNQ)"
"Tillicoultry","2021-11-02","332876",TRUE,"Positive"
"Tillicoultry","2021-06-03","7201",TRUE,"Positive (DNQ)"
"Tillicoultry","2021-09-03","615223",TRUE,"Positive"
"Tillicoultry","2021-05-04","1851",TRUE,"Positive (DNQ)"
"Tillicoultry","2021-10-04","114049",TRUE,"Positive"
"Tillicoultry","2021-11-04","337131",TRUE,"Positive"
"Tillicoultry","2021-04-06",,FALSE,"Analysis Failed"
"Tillicoultry","2021-07-06","48783",TRUE,"Positive"
"Tillicoultry","2021-06-07","12347",TRUE,"Positive"
"Tillicoultry","2021-09-07","760929",TRUE,"Positive"
"Tillicoultry","2021-12-07","53405",TRUE,"Positive"
"Tillicoultry","2021-03-08","3161",TRUE,"Positive (DNQ)"
"Tillicoultry","2021-07-08","23279",TRUE,"Positive"
"Tillicoultry","2021-03-09","2548",TRUE,"Positive (DNQ)"
"Tillicoultry","2021-04-09","7370",TRUE,"Positive (DNQ)"
"Tillicoultry","2021-11-09","165968",TRUE,"Positive"
"Tillicoultry","2021-12-09","110036",TRUE,"Positive"
"Tillicoultry","2021-06-10","175907",TRUE,"Positive"
"Tillicoultry","2021-09-10","1624630",TRUE,"Positive"
"Tillicoultry","2021-05-11","2922",TRUE,"Positive (DNQ)"
"Tillicoultry","2021-11-11","904238",TRUE,"Positive"
"Tillicoultry","2021-04-12","2751",TRUE,"Positive (DNQ)"
"Tillicoultry","2021-07-12","364863",TRUE,"Positive"
"Tillicoultry","2021-04-13","0",TRUE,"Negative"
"Tillicoultry","2021-06-14","9012",TRUE,"Positive (DNQ)"
"Tillicoultry","2021-09-14","107709",TRUE,"Positive"
"Tillicoultry","2021-12-14","66835",TRUE,"Positive"
"Tillicoultry","2021-03-15","3507",TRUE,"Positive (DNQ)"
"Tillicoultry","2021-03-16","5465",TRUE,"Positive (DNQ)"
"Tillicoultry","2021-09-16","250068",TRUE,"Positive"
"Tillicoultry","2021-11-16","418743",TRUE,"Positive"
"Tillicoultry","2021-12-16","37555",TRUE,"Positive"
"Tillicoultry","2021-02-18","237963",TRUE,"Positive"
"Tillicoultry","2021-10-18","89962",TRUE,"Positive"
"Tillicoultry","2021-11-18","326971",TRUE,"Positive"
"Tillicoultry","2021-02-19",,FALSE,"Analysis Failed"
"Tillicoultry","2021-02-19","203706",TRUE,"Positive"
"Tillicoultry","2021-07-19","731601",TRUE,"Positive"
"Tillicoultry","2021-09-20","25253",TRUE,"Positive"
"Tillicoultry","2021-05-21","1352",TRUE,"Weak Positive"
"Tillicoultry","2021-07-21","45816",TRUE,"Positive"
"Tillicoultry","2021-10-21","181559",TRUE,"Positive"
"Tillicoultry","2021-02-22","6757",TRUE,"Positive (DNQ)"
"Tillicoultry","2021-03-22",,FALSE,"Analysis Failed"
"Tillicoultry","2021-03-22","4868",TRUE,"Positive (DNQ)"
"Tillicoultry","2021-02-23",,FALSE,"Analysis Failed"
"Tillicoultry","2021-02-23","44210",TRUE,"Positive"
"Tillicoultry","2021-03-23","4762",TRUE,"Positive (DNQ)"
"Tillicoultry","2021-11-23","187781",TRUE,"Positive"
"Tillicoultry","2021-06-24","75248",TRUE,"Positive"
"Tillicoultry","2021-05-25","969",TRUE,"Weak Positive"
"Tillicoultry","2021-11-25","168277",TRUE,"Positive"
"Tillicoultry","2021-07-26","194572",TRUE,"Positive"
"Tillicoultry","2021-10-26","2001215",TRUE,"Positive"
"Tillicoultry","2021-04-27","453",TRUE,"Weak Positive"
"Tillicoultry","2021-05-28","4374",TRUE,"Positive (DNQ)"
"Tillicoultry","2021-10-28","460326",TRUE,"Positive"
"Tillicoultry","2021-07-29","134668",TRUE,"Positive"
"Tillicoultry","2021-03-30","31417",TRUE,"Positive"
"Tillicoultry","2021-04-30","466",TRUE,"Weak Positive"
"Tillicoultry","2021-06-30","12294",TRUE,"Positive"
"Tillicoultry","2021-09-30","153416",TRUE,"Positive"
"Tillicoultry","2021-03-31","25973",TRUE,"Positive"
"Tillicoultry","2021-05-31","2125",TRUE,"Positive (DNQ)"
"Troqueer","2021-07-01","63443",TRUE,"Positive"
"Troqueer","2020-09-01","0",TRUE,"Negative"
"Troqueer","2021-09-01","316468",TRUE,"Positive"
"Troqueer","2021-11-01","214676",TRUE,"Positive"
"Troqueer","2021-03-02","3245",TRUE,"Positive (DNQ)"
"Troqueer","2021-06-02","449",TRUE,"Weak Positive"
"Troqueer","2021-09-02","147116",TRUE,"Positive"
"Troqueer","2020-11-02","21239",TRUE,"Positive"
"Troqueer","2021-06-03","2497",TRUE,"Positive (DNQ)"
"Troqueer","2021-08-03","36717",TRUE,"Positive"
"Troqueer","2021-03-04","5209",TRUE,"Positive (DNQ)"
"Troqueer","2020-12-04","3041",TRUE,"Positive (DNQ)"
"Troqueer","2021-07-05","47531",TRUE,"Positive"
"Troqueer","2021-08-05","22143",TRUE,"Positive"
"Troqueer","2020-10-05","6783",TRUE,"Positive (DNQ)"
"Troqueer","2021-04-06","0",TRUE,"Negative"
"Troqueer","2021-10-06","136638",TRUE,"Positive"
"Troqueer","2021-01-07","27997",TRUE,"Positive"
"Troqueer","2021-05-07","0",TRUE,"Negative"
"Troqueer","2021-06-07","733",TRUE,"Weak Positive"
"Troqueer","2021-07-07","52715",TRUE,"Positive"
"Troqueer","2021-09-07","393696",TRUE,"Positive"
"Troqueer","2021-10-07","128895",TRUE,"Positive"
"Troqueer","2021-12-07","26227",TRUE,"Positive"
"Troqueer","2021-02-08","25175",TRUE,"Positive"
"Troqueer","2021-03-08","3820",TRUE,"Positive (DNQ)"
"Troqueer","2021-04-08","0",TRUE,"Negative"
"Troqueer","2020-09-08","626",TRUE,"Weak Positive"
"Troqueer","2021-11-08","128778",TRUE,"Positive"
"Troqueer","2021-09-09",,FALSE,"Analysis Failed"
"Troqueer","2021-03-10","3754",TRUE,"Positive (DNQ)"
"Troqueer","2021-05-10","410",TRUE,"Weak Positive"
"Troqueer","2021-06-10","3235",TRUE,"Positive (DNQ)"
"Troqueer","2021-08-10","15957",TRUE,"Positive"
"Troqueer","2020-11-10","6641",TRUE,"Positive (DNQ)"
"Troqueer","2021-11-10","112318",TRUE,"Positive"
"Troqueer","2021-12-10","69491",TRUE,"Positive"
"Troqueer","2021-08-11","107305",TRUE,"Positive"
"Troqueer","2020-12-11","5246",TRUE,"Positive (DNQ)"
"Troqueer","2021-04-12","0",TRUE,"Negative"
"Troqueer","2021-05-12","0",TRUE,"Negative"
"Troqueer","2021-01-13","207888",TRUE,"Positive"
"Troqueer","2021-07-13","25732",TRUE,"Positive"
"Troqueer","2021-09-13","421159",TRUE,"Positive"
"Troqueer","2021-10-13","104609",TRUE,"Positive"
"Troqueer","2021-04-14","0",TRUE,"Negative"
"Troqueer","2021-06-14","3259",TRUE,"Positive (DNQ)"
"Troqueer","2021-09-14","175686",TRUE,"Positive"
"Troqueer","2020-10-14","20122",TRUE,"Positive"
"Troqueer","2021-03-15","968",TRUE,"Weak Positive"
"Troqueer","2021-06-15","1516",TRUE,"Positive (DNQ)"
"Troqueer","2021-11-15","167516",TRUE,"Positive"
"Troqueer","2020-12-15","1667",TRUE,"Positive (DNQ)"
"Troqueer","2020-09-16","0",TRUE,"Negative"
"Troqueer","2021-03-17","6489",TRUE,"Positive (DNQ)"
"Troqueer","2021-05-17","700",TRUE,"Weak Positive"
"Troqueer","2021-11-17","45359",TRUE,"Positive"
"Troqueer","2021-12-17","256381",TRUE,"Positive"
"Troqueer","2021-06-18","42902",TRUE,"Positive"
"Troqueer","2021-10-18","93684",TRUE,"Positive"
"Troqueer","2021-05-19","0",TRUE,"Negative"
"Troqueer","2021-07-19","41926",TRUE,"Positive"
"Troqueer","2021-08-19","350389",TRUE,"Positive"
"Troqueer","2020-11-19","12588",TRUE,"Positive"
"Troqueer","2021-09-20","66630",TRUE,"Positive"
"Troqueer","2021-10-20","224632",TRUE,"Positive"
"Troqueer","2020-09-21","12869",TRUE,"Positive"
"Troqueer","2021-09-21","62621",TRUE,"Positive"
"Troqueer","2021-01-22","34365",TRUE,"Positive"
"Troqueer","2021-02-22","2558",TRUE,"Positive (DNQ)"
"Troqueer","2021-06-22","25166",TRUE,"Positive"
"Troqueer","2021-11-22","203617",TRUE,"Positive"
"Troqueer","2021-03-23","3757",TRUE,"Positive (DNQ)"
"Troqueer","2021-05-24",,FALSE,"Analysis Failed"
"Troqueer","2021-06-24","19554",TRUE,"Positive"
"Troqueer","2021-08-24","176295",TRUE,"Positive"
"Troqueer","2020-11-24","16982",TRUE,"Positive"
"Troqueer","2021-11-24","117922",TRUE,"Positive"
"Troqueer","2021-03-25","919",TRUE,"Weak Positive"
"Troqueer","2021-10-25","224803",TRUE,"Positive"
"Troqueer","2021-04-26","0",TRUE,"Negative"
"Troqueer","2021-08-26","119966",TRUE,"Positive"
"Troqueer","2020-10-26","0",TRUE,"Negative"
"Troqueer","2021-05-27","0",TRUE,"Negative"
"Troqueer","2021-09-27","204591",TRUE,"Positive"
"Troqueer","2020-10-27","2957",TRUE,"Positive (DNQ)"
"Troqueer","2021-09-28",,FALSE,"Analysis Failed"
"Troqueer","2021-10-28","154502",TRUE,"Positive"
"Troqueer","2021-01-29","10945",TRUE,"Positive"
"Troqueer","2021-03-29","0",TRUE,"Negative"
"Troqueer","2020-09-29","21340",TRUE,"Positive"
"Troqueer","2021-11-30","118241",TRUE,"Positive"
"Troqueer","2021-03-31","4997",TRUE,"Positive (DNQ)"
"Turriff","2021-07-01","28462",TRUE,"Positive"
"Turriff","2021-09-01","552930",TRUE,"Positive"
"Turriff","2021-11-01","23561",TRUE,"Positive"
"Turriff","2021-06-02","2358",TRUE,"Positive (DNQ)"
"Turriff","2021-09-03","1210042",TRUE,"Positive"
"Turriff","2021-11-03","103859",TRUE,"Positive"
"Turriff","2021-05-04",,FALSE,"Analysis Failed"
"Turriff","2021-06-04","0",TRUE,"Negative"
"Turriff","2021-10-04","158347",TRUE,"Positive"
"Turriff","2021-05-06","0",TRUE,"Negative"
"Turriff","2021-09-06","587036",TRUE,"Positive"
"Turriff","2021-12-06","5180",TRUE,"Weak Positive"
"Turriff","2021-06-07",,FALSE,"Analysis Failed"
"Turriff","2021-11-08","191214",TRUE,"Positive"
"Turriff","2021-07-09","28677",TRUE,"Positive"
"Turriff","2021-11-10","66073",TRUE,"Positive"
"Turriff","2021-05-11","0",TRUE,"Negative"
"Turriff","2021-06-11","0",TRUE,"Negative"
"Turriff","2021-04-12","0",TRUE,"Negative"
"Turriff","2021-05-13","0",TRUE,"Negative"
"Turriff","2021-07-13","12378",TRUE,"Positive"
"Turriff","2021-06-14","1667",TRUE,"Positive (DNQ)"
"Turriff","2021-11-15","58607",TRUE,"Positive"
"Turriff","2021-06-17","1228",TRUE,"Weak Positive"
"Turriff","2021-05-19","3254",TRUE,"Positive (DNQ)"
"Turriff","2021-08-19","36166",TRUE,"Positive"
"Turriff","2021-05-20","0",TRUE,"Negative"
"Turriff","2021-07-20","0",TRUE,"Negative"
"Turriff","2021-10-20","0",TRUE,"Negative"
"Turriff","2021-06-21","505",TRUE,"Weak Positive"
"Turriff","2021-11-22","32370",TRUE,"Positive"
"Turriff","2021-06-23","8622",TRUE,"Positive (DNQ)"
"Turriff","2021-11-24","130344",TRUE,"Positive"
"Turriff","2021-10-25","366346",TRUE,"Positive"
"Turriff","2021-05-26","465",TRUE,"Weak Positive"
"Turriff","2021-04-27","0",TRUE,"Negative"
"Turriff","2021-07-27","0",TRUE,"Negative"
"Turriff","2021-08-27","24464",TRUE,"Positive"
"Turriff","2021-10-27","141578",TRUE,"Positive"
"Turriff","2021-05-28","7021",TRUE,"Positive (DNQ)"
"Turriff","2021-04-29","0",TRUE,"Negative"
"Turriff","2021-06-29","13049",TRUE,"Positive"
"Turriff","2021-07-29","3159",TRUE,"Weak Positive"
"Turriff","2021-09-30","42651",TRUE,"Positive"
"Uplawmoor","2021-04-01","0",TRUE,"Negative"
"Uplawmoor","2021-03-02","0",TRUE,"Negative"
"Uplawmoor","2021-03-03","535",TRUE,"Weak Positive"
"Uplawmoor","2021-04-08","0",TRUE,"Negative"
"Uplawmoor","2021-04-09","427",TRUE,"Weak Positive"
"Uplawmoor","2021-03-10","700",TRUE,"Weak Positive"
"Uplawmoor","2021-03-16","0",TRUE,"Negative"
"Uplawmoor","2021-02-17","0",TRUE,"Negative"
"Uplawmoor","2021-03-17",,FALSE,"Analysis Failed"
"Uplawmoor","2021-02-18","0",TRUE,"Negative"
"Uplawmoor","2021-02-24","607",TRUE,"Weak Positive"
"Uplawmoor","2021-03-25","0",TRUE,"Negative"
"Uplawmoor","2021-02-26","2441",TRUE,"Positive (DNQ)"
"Uplawmoor","2021-03-26","0",TRUE,"Negative"
"Uplawmoor","2021-03-31",,FALSE,"Analysis Failed"
"Whitburn","2021-02-01","38975",TRUE,"Positive"
"Whitburn","2021-03-01","19732",TRUE,"Positive"
"Whitburn","2021-09-01","458032",TRUE,"Positive"
"Whitburn","2021-11-01","71807",TRUE,"Positive"
"Whitburn","2021-06-02","28160",TRUE,"Positive"
"Whitburn","2021-05-03","3362",TRUE,"Positive (DNQ)"
"Whitburn","2021-11-03","151102",TRUE,"Positive"
"Whitburn","2021-01-04","60622",TRUE,"Positive"
"Whitburn","2021-03-04","147885",TRUE,"Positive"
"Whitburn","2021-04-05","18349",TRUE,"Positive"
"Whitburn","2021-05-05","6633",TRUE,"Positive (DNQ)"
"Whitburn","2021-07-05","94078",TRUE,"Positive"
"Whitburn","2021-09-06","1600795",TRUE,"Positive"
"Whitburn","2021-12-06","197729",TRUE,"Positive"
"Whitburn","2021-04-07","1360",TRUE,"Weak Positive"
"Whitburn","2021-06-07","25500",TRUE,"Positive"
"Whitburn","2021-07-07","101881",TRUE,"Positive"
"Whitburn","2021-10-07","98047",TRUE,"Positive"
"Whitburn","2021-02-08","487578",TRUE,"Positive"
"Whitburn","2021-03-08","118829",TRUE,"Positive"
"Whitburn","2021-11-08","119349",TRUE,"Positive"
"Whitburn","2021-12-08","20244",TRUE,"Positive"
"Whitburn","2021-06-09","18637",TRUE,"Positive"
"Whitburn","2021-03-10","21506",TRUE,"Positive"
"Whitburn","2021-05-10","2002",TRUE,"Positive (DNQ)"
"Whitburn","2021-11-10","110421",TRUE,"Positive"
"Whitburn","2021-12-10","49685",TRUE,"Positive"
"Whitburn","2021-01-11","64903",TRUE,"Positive"
"Whitburn","2021-10-11","133027",TRUE,"Positive"
"Whitburn","2021-04-12","1110",TRUE,"Weak Positive"
"Whitburn","2021-05-12","5710",TRUE,"Positive (DNQ)"
"Whitburn","2021-07-12","475173",TRUE,"Positive"
"Whitburn","2021-09-13","492922",TRUE,"Positive"
"Whitburn","2021-10-13","222586",TRUE,"Positive"
"Whitburn","2021-12-13","149444",TRUE,"Positive"
"Whitburn","2021-04-14","0",TRUE,"Negative"
"Whitburn","2021-06-14","14435",TRUE,"Positive"
"Whitburn","2021-02-15","110144",TRUE,"Positive"
"Whitburn","2021-03-15","1994",TRUE,"Positive (DNQ)"
"Whitburn","2021-09-15","338420",TRUE,"Positive"
"Whitburn","2021-11-15","90860",TRUE,"Positive"
"Whitburn","2021-12-15","106771",TRUE,"Positive"
"Whitburn","2021-06-16","57057",TRUE,"Positive"
"Whitburn","2021-03-17","8691",TRUE,"Positive (DNQ)"
"Whitburn","2021-05-17","2901",TRUE,"Positive (DNQ)"
"Whitburn","2020-12-17","53694",TRUE,"Positive"
"Whitburn","2021-12-17","207498",TRUE,"Positive"
"Whitburn","2021-01-18","142094",TRUE,"Positive"
"Whitburn","2021-10-18","55824",TRUE,"Positive"
"Whitburn","2021-07-19","207357",TRUE,"Positive"
"Whitburn","2021-09-20","33467",TRUE,"Positive"
"Whitburn","2021-10-20","90380",TRUE,"Positive"
"Whitburn","2021-12-20","171151",TRUE,"Positive"
"Whitburn","2021-06-21","33433",TRUE,"Positive"
"Whitburn","2021-07-21","167252",TRUE,"Positive"
"Whitburn","2020-12-21","5550",TRUE,"Positive (DNQ)"
"Whitburn","2021-02-22","50931",TRUE,"Positive"
"Whitburn","2021-03-22","6128",TRUE,"Positive (DNQ)"
"Whitburn","2021-11-22","148743",TRUE,"Positive"
"Whitburn","2021-06-23","177912",TRUE,"Positive"
"Whitburn","2021-03-24","7964",TRUE,"Positive (DNQ)"
"Whitburn","2021-05-24","483",TRUE,"Weak Positive"
"Whitburn","2021-11-24","88020",TRUE,"Positive"
"Whitburn","2021-01-25","168999",TRUE,"Positive"
"Whitburn","2021-10-25","124166",TRUE,"Positive"
"Whitburn","2021-04-26","1473",TRUE,"Positive (DNQ)"
"Whitburn","2021-07-26","79766",TRUE,"Positive"
"Whitburn","2021-10-27","139033",TRUE,"Positive"
"Whitburn","2021-04-28","1827",TRUE,"Positive (DNQ)"
"Whitburn","2021-06-28","111971",TRUE,"Positive"
"Whitburn","2021-03-29","8819",TRUE,"Positive (DNQ)"
"Whitburn","2021-09-29","67333",TRUE,"Positive"
"Whitburn","2021-11-29","76436",TRUE,"Positive"
"Whitburn","2021-12-29","462798",TRUE,"Positive"
"Whitburn","2021-06-30","39067",TRUE,"Positive"
"Whitburn","2021-08-30","499724",TRUE,"Positive"
"Whitburn","2020-12-30","6187",TRUE,"Positive (DNQ)"
"Whitburn","2021-03-31","2406",TRUE,"Positive (DNQ)"
"Whitburn","2021-05-31","3099",TRUE,"Positive (DNQ)"
"Wick","2021-12-06","17106",TRUE,"Positive"
"Wick","2021-12-13","31679",TRUE,"Positive"
"Wick","2021-11-15","176891",TRUE,"Positive"
"Wick","2021-12-16","74776",TRUE,"Positive"
"Wick","2021-11-17","59977",TRUE,"Positive"
"Wick","2021-11-22","22787",TRUE,"Positive"
"Wick","2021-11-24","50814",TRUE,"Positive"
"Wick","2021-11-29","6016",TRUE,"Weak Positive"
"Winchburgh","2021-07-01","78219",TRUE,"Positive"
"Winchburgh","2021-10-01","216856",TRUE,"Positive"
"Winchburgh","2021-04-02","0",TRUE,"Negative"
"Winchburgh","2021-06-02","9150",TRUE,"Positive (DNQ)"
"Winchburgh","2021-11-02","97328",TRUE,"Positive"
"Winchburgh","2021-09-03","0",TRUE,"Negative"
"Winchburgh","2021-02-04","1287",TRUE,"Positive (DNQ)"
"Winchburgh","2021-03-04","4765",TRUE,"Positive (DNQ)"
"Winchburgh","2021-05-04","0",TRUE,"Negative"
"Winchburgh","2021-11-04","142947",TRUE,"Positive"
"Winchburgh","2021-02-05","6384",TRUE,"Positive (DNQ)"
"Winchburgh","2021-03-05","5161",TRUE,"Positive (DNQ)"
"Winchburgh","2021-05-05","12537",TRUE,"Positive"
"Winchburgh","2021-04-06","0",TRUE,"Negative"
"Winchburgh","2021-07-06","89273",TRUE,"Positive"
"Winchburgh","2021-04-07","500",TRUE,"Weak Positive"
"Winchburgh","2021-06-07","15676",TRUE,"Positive"
"Winchburgh","2021-12-07","123804",TRUE,"Positive"
"Winchburgh","2021-01-08","25703",TRUE,"Positive"
"Winchburgh","2021-07-08","76980",TRUE,"Positive"
"Winchburgh","2021-09-08","2340",TRUE,"Weak Positive"
"Winchburgh","2021-06-09","15387",TRUE,"Positive"
"Winchburgh","2021-11-09","211044",TRUE,"Positive"
"Winchburgh","2021-05-10","0",TRUE,"Negative"
"Winchburgh","2021-02-11","16477",TRUE,"Positive"
"Winchburgh","2021-03-11","53969",TRUE,"Positive"
"Winchburgh","2021-05-11","368",TRUE,"Weak Positive"
"Winchburgh","2021-11-11","46155",TRUE,"Positive"
"Winchburgh","2021-03-12","16040",TRUE,"Positive"
"Winchburgh","2021-07-12","266669",TRUE,"Positive"
"Winchburgh","2021-01-13","19745",TRUE,"Positive"
"Winchburgh","2021-04-13","0",TRUE,"Negative"
"Winchburgh","2021-04-14","0",TRUE,"Negative"
"Winchburgh","2021-06-14","12505",TRUE,"Positive"
"Winchburgh","2021-09-14","334239",TRUE,"Positive"
"Winchburgh","2021-10-14","93579",TRUE,"Positive"
"Winchburgh","2020-12-14","6595",TRUE,"Positive (DNQ)"
"Winchburgh","2021-12-14","307884",TRUE,"Positive"
"Winchburgh","2021-02-15","19474",TRUE,"Positive"
"Winchburgh","2021-06-16","8358",TRUE,"Positive (DNQ)"
"Winchburgh","2021-09-16","476457",TRUE,"Positive"
"Winchburgh","2021-11-16","103289",TRUE,"Positive"
"Winchburgh","2021-12-16","360778",TRUE,"Positive"
"Winchburgh","2021-03-17","28038",TRUE,"Positive"
"Winchburgh","2021-02-18","13550",TRUE,"Positive"
"Winchburgh","2021-03-18","35340",TRUE,"Positive"
"Winchburgh","2021-10-18","13680",TRUE,"Positive"
"Winchburgh","2021-11-18","175734",TRUE,"Positive"
"Winchburgh","2021-05-19","564",TRUE,"Weak Positive"
"Winchburgh","2021-07-20","159972",TRUE,"Positive"
"Winchburgh","2021-12-20","603496",TRUE,"Positive"
"Winchburgh","2021-01-21","615",TRUE,"Weak Positive"
"Winchburgh","2021-05-21","0",TRUE,"Negative"
"Winchburgh","2021-06-21","63331",TRUE,"Positive"
"Winchburgh","2021-09-21","252146",TRUE,"Positive"
"Winchburgh","2021-10-21","69259",TRUE,"Positive"
"Winchburgh","2021-02-23","84920",TRUE,"Positive"
"Winchburgh","2021-03-23","33220",TRUE,"Positive"
"Winchburgh","2021-06-23","64958",TRUE,"Positive"
"Winchburgh","2021-07-23","410915",TRUE,"Positive"
"Winchburgh","2021-08-23","135415",TRUE,"Positive"
"Winchburgh","2021-09-23","338746",TRUE,"Positive"
"Winchburgh","2021-11-23","9619",TRUE,"Positive"
"Winchburgh","2021-02-25","14092",TRUE,"Positive"
"Winchburgh","2021-03-25","3489",TRUE,"Positive (DNQ)"
"Winchburgh","2021-11-25","62391",TRUE,"Positive"
"Winchburgh","2021-04-26","0",TRUE,"Negative"
"Winchburgh","2021-05-26","24900",TRUE,"Positive"
"Winchburgh","2021-10-26","337298",TRUE,"Positive"
"Winchburgh","2021-07-27","179224",TRUE,"Positive"
"Winchburgh","2021-05-28","23941",TRUE,"Positive"
"Winchburgh","2021-06-28","54331",TRUE,"Positive"
"Winchburgh","2021-10-28","183367",TRUE,"Positive"
"Winchburgh","2021-01-29","1324",TRUE,"Weak Positive"
"Winchburgh","2021-03-29","1567",TRUE,"Positive (DNQ)"
"Winchburgh","2021-07-29","41301",TRUE,"Positive"
"Winchburgh","2021-11-30","13074",TRUE,"Positive"
"Winchburgh","2021-05-31","0",TRUE,"Negative"
"Winchburgh","2021-08-31","4764",TRUE,"Weak Positive"
